employee_id,quarter,site_id,manager_id,role,job_level,employment_type,hire_date,tenure_years,age_band,pay_hourly,commute_miles,caseload,overtime_hours,training_completed,engagement,left_org,exit_reason
E10001,2024Q1,S1,M03,Case Manager,2,Full-time,2021-08-03,2.4,50+,33.25,9.3,34,11.6,0,4,0,
E10002,2024Q1,S1,M01,Case Manager,2,Full-time,2022-06-13,1.6,30-39,31.75,3.1,38,54.4,0,2,0,
E10003,2024Q1,S1,M01,Home Health Aide,2,Part-time,2011-05-25,12.6,40-49,27.25,17.1,14,30.7,0,4,0,
E10004,2024Q1,S1,M05,Driver,1,Part-time,2023-09-06,0.3,50+,23.25,7.0,0,23.1,1,4,0,
E10005,2024Q1,S1,M02,Nurse,2,Full-time,2022-10-30,1.2,Under 30,50.5,9.9,30,42.5,0,4,0,
E10006,2024Q1,S1,M05,Nurse,4,Full-time,2012-11-23,11.1,40-49,64.0,3.7,26,53.0,1,4,0,
E10007,2024Q1,S1,M03,Case Manager,2,Full-time,2022-11-16,1.1,30-39,30.75,17.1,40,47.7,0,,1,Workload or schedule
E10008,2024Q1,S1,M01,Supervisor,4,Full-time,2020-08-09,3.4,40-49,44.75,19.3,0,47.9,1,,0,
E10009,2024Q1,S1,M03,Case Manager,2,Full-time,2023-02-05,0.9,30-39,30.5,4.3,26,14.3,0,,0,
E10010,2024Q1,S1,M04,Home Health Aide,1,Full-time,2020-08-21,3.4,Under 30,20.25,6.2,22,68.5,0,,0,
E10011,2024Q1,S1,M05,Driver,1,Part-time,2023-12-31,0.0,30-39,20.75,4.8,0,0.0,0,4,0,
E10012,2024Q1,S1,M04,Admin,2,Full-time,2021-05-16,2.6,50+,24.5,5.8,0,44.9,0,,0,
E10013,2024Q1,S1,M05,Home Health Aide,1,Part-time,2022-07-22,1.4,30-39,20.5,7.1,9,0.0,0,4,0,
E10014,2024Q1,S1,M02,Case Manager,2,Full-time,2022-03-15,1.8,30-39,29.75,5.8,26,20.8,0,5,0,
E10015,2024Q1,S1,M01,Admin,1,Full-time,2019-12-01,4.1,Under 30,28.5,10.6,0,39.4,0,2,0,
E10016,2024Q1,S1,M05,Driver,2,Part-time,2019-12-28,4.0,Under 30,24.75,18.1,0,0.0,0,4,0,
E10017,2024Q1,S1,M04,Driver,1,Full-time,2022-12-06,1.1,30-39,22.75,2.6,0,25.2,0,3,0,
E10018,2024Q1,S1,M03,Driver,2,Part-time,2021-09-30,2.3,Under 30,24.5,8.6,0,12.7,0,,0,
E10019,2024Q1,S1,M05,Admin,1,Part-time,2023-04-23,0.7,30-39,27.0,5.1,0,23.7,0,3,0,
E10020,2024Q1,S1,M02,Nurse,3,Full-time,2011-05-07,12.7,30-39,58.25,14.7,27,43.7,0,3,0,
E10021,2024Q1,S1,M05,Home Health Aide,1,Full-time,2012-02-19,11.9,40-49,23.5,2.2,31,69.2,1,4,0,
E10022,2024Q1,S1,M02,Intake Coordinator,2,Full-time,2023-05-20,0.6,30-39,25.5,4.9,0,38.3,0,5,0,
E10023,2024Q1,S1,M02,Admin,3,Part-time,2020-02-05,3.9,30-39,30.75,6.3,0,2.0,1,4,0,
E10024,2024Q1,S1,M05,Home Health Aide,1,Part-time,2023-03-18,0.8,Under 30,20.5,5.1,12,0.0,0,3,0,
E10025,2024Q1,S1,M04,Case Manager,3,Full-time,2019-06-24,4.5,Under 30,31.0,10.7,46,98.2,1,,0,
E10026,2024Q1,S1,M04,Nurse,3,Full-time,2019-02-17,4.9,40-49,58.75,7.5,28,46.2,0,,0,
E10027,2024Q1,S1,M01,Nurse,3,Part-time,2022-12-13,1.1,Under 30,48.25,23.1,21,42.3,1,4,0,
E10028,2024Q1,S1,M01,Nurse,2,Full-time,2023-05-18,0.6,40-49,49.75,9.7,20,36.8,0,3,0,
E10029,2024Q1,S1,M01,Home Health Aide,1,Full-time,2022-03-20,1.8,50+,21.0,8.9,24,70.4,1,,0,
E10030,2024Q1,S1,M01,Driver,1,Part-time,2023-10-29,0.2,40-49,21.25,9.0,0,27.0,0,3,0,
E10031,2024Q1,S1,M01,Case Manager,2,Part-time,2022-03-05,1.8,30-39,27.75,5.3,20,0.0,1,3,0,
E10032,2024Q1,S1,M03,Home Health Aide,2,Full-time,2016-12-21,7.0,Under 30,22.5,12.9,17,13.3,0,4,0,
E10033,2024Q1,S1,M03,Case Manager,3,Full-time,2020-12-26,3.0,30-39,31.75,4.2,28,36.7,0,,0,
E10034,2024Q1,S1,M03,Admin,2,Full-time,2021-05-30,2.6,40-49,27.0,8.5,0,37.0,0,2,0,
E10035,2024Q1,S1,M04,Nurse,2,Full-time,2022-12-23,1.0,40-49,49.75,16.2,20,40.3,1,,0,
E10036,2024Q1,S1,M02,Home Health Aide,1,Part-time,2022-03-18,1.8,30-39,20.25,7.0,4,0.0,1,5,0,
E10037,2024Q1,S1,M03,Supervisor,4,Full-time,2020-02-18,3.9,40-49,42.25,16.5,0,48.4,0,3,0,
E10038,2024Q1,S1,M03,Admin,1,Full-time,2022-09-11,1.3,40-49,25.75,10.9,0,30.5,0,4,0,
E10039,2024Q1,S1,M04,Case Manager,2,Full-time,2023-04-11,0.7,30-39,29.0,27.2,38,67.5,1,3,0,
E10040,2024Q1,S1,M01,Case Manager,2,Full-time,2018-09-10,5.3,Under 30,35.0,4.4,36,61.5,0,,0,
E10041,2024Q1,S1,M03,Admin,3,Part-time,2016-04-30,7.7,40-49,29.0,10.1,0,23.0,1,4,0,
E10042,2024Q1,S1,M04,Supervisor,3,Full-time,2019-04-23,4.7,30-39,41.0,2.6,0,32.6,1,4,0,
E10043,2024Q1,S1,M01,Home Health Aide,1,Full-time,2015-03-06,8.8,30-39,23.5,15.2,20,28.9,1,4,0,
E10044,2024Q1,S1,M05,Case Manager,2,Full-time,2020-07-17,3.5,30-39,30.75,5.0,35,50.6,0,4,0,
E10045,2024Q1,S1,M01,Home Health Aide,1,Full-time,2019-08-02,4.4,40-49,25.75,1.9,19,39.0,1,,0,
E10046,2024Q1,S1,M05,Nurse,3,Part-time,2023-08-30,0.3,30-39,46.75,3.4,13,13.3,1,3,0,
E10047,2024Q1,S1,M02,Home Health Aide,1,Part-time,2023-10-20,0.2,40-49,20.5,3.1,15,5.7,1,5,0,
E10048,2024Q1,S1,M04,Home Health Aide,1,Full-time,2022-02-25,1.8,30-39,22.0,18.3,23,49.1,1,3,0,
E10049,2024Q1,S1,M02,Driver,2,Full-time,2011-10-20,12.2,Under 30,27.5,5.0,0,3.4,1,4,0,
E10050,2024Q1,S1,M01,Case Manager,2,Full-time,2023-06-21,0.5,Under 30,29.5,3.2,28,7.1,0,3,0,
E10051,2024Q1,S1,M03,Nurse,2,Full-time,2023-03-14,0.8,40-49,49.5,3.7,22,27.0,0,,0,
E10052,2024Q1,S1,M01,Nurse,2,Full-time,2020-09-02,3.3,40-49,54.0,5.6,22,22.0,0,2,0,
E10053,2024Q1,S1,M05,Case Manager,2,Full-time,2021-09-11,2.3,40-49,30.25,5.9,35,37.3,1,3,0,
E10054,2024Q1,S1,M03,Driver,1,Part-time,2012-03-07,11.8,30-39,25.0,5.3,0,0.0,0,4,0,
E10055,2024Q1,S1,M05,Intake Coordinator,1,Part-time,2022-12-08,1.1,30-39,26.0,3.2,0,11.3,1,5,0,
E10056,2024Q1,S1,M02,Intake Coordinator,3,Full-time,2018-08-14,5.4,50+,25.0,6.1,0,28.3,0,5,0,
E10057,2024Q1,S1,M02,Home Health Aide,1,Full-time,2023-07-08,0.5,30-39,20.5,11.2,25,46.7,1,,0,
E10058,2024Q1,S1,M04,Nurse,2,Full-time,2022-08-25,1.4,Under 30,55.0,14.1,26,48.1,0,,0,
E10059,2024Q1,S1,M03,Case Manager,2,Full-time,2021-09-14,2.3,40-49,31.5,6.6,36,69.1,1,1,0,
E10060,2024Q1,S1,M02,Supervisor,3,Full-time,2021-06-17,2.5,40-49,35.75,5.9,0,30.5,1,4,0,
E10061,2024Q1,S1,M01,Home Health Aide,1,Full-time,2019-02-15,4.9,30-39,25.0,6.3,25,57.1,1,4,0,
E10062,2024Q1,S1,M03,Home Health Aide,1,Full-time,2023-06-07,0.6,30-39,18.25,37.1,28,71.9,0,,0,
E10063,2024Q1,S1,M03,Home Health Aide,2,Part-time,2016-09-08,7.3,50+,23.25,27.9,18,25.5,0,4,0,
E10064,2024Q1,S1,M02,Admin,3,Full-time,2019-07-19,4.5,50+,27.75,3.1,0,39.7,1,4,0,
E10065,2024Q1,S1,M03,Admin,1,Part-time,2011-06-26,12.5,40-49,35.75,2.5,0,12.9,0,,0,
E10066,2024Q1,S1,M04,Case Manager,3,Full-time,2018-01-31,5.9,Under 30,32.25,6.4,43,81.5,0,1,0,
E10067,2024Q1,S1,M04,Case Manager,2,Full-time,2021-10-11,2.2,30-39,27.75,7.4,35,51.4,1,,0,
E10068,2024Q1,S1,M04,Driver,2,Full-time,2020-05-14,3.6,40-49,23.25,2.5,0,33.6,1,3,0,
E10069,2024Q1,S1,M03,Intake Coordinator,2,Full-time,2023-04-05,0.7,30-39,25.25,3.3,0,55.1,1,2,0,
E10070,2024Q1,S1,M05,Admin,1,Full-time,2021-12-28,2.0,40-49,25.25,6.3,0,51.2,0,4,0,
E10071,2024Q1,S2,M08,Home Health Aide,1,Part-time,2018-03-23,5.8,40-49,23.25,3.6,11,28.0,0,2,0,
E10072,2024Q1,S2,M07,Driver,1,Full-time,2020-08-07,3.4,30-39,23.0,9.0,0,42.5,0,4,0,
E10073,2024Q1,S2,M07,Home Health Aide,1,Part-time,2015-09-30,8.3,40-49,24.75,8.5,12,24.4,1,3,0,
E10074,2024Q1,S2,M07,Supervisor,3,Full-time,2023-11-27,0.1,50+,37.5,6.0,0,60.1,0,1,0,
E10075,2024Q1,S2,M07,Intake Coordinator,1,Full-time,2023-08-24,0.4,30-39,23.75,11.3,0,5.7,1,4,0,
E10076,2024Q1,S2,M08,Driver,2,Part-time,2020-08-24,3.4,40-49,24.0,5.6,0,31.3,1,4,0,
E10077,2024Q1,S2,M09,Home Health Aide,1,Part-time,2020-01-16,4.0,40-49,22.5,3.9,14,7.5,1,,0,
E10078,2024Q1,S2,M09,Supervisor,4,Full-time,2018-08-27,5.3,Under 30,40.0,12.0,0,38.4,1,5,0,
E10079,2024Q1,S2,M09,Home Health Aide,1,Full-time,2020-09-25,3.3,40-49,21.5,7.4,23,50.8,0,,0,
E10080,2024Q1,S2,M09,Home Health Aide,1,Full-time,2022-05-25,1.6,Under 30,21.75,3.6,22,60.0,0,,0,
E10081,2024Q1,S2,M10,Home Health Aide,1,Full-time,2022-08-17,1.4,50+,21.75,11.5,23,74.5,0,,1,Workload or schedule
E10082,2024Q1,S2,M10,Case Manager,2,Full-time,2023-07-24,0.4,40-49,30.0,3.8,40,97.6,0,,1,
E10083,2024Q1,S2,M07,Supervisor,3,Full-time,2023-07-13,0.5,40-49,37.25,7.7,0,26.5,1,5,0,
E10084,2024Q1,S2,M08,Nurse,2,Full-time,2023-03-14,0.8,30-39,48.5,4.1,21,39.6,0,2,0,
E10085,2024Q1,S2,M10,Admin,1,Full-time,2020-07-16,3.5,Under 30,27.0,23.9,0,72.4,0,,1,
E10086,2024Q1,S2,M10,Admin,3,Part-time,2015-04-14,8.7,30-39,29.75,21.0,0,47.1,0,3,0,
E10087,2024Q1,S2,M07,Home Health Aide,2,Full-time,2011-06-06,12.6,50+,25.75,25.3,33,78.8,0,,0,
E10088,2024Q1,S2,M09,Home Health Aide,2,Full-time,2021-03-10,2.8,50+,19.75,4.4,19,30.6,1,4,0,
E10089,2024Q1,S2,M10,Nurse,4,Full-time,2018-03-13,5.8,30-39,54.25,3.6,31,59.7,0,2,0,
E10090,2024Q1,S2,M10,Supervisor,3,Full-time,2022-06-26,1.5,50+,38.75,8.4,0,34.0,0,,0,
E10091,2024Q1,S2,M09,Home Health Aide,1,Part-time,2022-10-29,1.2,30-39,19.25,3.3,14,15.0,1,,0,
E10092,2024Q1,S2,M06,Home Health Aide,1,Full-time,2021-05-18,2.6,30-39,22.75,5.1,15,27.2,1,,0,
E10093,2024Q1,S2,M09,Driver,1,Part-time,2023-09-06,0.3,50+,22.25,7.4,0,26.0,0,,1,Workload or schedule
E10094,2024Q1,S2,M06,Nurse,3,Part-time,2019-03-14,4.8,40-49,46.5,2.6,9,38.3,0,,1,Career change
E10095,2024Q1,S2,M10,Home Health Aide,1,Full-time,2022-07-14,1.5,30-39,21.0,5.5,13,34.7,0,3,0,
E10096,2024Q1,S2,M08,Driver,2,Full-time,2020-06-24,3.5,30-39,21.75,4.8,0,34.4,0,,0,
E10097,2024Q1,S2,M08,Nurse,2,Part-time,2023-10-22,0.2,30-39,47.5,10.7,18,28.0,1,,0,
E10098,2024Q1,S2,M09,Nurse,3,Full-time,2020-09-08,3.3,Under 30,55.25,10.0,30,73.4,1,,0,
E10099,2024Q1,S2,M08,Nurse,3,Full-time,2019-06-09,4.6,30-39,56.25,11.0,18,25.9,0,2,0,
E10100,2024Q1,S2,M09,Home Health Aide,1,Full-time,2022-10-11,1.2,40-49,20.25,3.6,18,11.3,0,4,0,
E10101,2024Q1,S2,M10,Nurse,3,Full-time,2021-10-02,2.2,Under 30,52.75,4.7,31,72.0,0,4,0,
E10102,2024Q1,S2,M06,Nurse,2,Full-time,2023-10-07,0.2,50+,55.0,13.2,27,63.8,0,3,1,
E10103,2024Q1,S2,M07,Case Manager,2,Full-time,2021-10-17,2.2,30-39,32.0,11.6,14,0.0,1,4,0,
E10104,2024Q1,S2,M10,Case Manager,3,Full-time,2015-10-27,8.2,40-49,34.75,3.7,38,74.1,0,1,0,
E10105,2024Q1,S2,M10,Admin,1,Full-time,2021-10-16,2.2,30-39,28.0,5.7,0,42.8,0,2,0,
E10106,2024Q1,S2,M06,Case Manager,2,Full-time,2022-08-24,1.4,Under 30,30.0,13.3,34,31.4,0,,0,
E10107,2024Q1,S2,M10,Case Manager,3,Full-time,2016-08-11,7.4,40-49,36.0,2.4,28,39.4,1,,0,
E10108,2024Q1,S2,M07,Home Health Aide,1,Full-time,2023-05-30,0.6,30-39,22.25,6.2,13,15.0,0,4,0,
E10109,2024Q1,S2,M07,Home Health Aide,1,Part-time,2012-11-01,11.2,50+,24.25,6.8,7,7.9,1,3,0,
E10110,2024Q1,S2,M10,Admin,1,Part-time,2016-08-26,7.3,Under 30,29.0,19.6,0,0.0,0,,0,
E10111,2024Q1,S2,M08,Home Health Aide,1,Full-time,2022-02-28,1.8,40-49,21.0,11.0,20,67.0,0,,0,
E10112,2024Q1,S2,M08,Home Health Aide,2,Full-time,2017-04-21,6.7,30-39,26.25,8.6,19,31.2,0,,1,
E10113,2024Q1,S2,M08,Admin,2,Full-time,2019-10-28,4.2,30-39,30.5,10.2,0,17.4,1,3,0,
E10114,2024Q1,S2,M10,Driver,1,Full-time,2023-09-10,0.3,Under 30,19.5,15.4,0,50.6,0,4,0,
E10115,2024Q1,S2,M06,Case Manager,3,Full-time,2006-05-01,17.7,40-49,39.0,7.6,40,76.8,0,1,1,Workload or schedule
E10116,2024Q1,S2,M08,Home Health Aide,2,Part-time,2019-09-15,4.3,30-39,20.5,2.9,19,42.6,0,,1,
E10117,2024Q1,S2,M06,Nurse,2,Full-time,2021-09-12,2.3,30-39,51.5,4.8,28,46.1,0,,0,
E10118,2024Q1,S2,M07,Home Health Aide,2,Full-time,2015-12-15,8.0,30-39,23.0,2.8,14,28.4,0,,0,
E10119,2024Q1,S2,M10,Nurse,3,Full-time,2022-07-26,1.4,50+,45.75,11.2,17,33.8,0,2,0,
E10120,2024Q1,S2,M09,Case Manager,3,Full-time,2021-05-17,2.6,Under 30,31.75,23.3,35,46.7,0,4,0,
E10121,2024Q1,S2,M09,Case Manager,2,Full-time,2019-06-11,4.6,50+,32.0,2.4,31,45.5,1,3,0,
E10122,2024Q1,S2,M07,Home Health Aide,1,Full-time,2018-07-20,5.5,40-49,22.0,20.1,24,57.3,0,2,0,
E10123,2024Q1,S2,M08,Case Manager,2,Full-time,2021-07-19,2.5,Under 30,31.25,6.0,37,68.6,1,,0,
E10124,2024Q1,S2,M07,Supervisor,3,Full-time,2018-07-09,5.5,40-49,43.75,7.3,0,61.0,0,3,0,
E10125,2024Q1,S2,M06,Case Manager,3,Full-time,2011-03-06,12.8,40-49,36.25,7.7,35,47.3,0,5,0,
E10126,2024Q1,S2,M08,Home Health Aide,1,Full-time,2020-06-08,3.6,30-39,21.25,3.1,16,34.4,0,,0,
E10127,2024Q1,S2,M09,Driver,2,Full-time,2019-07-09,4.5,50+,23.0,9.9,0,49.7,1,4,0,
E10128,2024Q1,S2,M07,Nurse,2,Full-time,2023-11-29,0.1,Under 30,50.5,17.2,34,51.5,0,,0,
E10129,2024Q1,S2,M10,Home Health Aide,1,Full-time,2023-08-04,0.4,40-49,19.0,14.0,19,67.2,1,,1,
E10130,2024Q1,S2,M10,Home Health Aide,2,Part-time,2019-02-18,4.9,30-39,22.75,11.5,5,0.1,1,,0,
E10131,2024Q1,S2,M06,Case Manager,2,Full-time,2023-04-21,0.7,Under 30,30.5,3.1,45,62.8,0,1,0,
E10132,2024Q1,S2,M07,Nurse,3,Full-time,2021-01-13,3.0,50+,52.25,6.9,28,10.8,1,3,0,
E10133,2024Q1,S2,M08,Home Health Aide,1,Part-time,2019-04-22,4.7,30-39,23.25,2.8,14,21.6,0,2,0,
E10134,2024Q1,S2,M07,Case Manager,2,Full-time,2020-07-02,3.5,Under 30,30.0,13.0,47,74.0,0,,1,
E10135,2024Q1,S2,M06,Home Health Aide,1,Part-time,2020-11-05,3.2,50+,20.25,17.2,11,27.9,0,1,0,
E10136,2024Q1,S3,M11,Driver,1,Full-time,2020-09-23,3.3,Under 30,22.25,3.4,0,64.0,0,,1,
E10137,2024Q1,S3,M12,Home Health Aide,2,Full-time,2019-02-21,4.9,50+,19.25,7.4,18,50.9,1,,0,
E10138,2024Q1,S3,M14,Case Manager,2,Full-time,2022-06-23,1.5,Under 30,27.25,23.1,16,4.2,0,2,0,
E10139,2024Q1,S3,M12,Home Health Aide,1,Full-time,2020-09-05,3.3,40-49,20.5,8.1,17,21.0,1,,0,
E10140,2024Q1,S3,M14,Nurse,3,Full-time,2022-07-07,1.5,40-49,46.25,22.6,22,40.4,1,3,0,
E10141,2024Q1,S3,M13,Intake Coordinator,2,Full-time,2023-04-21,0.7,30-39,23.5,13.5,0,50.4,1,,1,
E10142,2024Q1,S3,M13,Driver,2,Full-time,2022-07-29,1.4,Under 30,20.25,4.8,0,35.5,1,,0,
E10143,2024Q1,S3,M11,Case Manager,2,Full-time,2022-04-26,1.7,50+,29.25,35.2,26,41.7,0,,0,
E10144,2024Q1,S3,M11,Home Health Aide,1,Part-time,2014-11-30,9.1,Under 30,19.5,6.1,14,33.8,1,3,0,
E10145,2024Q1,S3,M14,Case Manager,2,Full-time,2014-03-09,9.8,30-39,30.0,25.3,22,21.6,0,,0,
E10146,2024Q1,S3,M14,Home Health Aide,2,Full-time,2018-07-13,5.5,40-49,21.0,25.1,16,33.4,0,,0,
E10147,2024Q1,S3,M14,Home Health Aide,2,Full-time,2014-02-05,9.9,40-49,23.25,5.7,13,25.9,1,,0,
E10148,2024Q1,S3,M11,Driver,1,Full-time,2020-06-23,3.5,Under 30,22.0,24.2,0,46.5,1,3,0,
E10149,2024Q1,S3,M14,Admin,1,Full-time,2023-06-07,0.6,40-49,24.75,14.6,0,0.0,0,2,0,
E10150,2024Q1,S3,M11,Case Manager,2,Full-time,2012-06-03,11.6,30-39,31.5,9.1,31,74.6,1,3,0,
E10151,2024Q1,S3,M14,Driver,1,Full-time,2021-02-12,2.9,40-49,20.75,3.8,0,46.0,0,3,0,
E10152,2024Q1,S3,M11,Intake Coordinator,1,Full-time,2023-06-03,0.6,30-39,21.0,4.9,0,41.7,1,,0,
E10153,2024Q1,S3,M11,Case Manager,2,Full-time,2023-09-01,0.3,30-39,27.0,6.4,33,59.7,0,2,0,
E10154,2024Q1,S3,M14,Case Manager,3,Full-time,2021-11-26,2.1,30-39,28.25,27.5,26,23.9,0,,0,
E10155,2024Q1,S3,M11,Case Manager,2,Full-time,2012-03-20,11.8,30-39,34.25,1.9,35,41.9,1,,0,
E10156,2024Q1,S3,M12,Home Health Aide,1,Part-time,2018-07-14,5.5,40-49,21.5,30.9,12,24.8,0,3,0,
E10157,2024Q1,S3,M13,Home Health Aide,2,Part-time,2018-07-18,5.5,30-39,21.25,5.4,10,26.9,0,3,0,
E10158,2024Q1,S3,M13,Case Manager,3,Full-time,2020-10-15,3.2,50+,26.75,5.2,29,36.8,0,,0,
E10159,2024Q1,S3,M11,Home Health Aide,1,Full-time,2010-05-30,13.6,Under 30,24.5,2.7,14,61.0,0,3,0,
E10160,2024Q1,S3,M12,Driver,1,Part-time,2020-10-23,3.2,40-49,18.5,8.3,0,42.4,0,,0,
E10161,2024Q1,S3,M11,Supervisor,3,Full-time,2022-08-28,1.3,50+,35.0,4.6,0,42.8,1,3,0,
E10162,2024Q1,S3,M13,Home Health Aide,1,Full-time,2021-08-04,2.4,Under 30,17.0,8.1,18,38.6,0,1,0,
E10163,2024Q1,S3,M12,Home Health Aide,1,Full-time,2023-02-17,0.9,30-39,20.25,7.3,29,76.1,1,1,1,Workload or schedule
E10164,2024Q1,S3,M13,Case Manager,3,Full-time,2022-03-20,1.8,30-39,28.25,5.8,30,63.0,0,,0,
E10165,2024Q1,S3,M11,Driver,1,Full-time,2021-11-03,2.2,30-39,21.5,15.8,0,44.0,0,2,0,
E10166,2024Q1,S3,M14,Supervisor,3,Full-time,2020-01-25,3.9,30-39,37.25,4.2,0,19.7,0,2,0,
E10167,2024Q1,S3,M11,Driver,1,Full-time,2023-06-03,0.6,30-39,22.0,6.1,0,39.8,0,3,0,
E10168,2024Q1,S3,M11,Intake Coordinator,1,Full-time,2023-11-26,0.1,Under 30,23.5,10.0,0,37.6,1,3,0,
E10169,2024Q1,S3,M12,Home Health Aide,2,Part-time,2019-10-18,4.2,Under 30,20.0,8.2,7,19.2,1,3,0,
E10170,2024Q1,S3,M11,Intake Coordinator,1,Full-time,2023-01-31,0.9,30-39,22.5,11.0,0,50.3,1,2,0,
E10171,2024Q1,S3,M14,Case Manager,2,Full-time,2023-04-17,0.7,30-39,26.5,9.9,22,38.1,0,1,0,
E10172,2024Q1,S3,M14,Intake Coordinator,1,Full-time,2021-05-27,2.6,50+,23.0,6.8,0,45.0,0,,0,
E10173,2024Q1,S3,M13,Driver,1,Full-time,2023-10-07,0.2,Under 30,18.0,2.8,0,25.9,0,4,0,
E10174,2024Q1,S3,M13,Home Health Aide,1,Part-time,2020-07-18,3.5,30-39,19.75,9.1,7,0.0,0,5,0,
E10175,2024Q1,S3,M12,Admin,1,Full-time,2023-09-19,0.3,50+,23.25,5.9,0,65.8,1,,0,
E10176,2024Q1,S3,M11,Nurse,3,Full-time,2021-12-30,2.0,50+,51.25,3.1,26,29.9,0,3,0,
E10177,2024Q1,S3,M12,Admin,1,Full-time,2017-12-11,6.1,30-39,26.25,52.3,0,42.9,0,2,0,
E10178,2024Q1,S3,M12,Case Manager,3,Full-time,2014-07-06,9.5,50+,29.25,13.6,27,50.8,0,,0,
E10179,2024Q1,S3,M13,Driver,1,Part-time,2019-09-15,4.3,30-39,19.75,7.3,0,5.8,0,,0,
E10180,2024Q1,S3,M12,Supervisor,4,Full-time,2017-09-27,6.3,Under 30,41.0,15.5,0,52.7,1,2,0,
E10181,2024Q1,S3,M13,Supervisor,4,Full-time,2022-06-24,1.5,Under 30,39.75,23.5,0,12.2,0,2,1,Workload or schedule
E10182,2024Q1,S3,M13,Supervisor,3,Full-time,2023-04-26,0.7,Under 30,39.0,10.5,0,27.7,0,3,0,
E10183,2024Q1,S3,M12,Home Health Aide,1,Full-time,2023-07-11,0.5,30-39,20.0,6.7,16,39.1,0,3,0,
E10184,2024Q1,S3,M14,Admin,1,Part-time,2023-11-02,0.2,30-39,22.5,26.5,0,32.4,1,,0,
E10185,2024Q1,S3,M12,Supervisor,4,Full-time,2020-06-18,3.5,50+,34.5,8.3,0,27.1,0,,0,
E10186,2024Q1,S3,M14,Nurse,4,Part-time,2020-03-25,3.8,Under 30,46.75,13.7,12,19.4,1,3,0,
E10187,2024Q1,S3,M12,Case Manager,2,Full-time,2016-10-10,7.2,Under 30,28.25,9.5,28,63.5,0,2,0,
E10188,2024Q1,S3,M12,Driver,2,Full-time,2015-07-12,8.5,Under 30,22.25,6.5,0,30.4,1,3,0,
E10189,2024Q1,S3,M13,Home Health Aide,1,Part-time,2022-01-18,2.0,50+,19.0,6.6,14,27.1,1,,0,
E10190,2024Q1,S3,M13,Home Health Aide,1,Full-time,2023-04-18,0.7,40-49,20.5,19.9,19,65.5,0,,1,
E10191,2024Q1,S4,M15,Home Health Aide,2,Full-time,2021-05-18,2.6,50+,20.5,10.2,18,19.9,1,,0,
E10192,2024Q1,S4,M18,Admin,2,Full-time,2020-07-28,3.4,30-39,23.5,7.6,0,44.9,0,,0,
E10193,2024Q1,S4,M17,Case Manager,2,Full-time,2018-04-28,5.7,50+,28.5,26.9,26,17.7,0,3,0,
E10194,2024Q1,S4,M16,Case Manager,3,Full-time,2018-06-04,5.6,40-49,30.5,9.9,37,33.7,0,3,0,
E10195,2024Q1,S4,M18,Driver,1,Full-time,2023-02-01,0.9,Under 30,20.5,41.3,0,65.1,0,,0,
E10196,2024Q1,S4,M15,Driver,1,Full-time,2017-04-03,6.7,40-49,25.5,20.1,0,27.4,1,,0,
E10197,2024Q1,S4,M17,Intake Coordinator,2,Full-time,2014-05-16,9.6,40-49,24.5,16.2,0,27.5,1,3,1,
E10198,2024Q1,S4,M16,Driver,1,Full-time,2010-10-27,13.2,30-39,25.25,27.7,0,24.2,0,4,1,Workload or schedule
E10199,2024Q1,S4,M16,Nurse,2,Full-time,2018-06-11,5.6,30-39,46.5,11.0,27,64.8,0,3,0,
E10200,2024Q1,S4,M15,Home Health Aide,1,Part-time,2022-04-20,1.7,Under 30,18.5,31.8,9,0.0,0,4,0,
E10201,2024Q1,S4,M16,Admin,2,Full-time,2021-06-23,2.5,Under 30,26.5,3.3,0,51.2,0,2,0,
E10202,2024Q1,S4,M18,Nurse,2,Full-time,2022-12-25,1.0,50+,45.5,30.0,16,21.2,0,3,0,
E10203,2024Q1,S4,M15,Nurse,3,Part-time,2022-09-29,1.3,Under 30,45.75,27.3,15,30.4,0,2,0,
E10204,2024Q1,S4,M17,Home Health Aide,1,Full-time,2022-12-12,1.1,30-39,19.75,5.1,18,48.5,1,3,0,
E10205,2024Q1,S4,M16,Home Health Aide,2,Part-time,2000-11-26,23.1,40-49,25.25,53.6,11,11.9,0,,0,
E10206,2024Q1,S4,M15,Case Manager,3,Full-time,2022-07-13,1.5,40-49,27.0,23.3,32,24.2,1,,0,
E10207,2024Q1,S4,M15,Home Health Aide,1,Full-time,2023-03-08,0.8,50+,21.25,21.5,16,32.4,0,3,0,
E10208,2024Q1,S4,M15,Intake Coordinator,3,Full-time,2016-09-12,7.3,40-49,23.0,9.1,0,38.6,0,,0,
E10209,2024Q1,S4,M15,Intake Coordinator,1,Full-time,2020-04-08,3.7,40-49,24.5,1.4,0,42.5,0,3,0,
E10210,2024Q1,S4,M17,Driver,1,Full-time,2023-02-18,0.9,50+,20.75,14.8,0,42.6,0,,0,
E10211,2024Q1,S4,M18,Nurse,3,Full-time,2019-02-24,4.9,Under 30,47.5,9.0,19,15.3,0,4,0,
E10212,2024Q1,S4,M16,Case Manager,2,Full-time,2023-10-13,0.2,50+,27.25,27.8,31,39.4,1,2,0,
E10213,2024Q1,S4,M18,Home Health Aide,1,Full-time,2022-05-13,1.6,30-39,20.25,15.2,19,24.3,0,3,0,
E10214,2024Q1,S4,M17,Admin,3,Full-time,2019-05-05,4.7,30-39,25.25,8.6,0,36.6,0,3,0,
E10215,2024Q1,S4,M18,Nurse,2,Full-time,2020-12-09,3.1,40-49,54.0,2.8,26,56.0,1,2,1,
E10216,2024Q1,S4,M18,Home Health Aide,1,Full-time,2016-02-19,7.9,50+,23.25,9.4,15,41.8,0,1,0,
E10217,2024Q1,S4,M18,Nurse,2,Full-time,2017-08-08,6.4,40-49,61.5,67.5,23,36.6,1,,0,
E10218,2024Q1,S4,M17,Home Health Aide,2,Part-time,2012-04-03,11.7,40-49,22.75,13.6,6,3.2,0,4,0,
E10219,2024Q1,S4,M17,Intake Coordinator,2,Full-time,2020-11-29,3.1,30-39,24.0,1.7,0,38.9,0,3,0,
E10220,2024Q1,S4,M15,Supervisor,4,Full-time,2017-09-02,6.3,Under 30,43.0,4.2,0,20.6,1,,0,
E10221,2024Q1,S4,M18,Home Health Aide,1,Full-time,2003-12-02,20.1,50+,25.5,6.7,20,62.0,1,2,1,
E10222,2024Q1,S4,M18,Case Manager,2,Full-time,2019-02-01,4.9,40-49,30.25,8.1,28,38.3,0,,0,
E10223,2024Q1,S4,M15,Case Manager,2,Full-time,2023-04-30,0.7,40-49,25.25,19.9,23,24.5,0,3,0,
E10224,2024Q1,S4,M17,Home Health Aide,1,Full-time,2016-05-10,7.6,50+,20.5,9.4,17,32.1,0,4,1,Workload or schedule
E10225,2024Q1,S4,M17,Supervisor,4,Full-time,2021-10-15,2.2,30-39,38.0,15.6,0,30.1,0,2,0,
E10226,2024Q1,S4,M16,Case Manager,2,Full-time,2022-11-09,1.1,50+,30.25,10.7,22,53.8,0,3,0,
E10227,2024Q1,S4,M18,Case Manager,2,Full-time,2022-02-01,1.9,30-39,27.0,12.1,42,79.0,0,,0,
E10228,2024Q1,S4,M17,Home Health Aide,1,Full-time,2020-08-12,3.4,Under 30,19.5,9.0,18,27.5,0,3,0,
E10229,2024Q1,S4,M18,Home Health Aide,2,Part-time,2015-10-13,8.2,50+,21.0,11.6,9,0.0,1,4,1,
E10230,2024Q1,S4,M18,Admin,3,Part-time,2017-12-05,6.1,50+,27.0,8.7,0,31.8,0,2,0,
E10231,2024Q1,S4,M15,Home Health Aide,1,Full-time,2020-11-01,3.2,30-39,18.0,12.8,21,72.4,1,2,0,
E10232,2024Q1,S4,M16,Driver,2,Full-time,2022-04-14,1.7,40-49,18.5,19.8,0,58.7,1,,0,
E10233,2024Q1,S4,M17,Case Manager,3,Full-time,2013-01-14,11.0,30-39,30.75,7.6,28,44.9,0,2,0,
E10234,2024Q1,S4,M15,Home Health Aide,1,Full-time,2015-02-04,8.9,30-39,21.75,32.8,18,52.0,0,2,0,
E10235,2024Q1,S4,M15,Home Health Aide,1,Full-time,2020-10-24,3.2,30-39,20.75,14.8,15,34.5,1,,0,
E10236,2024Q1,S4,M15,Driver,2,Full-time,2017-08-09,6.4,30-39,22.75,4.7,0,52.5,0,3,0,
E10237,2024Q1,S4,M15,Admin,2,Full-time,2021-08-15,2.4,30-39,27.0,10.1,0,31.9,0,3,0,
E10238,2024Q1,S4,M17,Intake Coordinator,1,Full-time,2023-06-29,0.5,30-39,21.5,4.6,0,36.4,0,2,0,
E10239,2024Q1,S4,M17,Nurse,2,Full-time,2021-10-12,2.2,40-49,53.0,20.8,25,30.5,0,2,0,
E10240,2024Q1,S4,M17,Nurse,2,Full-time,2021-07-21,2.4,50+,47.0,19.0,20,33.4,0,3,0,
E10241,2024Q1,S5,M22,Case Manager,3,Full-time,2020-02-12,3.9,50+,29.5,11.9,39,62.0,0,1,0,
E10242,2024Q1,S5,M20,Nurse,4,Full-time,2017-02-05,6.9,30-39,53.25,31.5,13,2.2,0,,0,
E10243,2024Q1,S5,M20,Nurse,3,Full-time,2019-06-02,4.6,30-39,53.75,13.7,26,60.6,0,,0,
E10244,2024Q1,S5,M22,Nurse,2,Full-time,2022-01-09,2.0,40-49,47.75,9.7,27,56.7,1,,0,
E10245,2024Q1,S5,M21,Home Health Aide,1,Part-time,2023-09-09,0.3,40-49,19.0,33.0,13,29.2,1,,0,
E10246,2024Q1,S5,M22,Driver,2,Full-time,2019-10-07,4.2,30-39,20.5,16.7,0,47.0,0,,0,
E10247,2024Q1,S5,M22,Case Manager,2,Full-time,2023-05-13,0.6,50+,30.0,4.6,25,32.3,0,,1,
E10248,2024Q1,S5,M19,Nurse,2,Full-time,2016-08-29,7.3,Under 30,52.25,35.4,26,55.8,0,,0,
E10249,2024Q1,S5,M21,Nurse,2,Part-time,2019-06-09,4.6,40-49,50.5,21.6,17,36.8,0,,0,
E10250,2024Q1,S5,M22,Driver,1,Full-time,2022-02-07,1.9,50+,21.25,15.2,0,74.3,0,,0,
E10251,2024Q1,S5,M22,Case Manager,2,Full-time,2020-09-23,3.3,30-39,28.5,7.9,37,67.2,0,,0,
E10252,2024Q1,S5,M21,Supervisor,3,Full-time,2022-09-11,1.3,40-49,37.25,14.6,0,38.2,0,1,1,
E10253,2024Q1,S5,M19,Home Health Aide,1,Full-time,2023-09-24,0.3,40-49,19.5,10.0,21,63.6,0,,0,
E10254,2024Q1,S5,M20,Nurse,3,Full-time,2018-02-07,5.9,30-39,54.0,10.9,22,48.2,1,,0,
E10255,2024Q1,S5,M21,Home Health Aide,2,Full-time,2018-12-07,5.1,Under 30,18.0,12.2,21,82.9,0,,0,
E10256,2024Q1,S5,M21,Home Health Aide,1,Part-time,2023-06-28,0.5,30-39,18.75,7.6,8,26.7,1,3,1,Career change
E10257,2024Q1,S5,M20,Supervisor,3,Full-time,2023-05-13,0.6,30-39,37.75,12.7,0,37.6,0,3,1,Workload or schedule
E10258,2024Q1,S5,M22,Case Manager,2,Full-time,2022-10-07,1.2,30-39,25.5,3.7,22,32.3,0,,0,
E10259,2024Q1,S5,M22,Case Manager,3,Part-time,2016-09-21,7.3,50+,31.25,12.2,9,0.0,0,,0,
E10260,2024Q1,S5,M22,Admin,1,Part-time,2023-09-26,0.3,30-39,22.0,15.7,0,4.7,0,,0,
E10261,2024Q1,S5,M20,Home Health Aide,2,Full-time,2014-12-05,9.1,30-39,24.75,9.6,23,80.2,0,2,0,
E10262,2024Q1,S5,M22,Home Health Aide,1,Full-time,2017-12-08,6.1,50+,22.25,27.7,18,54.5,0,,1,
E10263,2024Q1,S5,M21,Home Health Aide,2,Part-time,2019-04-12,4.7,40-49,20.75,7.9,11,19.8,0,3,0,
E10264,2024Q1,S5,M21,Home Health Aide,1,Part-time,2022-11-21,1.1,50+,20.25,4.2,8,29.4,0,2,0,
E10265,2024Q1,S5,M22,Case Manager,3,Full-time,2016-10-01,7.2,30-39,32.25,12.8,33,61.2,0,,0,
E10266,2024Q1,S5,M19,Driver,2,Full-time,2022-04-02,1.7,30-39,20.0,7.3,0,54.4,0,,1,
E10267,2024Q1,S5,M20,Case Manager,3,Full-time,2014-12-23,9.0,40-49,32.75,6.8,30,51.5,0,1,0,
E10268,2024Q1,S5,M19,Case Manager,2,Full-time,2022-02-22,1.9,40-49,29.0,6.8,21,32.2,0,,0,
E10269,2024Q1,S5,M22,Case Manager,2,Full-time,2021-10-27,2.2,50+,27.75,21.9,20,18.4,0,,0,
E10270,2024Q1,S5,M21,Case Manager,2,Full-time,2021-08-25,2.4,30-39,28.25,9.4,27,51.5,0,,0,
E10271,2024Q1,S5,M19,Home Health Aide,1,Full-time,2021-03-26,2.8,Under 30,18.25,16.6,21,55.0,1,,0,
E10272,2024Q1,S5,M21,Supervisor,3,Full-time,2022-08-09,1.4,50+,37.75,11.4,0,36.8,1,1,0,
E10273,2024Q1,S5,M20,Intake Coordinator,1,Full-time,2016-04-07,7.7,40-49,28.75,7.2,0,56.0,0,1,1,
E10274,2024Q1,S5,M21,Home Health Aide,1,Part-time,2021-07-27,2.4,40-49,19.25,9.1,14,32.7,0,1,1,Pay
E10275,2024Q1,S5,M20,Intake Coordinator,1,Full-time,2023-05-27,0.6,30-39,19.75,22.0,0,52.8,0,,1,
E10276,2024Q1,S5,M19,Case Manager,2,Full-time,2023-07-09,0.5,Under 30,27.75,4.2,35,75.3,1,,0,
E10277,2024Q1,S5,M21,Home Health Aide,1,Full-time,2015-09-15,8.3,30-39,24.5,4.7,16,42.3,0,2,0,
E10278,2024Q1,S5,M19,Case Manager,2,Full-time,2022-08-26,1.3,Under 30,30.0,2.9,30,38.6,0,1,0,
E10279,2024Q1,S5,M20,Home Health Aide,2,Part-time,2018-02-04,5.9,40-49,22.25,11.7,12,8.2,1,,0,
E10280,2024Q1,S5,M20,Driver,1,Part-time,2021-09-12,2.3,30-39,20.75,20.2,0,22.4,0,2,0,
E10281,2024Q1,S5,M22,Driver,1,Part-time,2018-10-19,5.2,40-49,22.0,3.8,0,24.0,0,3,0,
E10282,2024Q1,S5,M20,Admin,1,Full-time,2019-12-27,4.0,30-39,29.75,18.8,0,44.8,0,,0,
E10283,2024Q1,S5,M21,Case Manager,2,Full-time,2019-02-27,4.8,50+,30.0,13.6,31,46.1,0,2,0,
E10284,2024Q1,S5,M21,Driver,1,Full-time,2022-10-20,1.2,40-49,19.5,4.5,0,45.1,0,1,0,
E10285,2024Q1,S5,M19,Nurse,3,Full-time,2022-01-28,1.9,Under 30,45.5,2.2,21,26.9,1,2,0,
E10286,2024Q1,S5,M22,Home Health Aide,1,Part-time,2023-07-24,0.4,30-39,19.5,19.5,13,2.3,0,,0,
E10287,2024Q1,S5,M22,Intake Coordinator,2,Full-time,2018-08-17,5.4,Under 30,26.5,26.5,0,39.0,0,,0,
E10288,2024Q1,S5,M21,Case Manager,2,Full-time,2019-05-07,4.7,50+,30.0,4.5,26,26.2,0,,1,Retirement
E10289,2024Q1,S5,M19,Case Manager,2,Full-time,2022-01-12,2.0,40-49,28.25,4.5,36,62.0,0,,0,
E10290,2024Q1,S5,M21,Home Health Aide,1,Full-time,2022-07-31,1.4,Under 30,18.0,4.5,20,54.8,1,3,1,
E10291,2024Q1,S6,M25,Driver,1,Full-time,2016-12-26,7.0,30-39,22.75,12.1,0,64.0,1,,0,
E10292,2024Q1,S6,M23,Nurse,3,Full-time,2021-09-24,2.3,40-49,43.75,10.4,19,12.8,1,4,0,
E10293,2024Q1,S6,M25,Intake Coordinator,2,Full-time,2022-02-13,1.9,50+,21.0,12.0,0,42.3,0,2,0,
E10294,2024Q1,S6,M25,Driver,1,Full-time,2022-09-30,1.3,Under 30,20.25,14.6,0,30.2,0,2,0,
E10295,2024Q1,S6,M23,Home Health Aide,1,Full-time,2022-03-17,1.8,40-49,20.5,9.7,26,53.6,0,,0,
E10296,2024Q1,S6,M24,Intake Coordinator,2,Full-time,2022-02-18,1.9,50+,22.5,5.2,0,37.9,0,5,0,
E10297,2024Q1,S6,M25,Nurse,2,Full-time,2016-03-09,7.8,30-39,42.5,14.9,27,49.1,0,,0,
E10298,2024Q1,S6,M24,Admin,1,Full-time,2019-04-21,4.7,40-49,24.5,12.0,0,36.7,1,4,0,
E10299,2024Q1,S6,M23,Driver,2,Part-time,2019-04-03,4.7,Under 30,20.5,17.1,0,19.2,0,3,0,
E10300,2024Q1,S6,M25,Home Health Aide,2,Full-time,2011-11-27,12.1,30-39,20.75,37.8,15,32.8,0,3,0,
E10301,2024Q1,S6,M24,Home Health Aide,1,Full-time,2022-05-03,1.7,Under 30,18.25,12.1,7,16.0,1,3,0,
E10302,2024Q1,S6,M24,Home Health Aide,1,Full-time,2022-02-23,1.9,50+,19.25,29.5,17,31.7,0,2,0,
E10303,2024Q1,S6,M23,Home Health Aide,1,Part-time,2020-06-12,3.6,30-39,17.0,7.5,5,0.0,1,4,1,
E10304,2024Q1,S6,M24,Case Manager,2,Full-time,2020-09-01,3.3,Under 30,29.5,10.0,24,36.7,0,1,0,
E10305,2024Q1,S6,M23,Case Manager,2,Full-time,2019-12-07,4.1,Under 30,30.0,10.8,37,54.7,0,3,0,
E10306,2024Q1,S6,M23,Home Health Aide,1,Full-time,2020-05-17,3.6,30-39,18.75,29.8,11,37.3,1,,0,
E10307,2024Q1,S6,M24,Case Manager,2,Full-time,2022-12-16,1.0,30-39,26.0,6.0,29,26.2,0,2,0,
E10308,2024Q1,S6,M23,Nurse,2,Full-time,2023-03-24,0.8,Under 30,47.0,105.2,14,2.2,0,,0,
E10309,2024Q1,S6,M23,Home Health Aide,1,Part-time,2023-10-16,0.2,Under 30,18.5,108.2,14,19.3,1,2,0,
E10310,2024Q1,S6,M25,Driver,1,Part-time,2023-05-03,0.7,40-49,16.5,17.6,0,7.1,1,3,0,
E10311,2024Q1,S6,M23,Supervisor,4,Full-time,2017-07-06,6.5,30-39,38.0,10.3,0,35.7,0,,0,
E10312,2024Q1,S6,M24,Nurse,2,Full-time,2023-06-15,0.5,50+,40.25,11.5,18,32.0,1,,1,Workload or schedule
E10313,2024Q1,S6,M25,Home Health Aide,1,Part-time,2012-05-08,11.6,Under 30,21.25,13.3,12,33.1,1,,0,
E10314,2024Q1,S6,M24,Nurse,2,Part-time,2021-11-28,2.1,50+,51.25,13.3,15,11.8,0,4,0,
E10315,2024Q1,S6,M23,Case Manager,3,Part-time,2015-01-29,8.9,30-39,29.25,12.9,12,0.0,1,3,0,
E10316,2024Q1,S6,M25,Home Health Aide,1,Full-time,2022-05-05,1.7,30-39,19.25,46.7,17,32.1,1,2,0,
E10317,2024Q1,S6,M23,Intake Coordinator,1,Full-time,2021-07-01,2.5,50+,18.75,52.4,0,10.0,1,3,0,
E10318,2024Q1,S6,M24,Nurse,2,Full-time,2016-05-14,7.6,50+,45.25,30.8,15,20.3,0,4,0,
E10319,2024Q1,S6,M24,Nurse,2,Full-time,2022-12-03,1.1,50+,46.0,14.9,24,34.7,0,,0,
E10320,2024Q1,S6,M25,Home Health Aide,1,Full-time,2021-12-10,2.1,50+,19.25,43.3,13,25.5,0,,0,
E10321,2024Q1,S6,M23,Driver,1,Full-time,2018-10-22,5.2,50+,21.75,34.2,0,27.6,1,3,0,
E10322,2024Q1,S6,M24,Home Health Aide,1,Full-time,2018-05-12,5.6,50+,18.75,37.9,11,12.1,1,,1,
E10323,2024Q1,S6,M23,Home Health Aide,1,Part-time,2019-06-08,4.6,40-49,18.5,12.4,6,48.8,1,4,0,
E10324,2024Q1,S6,M24,Home Health Aide,1,Full-time,2019-11-16,4.1,Under 30,19.0,5.6,21,52.4,0,4,0,
E10325,2024Q1,S6,M25,Driver,1,Full-time,2023-05-30,0.6,30-39,19.0,23.8,0,47.0,1,,0,
E10326,2024Q1,S6,M24,Case Manager,2,Full-time,2014-03-22,9.8,50+,27.0,22.8,32,51.6,1,3,0,
E10327,2024Q1,S6,M25,Driver,2,Part-time,2018-05-07,5.7,50+,19.0,14.0,0,21.5,1,,0,
E10328,2024Q1,S6,M25,Admin,2,Full-time,2013-05-14,10.6,50+,29.25,40.5,0,14.3,1,3,0,
E10329,2024Q1,S6,M24,Driver,2,Full-time,2013-02-08,10.9,30-39,22.0,21.6,0,5.8,0,,0,
E10330,2024Q1,S6,M25,Home Health Aide,1,Part-time,2017-05-03,6.7,40-49,21.0,9.1,7,8.3,0,,0,
E10331,2024Q1,S6,M23,Home Health Aide,1,Full-time,2018-11-03,5.2,30-39,21.25,21.7,22,57.8,1,1,0,
E10332,2024Q1,S6,M23,Home Health Aide,1,Full-time,2023-06-05,0.6,50+,18.5,6.0,17,49.3,1,,0,
E10333,2024Q1,S6,M25,Home Health Aide,2,Part-time,2017-03-13,6.8,Under 30,21.5,10.5,11,33.6,0,2,0,
E10334,2024Q1,S6,M25,Nurse,2,Full-time,2023-08-27,0.3,40-49,43.75,14.4,19,23.9,1,,0,
E10335,2024Q1,S6,M24,Driver,1,Full-time,2017-04-10,6.7,40-49,21.0,37.1,0,50.7,1,3,1,
E10336,2024Q1,S7,M28,Driver,1,Full-time,2018-10-03,5.2,50+,19.75,25.2,0,26.5,0,,0,
E10337,2024Q1,S7,M27,Case Manager,3,Full-time,2019-06-20,4.5,30-39,27.5,9.9,25,13.2,1,4,1,
E10338,2024Q1,S7,M27,Driver,1,Part-time,2022-04-10,1.7,50+,18.5,10.2,0,0.0,0,,0,
E10339,2024Q1,S7,M27,Admin,1,Part-time,2021-10-16,2.2,50+,25.0,45.8,0,22.5,0,,0,
E10340,2024Q1,S7,M26,Home Health Aide,1,Full-time,2023-02-24,0.9,30-39,19.5,15.0,10,23.2,0,4,0,
E10341,2024Q1,S7,M28,Case Manager,2,Full-time,2018-11-28,5.1,40-49,28.5,20.0,25,18.1,1,4,0,
E10342,2024Q1,S7,M26,Nurse,3,Full-time,2022-03-03,1.8,30-39,48.25,66.1,22,58.1,1,,0,
E10343,2024Q1,S7,M27,Home Health Aide,1,Full-time,2022-01-03,2.0,30-39,19.75,26.4,15,32.3,1,,1,Workload or schedule
E10344,2024Q1,S7,M28,Driver,1,Full-time,2022-11-08,1.1,Under 30,19.25,10.4,0,19.5,0,2,0,
E10345,2024Q1,S7,M28,Home Health Aide,1,Full-time,2022-10-03,1.2,40-49,16.75,15.8,17,24.3,0,4,0,
E10346,2024Q1,S7,M27,Intake Coordinator,1,Full-time,2021-08-07,2.4,Under 30,21.0,18.8,0,29.3,1,3,0,
E10347,2024Q1,S7,M27,Home Health Aide,1,Full-time,2023-10-09,0.2,30-39,17.25,27.8,14,9.9,0,3,0,
E10348,2024Q1,S7,M28,Case Manager,2,Full-time,2023-03-19,0.8,40-49,25.0,6.6,26,26.7,1,3,0,
E10349,2024Q1,S7,M27,Admin,2,Full-time,2019-12-13,4.1,Under 30,23.0,12.4,0,67.5,0,,0,
E10350,2024Q1,S7,M26,Case Manager,3,Full-time,2022-09-10,1.3,30-39,26.5,21.7,22,10.4,0,3,0,
E10351,2024Q1,S7,M28,Home Health Aide,1,Full-time,2023-09-01,0.3,50+,17.5,13.1,21,50.9,0,4,0,
E10352,2024Q1,S7,M27,Home Health Aide,1,Part-time,2021-12-10,2.1,40-49,19.5,16.9,7,0.0,0,,0,
E10353,2024Q1,S7,M27,Admin,2,Full-time,2019-03-27,4.8,Under 30,22.75,20.2,0,40.7,0,,0,
E10354,2024Q1,S7,M26,Home Health Aide,1,Part-time,2023-08-09,0.4,50+,19.75,30.2,6,29.2,0,2,0,
E10355,2024Q1,S7,M28,Nurse,3,Full-time,2007-08-02,16.4,50+,57.0,16.7,11,2.1,0,3,0,
E10356,2024Q1,S7,M28,Case Manager,2,Full-time,2023-12-26,0.0,30-39,24.75,8.7,26,32.7,1,4,0,
E10357,2024Q1,S7,M28,Home Health Aide,1,Full-time,2022-06-09,1.6,40-49,18.75,14.3,13,1.9,1,4,0,
E10358,2024Q1,S7,M28,Supervisor,4,Full-time,2006-02-18,17.9,30-39,45.75,38.4,0,38.9,0,,0,
E10359,2024Q1,S7,M26,Supervisor,4,Full-time,2013-02-05,10.9,Under 30,44.0,19.6,0,13.8,1,3,0,
E10360,2024Q1,S7,M28,Case Manager,3,Full-time,2020-05-21,3.6,30-39,25.75,18.6,27,45.9,0,,0,
E10361,2024Q1,S7,M28,Home Health Aide,1,Full-time,2014-02-27,9.8,40-49,22.25,36.9,13,20.0,1,3,0,
E10362,2024Q1,S7,M26,Admin,1,Full-time,2023-01-21,0.9,30-39,22.75,6.6,0,29.1,0,2,1,
E10363,2024Q1,S7,M26,Nurse,2,Part-time,2022-07-05,1.5,40-49,44.5,18.1,11,0.0,0,4,0,
E10364,2024Q1,S7,M26,Intake Coordinator,1,Full-time,2021-12-05,2.1,40-49,20.0,14.8,0,0.6,1,4,0,
E10365,2024Q1,S7,M27,Home Health Aide,1,Full-time,2023-12-22,0.0,40-49,20.5,15.6,21,42.8,0,3,0,
E10366,2024Q1,S7,M28,Home Health Aide,1,Part-time,2023-08-27,0.3,50+,17.0,30.4,7,0.0,0,3,0,
E10367,2024Q1,S7,M28,Home Health Aide,2,Part-time,2019-08-24,4.4,30-39,19.5,10.0,8,0.0,1,,0,
E10368,2024Q1,S7,M27,Case Manager,2,Full-time,2021-12-27,2.0,50+,26.0,45.0,26,16.3,1,3,0,
E10369,2024Q1,S7,M28,Admin,1,Full-time,2020-11-25,3.1,40-49,24.0,69.1,0,31.1,0,3,0,
E10370,2024Q1,S7,M26,Home Health Aide,1,Part-time,2023-10-22,0.2,Under 30,19.25,30.9,8,0.0,1,4,0,
E10371,2024Q1,S7,M26,Home Health Aide,1,Part-time,2021-11-26,2.1,30-39,18.75,13.9,10,32.0,1,4,0,
E10372,2024Q1,S7,M27,Nurse,2,Full-time,2023-05-23,0.6,40-49,41.5,43.3,18,30.1,1,3,0,
E10373,2024Q1,S7,M28,Nurse,3,Full-time,2022-01-21,1.9,40-49,47.0,26.6,17,34.0,0,4,0,
E10374,2024Q1,S7,M27,Nurse,2,Full-time,2023-11-07,0.2,40-49,43.25,34.1,17,13.7,1,,0,
E10375,2024Q1,S7,M26,Intake Coordinator,1,Full-time,2023-07-28,0.4,40-49,19.5,4.6,0,38.4,0,,1,
E10376,2024Q1,S7,M28,Nurse,4,Full-time,2019-05-01,4.7,40-49,48.5,10.5,13,15.3,1,4,0,
E10377,2024Q1,S7,M26,Nurse,3,Full-time,2023-02-25,0.8,Under 30,41.25,5.6,15,24.2,0,4,0,
E10378,2024Q1,S7,M28,Case Manager,2,Full-time,2023-09-12,0.3,30-39,26.5,25.4,26,35.9,1,3,0,
E10379,2024Q1,S7,M27,Nurse,2,Full-time,2022-09-30,1.3,30-39,46.25,16.5,18,35.2,0,,0,
E10380,2024Q1,S7,M27,Admin,1,Full-time,2020-07-18,3.5,Under 30,23.5,30.3,0,45.3,0,,0,
E10381,2024Q1,S8,M29,Driver,1,Full-time,2017-08-20,6.4,30-39,21.5,14.6,0,23.6,0,,1,Career change
E10382,2024Q1,S8,M30,Home Health Aide,2,Part-time,2006-10-12,17.2,50+,21.5,66.0,7,0.0,1,4,0,
E10383,2024Q1,S8,M31,Home Health Aide,1,Full-time,2023-07-24,0.4,30-39,18.75,63.8,21,74.5,0,,1,
E10384,2024Q1,S8,M31,Driver,2,Full-time,2016-09-14,7.3,50+,20.5,43.4,0,44.1,1,,0,
E10385,2024Q1,S8,M30,Home Health Aide,1,Part-time,2023-10-27,0.2,50+,18.25,84.4,8,7.2,0,4,0,
E10386,2024Q1,S8,M29,Home Health Aide,2,Full-time,2020-02-24,3.9,40-49,19.5,5.1,14,49.1,0,2,1,
E10387,2024Q1,S8,M30,Home Health Aide,1,Part-time,2023-05-26,0.6,40-49,18.5,16.2,9,7.6,0,,0,
E10388,2024Q1,S8,M29,Nurse,2,Part-time,2022-03-23,1.8,Under 30,38.75,6.1,12,13.9,0,2,0,
E10389,2024Q1,S8,M30,Home Health Aide,1,Part-time,2022-08-11,1.4,Under 30,17.75,18.6,10,0.0,1,3,0,
E10390,2024Q1,S8,M30,Home Health Aide,1,Full-time,2010-06-08,13.6,50+,23.5,37.0,16,41.9,1,4,0,
E10391,2024Q1,S8,M31,Home Health Aide,1,Part-time,2022-07-13,1.5,30-39,19.0,79.9,15,46.4,1,2,0,
E10392,2024Q1,S8,M29,Home Health Aide,2,Part-time,2021-05-21,2.6,40-49,19.0,33.6,13,25.8,0,,1,
E10393,2024Q1,S8,M29,Driver,1,Part-time,2023-01-02,1.0,30-39,18.0,36.8,0,14.5,0,,0,
E10394,2024Q1,S8,M31,Driver,1,Part-time,2022-07-04,1.5,Under 30,19.25,19.3,0,27.1,1,4,0,
E10395,2024Q1,S8,M30,Home Health Aide,1,Part-time,2023-01-26,0.9,40-49,19.25,17.9,12,19.6,1,3,0,
E10396,2024Q1,S8,M30,Driver,2,Part-time,2021-02-04,2.9,Under 30,19.5,28.9,0,4.3,0,3,0,
E10397,2024Q1,S8,M30,Driver,1,Full-time,2019-01-22,4.9,50+,22.25,28.3,0,59.1,0,3,0,
E10398,2024Q1,S8,M29,Nurse,2,Full-time,2020-01-08,4.0,40-49,47.0,15.3,19,17.9,1,,0,
E10399,2024Q1,S8,M31,Supervisor,3,Full-time,2023-07-28,0.4,Under 30,36.25,31.8,0,47.8,0,2,0,
E10400,2024Q1,S8,M31,Admin,3,Full-time,2019-02-01,4.9,40-49,25.0,22.5,0,44.1,1,4,0,
E10401,2024Q1,S8,M31,Home Health Aide,1,Part-time,2022-06-01,1.6,30-39,20.25,13.3,14,34.8,1,,0,
E10402,2024Q1,S8,M30,Admin,1,Full-time,2016-09-12,7.3,30-39,22.75,8.9,0,52.7,1,,0,
E10403,2024Q1,S8,M31,Case Manager,2,Part-time,2023-12-10,0.1,50+,27.75,39.6,19,17.5,1,,0,
E10404,2024Q1,S8,M29,Nurse,2,Full-time,2022-09-12,1.3,50+,49.25,61.3,20,55.2,0,,0,
E10405,2024Q1,S8,M29,Case Manager,3,Full-time,2019-07-09,4.5,50+,28.5,52.4,31,46.4,0,3,0,
E10406,2024Q1,S8,M30,Case Manager,2,Full-time,2013-10-30,10.2,30-39,31.0,4.2,24,33.2,0,,0,
E10407,2024Q1,S8,M29,Home Health Aide,1,Full-time,2023-07-14,0.5,40-49,19.75,11.5,19,60.3,0,3,0,
E10408,2024Q1,S8,M31,Nurse,2,Part-time,2023-09-28,0.3,Under 30,45.0,15.2,13,0.0,1,3,0,
E10409,2024Q1,S8,M31,Home Health Aide,1,Part-time,2021-07-18,2.5,30-39,19.5,52.6,12,8.8,1,3,0,
E10410,2024Q1,S8,M30,Case Manager,2,Full-time,2023-03-07,0.8,30-39,23.5,11.1,29,45.4,1,3,0,
E10411,2024Q1,S8,M29,Nurse,2,Full-time,2022-08-26,1.3,30-39,44.5,24.9,16,18.0,0,,0,
E10412,2024Q1,S8,M29,Case Manager,2,Part-time,2021-07-01,2.5,30-39,28.25,49.5,10,10.9,1,,0,
E10413,2024Q1,S8,M31,Home Health Aide,1,Part-time,2014-11-14,9.1,50+,21.75,16.9,3,0.0,1,,0,
E10414,2024Q1,S8,M31,Admin,3,Part-time,2017-03-10,6.8,30-39,24.25,14.7,0,28.7,0,4,0,
E10415,2024Q1,S8,M31,Intake Coordinator,2,Full-time,2021-07-06,2.5,40-49,21.25,46.9,0,41.9,1,4,0,
E10416,2024Q1,S8,M30,Nurse,4,Full-time,2018-10-23,5.2,50+,42.75,11.3,17,41.6,0,4,0,
E10417,2024Q1,S8,M31,Admin,2,Full-time,2023-05-05,0.7,40-49,24.25,19.8,0,35.4,1,2,1,
E10418,2024Q1,S8,M29,Case Manager,2,Full-time,2023-11-18,0.1,50+,24.0,8.0,30,63.4,0,,1,Pay
E10419,2024Q1,S8,M30,Driver,1,Full-time,2022-05-27,1.6,30-39,18.75,12.8,0,26.3,1,3,0,
E10420,2024Q1,S8,M30,Nurse,2,Full-time,2023-04-28,0.7,40-49,40.5,11.6,29,78.7,1,3,0,
E10001,2024Q2,S1,M03,Case Manager,2,Full-time,2021-08-03,2.7,50+,33.5,9.3,40,86.3,1,2,0,
E10002,2024Q2,S1,M01,Case Manager,2,Full-time,2022-06-13,1.8,30-39,32.0,3.1,33,40.3,0,2,0,
E10003,2024Q2,S1,M01,Home Health Aide,2,Part-time,2011-05-25,12.9,40-49,27.25,17.1,12,5.7,1,4,0,
E10004,2024Q2,S1,M05,Driver,1,Part-time,2023-09-06,0.6,50+,23.25,7.0,0,10.4,1,4,0,
E10005,2024Q2,S1,M02,Nurse,2,Full-time,2022-10-30,1.4,Under 30,50.75,9.9,27,40.6,1,5,0,
E10006,2024Q2,S1,M05,Nurse,4,Full-time,2012-11-23,11.4,40-49,64.5,3.7,28,42.1,1,5,0,
E10008,2024Q2,S1,M01,Supervisor,4,Full-time,2020-08-09,3.6,40-49,44.75,19.3,0,41.9,1,,0,
E10009,2024Q2,S1,M03,Case Manager,2,Full-time,2023-02-05,1.2,30-39,30.75,4.3,30,39.8,0,1,0,
E10010,2024Q2,S1,M04,Home Health Aide,1,Full-time,2020-08-21,3.6,Under 30,20.5,6.2,13,16.3,0,4,0,
E10011,2024Q2,S1,M05,Driver,1,Part-time,2023-12-31,0.3,30-39,21.0,4.8,0,9.3,1,3,0,
E10012,2024Q2,S1,M04,Admin,2,Full-time,2021-05-16,2.9,50+,24.75,5.8,0,52.9,0,2,0,
E10013,2024Q2,S1,M05,Home Health Aide,1,Part-time,2022-07-22,1.7,30-39,20.5,7.1,7,0.0,1,5,1,
E10014,2024Q2,S1,M02,Case Manager,2,Full-time,2022-03-15,2.0,30-39,30.0,5.8,46,72.0,1,4,1,Relocation
E10015,2024Q2,S1,M01,Admin,1,Full-time,2019-12-01,4.3,Under 30,28.75,10.6,0,38.5,1,,0,
E10016,2024Q2,S1,M05,Driver,2,Part-time,2019-12-28,4.3,Under 30,25.0,18.1,0,0.8,0,5,0,
E10017,2024Q2,S1,M04,Driver,1,Full-time,2022-12-06,1.3,30-39,23.0,2.6,0,35.4,1,,0,
E10018,2024Q2,S1,M03,Driver,2,Part-time,2021-09-30,2.5,Under 30,24.5,8.6,0,26.6,1,2,0,
E10019,2024Q2,S1,M05,Admin,1,Part-time,2023-04-23,0.9,30-39,27.0,5.1,0,31.0,1,4,0,
E10020,2024Q2,S1,M02,Nurse,3,Full-time,2011-05-07,12.9,30-39,58.5,14.7,26,29.0,1,4,0,
E10021,2024Q2,S1,M05,Home Health Aide,1,Full-time,2012-02-19,12.1,40-49,23.75,2.2,26,61.8,1,4,0,
E10022,2024Q2,S1,M02,Intake Coordinator,2,Full-time,2023-05-20,0.9,30-39,25.75,4.9,0,28.5,1,5,0,
E10023,2024Q2,S1,M02,Admin,3,Part-time,2020-02-05,4.2,30-39,30.75,6.3,0,0.0,1,4,0,
E10024,2024Q2,S1,M05,Home Health Aide,1,Part-time,2023-03-18,1.0,Under 30,20.75,5.1,10,0.0,0,,0,
E10025,2024Q2,S1,M04,Case Manager,3,Full-time,2019-06-24,4.8,Under 30,31.25,10.7,35,59.0,1,4,0,
E10026,2024Q2,S1,M04,Nurse,3,Full-time,2019-02-17,5.1,40-49,59.0,7.5,25,51.7,1,3,0,
E10027,2024Q2,S1,M01,Nurse,3,Part-time,2022-12-13,1.3,Under 30,48.5,23.1,13,33.4,1,3,0,
E10028,2024Q2,S1,M01,Nurse,2,Full-time,2023-05-18,0.9,40-49,50.0,9.7,19,27.4,1,,0,
E10029,2024Q2,S1,M01,Home Health Aide,1,Full-time,2022-03-20,2.0,50+,21.25,8.9,31,44.7,1,2,0,
E10030,2024Q2,S1,M01,Driver,1,Part-time,2023-10-29,0.4,40-49,21.5,9.0,0,44.7,0,3,1,
E10031,2024Q2,S1,M01,Case Manager,2,Part-time,2022-03-05,2.1,30-39,27.75,5.3,30,55.3,0,,1,
E10032,2024Q2,S1,M03,Home Health Aide,2,Full-time,2016-12-21,7.3,Under 30,22.5,12.9,23,51.6,1,3,0,
E10033,2024Q2,S1,M03,Case Manager,3,Full-time,2020-12-26,3.3,30-39,31.75,4.2,41,62.5,0,1,0,
E10034,2024Q2,S1,M03,Admin,2,Full-time,2021-05-30,2.8,40-49,27.0,8.5,0,54.9,0,2,0,
E10035,2024Q2,S1,M04,Nurse,2,Full-time,2022-12-23,1.3,40-49,50.0,16.2,18,8.8,0,,0,
E10036,2024Q2,S1,M02,Home Health Aide,1,Part-time,2022-03-18,2.0,30-39,20.25,7.0,11,0.0,1,5,0,
E10037,2024Q2,S1,M03,Supervisor,4,Full-time,2020-02-18,4.1,40-49,42.5,16.5,0,30.0,1,4,0,
E10038,2024Q2,S1,M03,Admin,1,Full-time,2022-09-11,1.6,40-49,25.75,10.9,0,58.9,0,3,0,
E10039,2024Q2,S1,M04,Case Manager,2,Full-time,2023-04-11,1.0,30-39,29.0,27.2,33,40.4,0,,0,
E10040,2024Q2,S1,M01,Case Manager,2,Full-time,2018-09-10,5.6,Under 30,35.0,4.4,37,41.8,0,,0,
E10041,2024Q2,S1,M03,Admin,3,Part-time,2016-04-30,7.9,40-49,29.0,10.1,0,20.9,1,5,0,
E10042,2024Q2,S1,M04,Supervisor,3,Full-time,2019-04-23,4.9,30-39,41.0,2.6,0,61.6,1,4,0,
E10043,2024Q2,S1,M01,Home Health Aide,1,Full-time,2015-03-06,9.1,30-39,23.75,15.2,27,68.2,0,2,0,
E10044,2024Q2,S1,M05,Case Manager,2,Full-time,2020-07-17,3.7,30-39,31.0,5.0,39,31.8,1,4,0,
E10045,2024Q2,S1,M01,Home Health Aide,1,Full-time,2019-08-02,4.7,40-49,25.75,1.9,16,25.1,0,3,0,
E10046,2024Q2,S1,M05,Nurse,3,Part-time,2023-08-30,0.6,30-39,47.0,3.4,17,34.9,1,,0,
E10047,2024Q2,S1,M02,Home Health Aide,1,Part-time,2023-10-20,0.4,40-49,20.5,3.1,12,30.0,0,,1,Relocation
E10048,2024Q2,S1,M04,Home Health Aide,1,Full-time,2022-02-25,2.1,30-39,22.0,18.3,20,30.6,1,3,1,Personal or family
E10049,2024Q2,S1,M02,Driver,2,Full-time,2011-10-20,12.4,Under 30,27.5,5.0,0,38.9,1,,0,
E10050,2024Q2,S1,M01,Case Manager,2,Full-time,2023-06-21,0.8,Under 30,29.75,3.2,44,81.6,1,,0,
E10051,2024Q2,S1,M03,Nurse,2,Full-time,2023-03-14,1.1,40-49,49.75,3.7,15,15.6,0,,0,
E10052,2024Q2,S1,M01,Nurse,2,Full-time,2020-09-02,3.6,40-49,54.25,5.6,21,20.1,1,2,0,
E10053,2024Q2,S1,M05,Case Manager,2,Full-time,2021-09-11,2.6,40-49,30.25,5.9,38,49.3,1,4,0,
E10054,2024Q2,S1,M03,Driver,1,Part-time,2012-03-07,12.1,30-39,25.0,5.3,0,0.0,1,4,0,
E10055,2024Q2,S1,M05,Intake Coordinator,1,Part-time,2022-12-08,1.3,30-39,26.0,3.2,0,0.0,1,5,0,
E10056,2024Q2,S1,M02,Intake Coordinator,3,Full-time,2018-08-14,5.6,50+,25.0,6.1,0,36.7,1,5,0,
E10057,2024Q2,S1,M02,Home Health Aide,1,Full-time,2023-07-08,0.7,30-39,20.5,11.2,26,41.6,0,4,0,
E10058,2024Q2,S1,M04,Nurse,2,Full-time,2022-08-25,1.6,Under 30,55.25,14.1,21,44.3,1,3,0,
E10059,2024Q2,S1,M03,Case Manager,2,Full-time,2021-09-14,2.5,40-49,31.75,6.6,41,64.1,1,2,0,
E10060,2024Q2,S1,M02,Supervisor,3,Full-time,2021-06-17,2.8,40-49,36.0,5.9,0,20.2,1,5,0,
E10061,2024Q2,S1,M01,Home Health Aide,1,Full-time,2019-02-15,5.1,30-39,25.0,6.3,18,45.5,0,,0,
E10062,2024Q2,S1,M03,Home Health Aide,1,Full-time,2023-06-07,0.8,30-39,18.25,37.1,12,12.6,0,,0,
E10063,2024Q2,S1,M03,Home Health Aide,2,Part-time,2016-09-08,7.6,50+,23.25,27.9,13,4.5,0,,0,
E10064,2024Q2,S1,M02,Admin,3,Full-time,2019-07-19,4.7,50+,27.75,3.1,0,34.7,0,5,0,
E10065,2024Q2,S1,M03,Admin,1,Part-time,2011-06-26,12.8,40-49,35.75,2.5,0,20.8,0,4,0,
E10066,2024Q2,S1,M04,Case Manager,3,Full-time,2018-01-31,6.2,Under 30,32.25,6.4,36,60.9,0,,0,
E10067,2024Q2,S1,M04,Case Manager,2,Full-time,2021-10-11,2.5,30-39,27.75,7.4,51,106.1,1,1,1,Workload or schedule
E10068,2024Q2,S1,M04,Driver,2,Full-time,2020-05-14,3.9,40-49,23.25,2.5,0,64.3,1,3,0,
E10069,2024Q2,S1,M03,Intake Coordinator,2,Full-time,2023-04-05,1.0,30-39,25.25,3.3,0,37.5,1,2,0,
E10070,2024Q2,S1,M05,Admin,1,Full-time,2021-12-28,2.3,40-49,25.25,6.3,0,27.5,1,5,0,
E10421,2024Q2,S1,M03,Intake Coordinator,2,Full-time,2024-04-01,0.0,30-39,25.0,6.0,0,55.9,1,,1,Personal or family
E10428,2024Q2,S1,M03,Admin,1,Full-time,2024-04-01,0.0,30-39,25.25,3.7,0,51.7,1,,1,
E10071,2024Q2,S2,M08,Home Health Aide,1,Part-time,2018-03-23,6.0,40-49,23.25,3.6,15,24.9,1,2,0,
E10072,2024Q2,S2,M07,Driver,1,Full-time,2020-08-07,3.6,30-39,23.0,9.0,0,13.9,1,,0,
E10073,2024Q2,S2,M07,Home Health Aide,1,Part-time,2015-09-30,8.5,40-49,24.75,8.5,14,30.2,0,2,1,Relocation
E10074,2024Q2,S2,M07,Supervisor,3,Full-time,2023-11-27,0.3,50+,37.75,6.0,0,31.8,0,3,0,
E10075,2024Q2,S2,M07,Intake Coordinator,1,Full-time,2023-08-24,0.6,30-39,23.75,11.3,0,44.7,1,4,0,
E10076,2024Q2,S2,M08,Driver,2,Part-time,2020-08-24,3.6,40-49,24.25,5.6,0,31.3,0,4,0,
E10077,2024Q2,S2,M09,Home Health Aide,1,Part-time,2020-01-16,4.2,40-49,22.5,3.9,6,1.4,0,4,0,
E10078,2024Q2,S2,M09,Supervisor,4,Full-time,2018-08-27,5.6,Under 30,40.25,12.0,0,32.4,0,4,0,
E10079,2024Q2,S2,M09,Home Health Aide,1,Full-time,2020-09-25,3.5,40-49,21.75,7.4,25,12.2,0,,1,
E10080,2024Q2,S2,M09,Home Health Aide,1,Full-time,2022-05-25,1.9,Under 30,21.75,3.6,17,33.4,0,,0,
E10083,2024Q2,S2,M07,Supervisor,3,Full-time,2023-07-13,0.7,40-49,37.25,7.7,0,43.4,1,4,0,
E10084,2024Q2,S2,M08,Nurse,2,Full-time,2023-03-14,1.1,30-39,48.75,4.1,31,78.5,0,2,0,
E10086,2024Q2,S2,M10,Admin,3,Part-time,2015-04-14,9.0,30-39,29.75,21.0,0,0.0,1,,0,
E10087,2024Q2,S2,M07,Home Health Aide,2,Full-time,2011-06-06,12.8,50+,25.75,25.3,22,45.1,0,3,0,
E10088,2024Q2,S2,M09,Home Health Aide,2,Full-time,2021-03-10,3.1,50+,19.75,4.4,25,31.8,1,3,0,
E10089,2024Q2,S2,M10,Nurse,4,Full-time,2018-03-13,6.1,30-39,54.5,3.6,29,46.4,0,,0,
E10090,2024Q2,S2,M10,Supervisor,3,Full-time,2022-06-26,1.8,50+,39.0,8.4,0,49.0,0,3,0,
E10091,2024Q2,S2,M09,Home Health Aide,1,Part-time,2022-10-29,1.4,30-39,19.25,3.3,11,30.1,0,,1,Workload or schedule
E10092,2024Q2,S2,M06,Home Health Aide,1,Full-time,2021-05-18,2.9,30-39,23.0,5.1,25,35.3,0,3,0,
E10095,2024Q2,S2,M10,Home Health Aide,1,Full-time,2022-07-14,1.7,30-39,21.25,5.5,20,77.5,1,2,0,
E10096,2024Q2,S2,M08,Driver,2,Full-time,2020-06-24,3.8,30-39,21.75,4.8,0,61.6,0,,0,
E10097,2024Q2,S2,M08,Nurse,3,Part-time,2023-10-22,0.4,30-39,47.75,10.7,15,39.3,0,,0,
E10098,2024Q2,S2,M09,Nurse,3,Full-time,2020-09-08,3.6,Under 30,55.5,10.0,27,48.9,0,4,0,
E10099,2024Q2,S2,M08,Nurse,3,Full-time,2019-06-09,4.8,30-39,56.5,11.0,27,53.3,1,2,0,
E10100,2024Q2,S2,M09,Home Health Aide,1,Full-time,2022-10-11,1.5,40-49,20.25,3.6,21,58.6,1,3,0,
E10101,2024Q2,S2,M10,Nurse,3,Full-time,2021-10-02,2.5,Under 30,53.0,4.7,21,33.3,0,4,0,
E10103,2024Q2,S2,M07,Case Manager,2,Full-time,2021-10-17,2.5,30-39,32.25,11.6,44,93.8,1,,0,
E10104,2024Q2,S2,M10,Case Manager,3,Full-time,2015-10-27,8.4,40-49,35.0,3.7,33,59.4,0,,0,
E10105,2024Q2,S2,M10,Admin,1,Full-time,2021-10-16,2.5,30-39,28.0,5.7,0,37.5,0,2,1,Pay
E10106,2024Q2,S2,M06,Case Manager,2,Full-time,2022-08-24,1.6,Under 30,30.0,13.3,32,51.0,1,,1,
E10107,2024Q2,S2,M10,Case Manager,3,Full-time,2016-08-11,7.6,40-49,36.25,2.4,34,73.6,0,,0,
E10108,2024Q2,S2,M07,Home Health Aide,1,Full-time,2023-05-30,0.8,30-39,22.25,6.2,19,26.9,0,,0,
E10109,2024Q2,S2,M07,Home Health Aide,1,Part-time,2012-11-01,11.4,50+,24.5,6.8,14,37.4,0,,0,
E10110,2024Q2,S2,M10,Admin,1,Part-time,2016-08-26,7.6,Under 30,29.25,19.6,0,24.2,0,4,0,
E10111,2024Q2,S2,M08,Home Health Aide,1,Full-time,2022-02-28,2.1,40-49,21.0,11.0,28,26.9,0,3,1,
E10113,2024Q2,S2,M08,Admin,2,Full-time,2019-10-28,4.4,30-39,30.75,10.2,0,22.3,0,,0,
E10114,2024Q2,S2,M10,Driver,1,Full-time,2023-09-10,0.6,Under 30,19.5,15.4,0,44.6,1,5,0,
E10117,2024Q2,S2,M06,Nurse,2,Full-time,2021-09-12,2.6,30-39,51.75,4.8,20,32.2,1,,0,
E10118,2024Q2,S2,M07,Home Health Aide,2,Full-time,2015-12-15,8.3,30-39,23.0,2.8,31,84.6,0,,0,
E10119,2024Q2,S2,M10,Nurse,3,Full-time,2022-07-26,1.7,50+,46.0,11.2,20,40.6,0,2,0,
E10120,2024Q2,S2,M09,Case Manager,3,Full-time,2021-05-17,2.9,Under 30,31.75,23.3,36,72.8,0,2,0,
E10121,2024Q2,S2,M09,Case Manager,2,Full-time,2019-06-11,4.8,50+,32.25,2.4,25,37.9,1,3,0,
E10122,2024Q2,S2,M07,Home Health Aide,1,Full-time,2018-07-20,5.7,40-49,22.25,20.1,30,65.8,0,2,0,
E10123,2024Q2,S2,M08,Case Manager,2,Full-time,2021-07-19,2.7,Under 30,31.25,6.0,24,37.1,0,,0,
E10124,2024Q2,S2,M07,Supervisor,3,Full-time,2018-07-09,5.7,40-49,44.0,7.3,0,48.2,1,,0,
E10125,2024Q2,S2,M06,Case Manager,3,Full-time,2011-03-06,13.1,40-49,36.5,7.7,38,56.8,0,4,0,
E10126,2024Q2,S2,M08,Home Health Aide,1,Full-time,2020-06-08,3.8,30-39,21.25,3.1,21,38.7,0,,0,
E10127,2024Q2,S2,M09,Driver,2,Full-time,2019-07-09,4.7,50+,23.25,9.9,0,40.8,1,4,0,
E10128,2024Q2,S2,M07,Nurse,2,Full-time,2023-11-29,0.3,Under 30,50.75,17.2,29,51.3,0,2,0,
E10130,2024Q2,S2,M10,Home Health Aide,2,Part-time,2019-02-18,5.1,30-39,22.75,11.5,8,20.7,0,3,0,
E10131,2024Q2,S2,M06,Case Manager,2,Full-time,2023-04-21,0.9,Under 30,30.75,3.1,29,17.2,0,4,0,
E10132,2024Q2,S2,M07,Nurse,3,Full-time,2021-01-13,3.2,50+,52.5,6.9,26,62.8,1,,1,Workload or schedule
E10133,2024Q2,S2,M08,Home Health Aide,1,Part-time,2019-04-22,4.9,30-39,23.25,2.8,10,0.0,1,,0,
E10135,2024Q2,S2,M06,Home Health Aide,1,Part-time,2020-11-05,3.4,50+,20.25,17.2,12,32.1,1,,0,
E10427,2024Q2,S2,M07,Case Manager,2,Full-time,2024-04-01,0.0,30-39,28.75,14.0,37,50.3,1,3,0,
E10430,2024Q2,S2,M10,Home Health Aide,1,Full-time,2024-06-08,0.0,50+,21.75,12.2,25,61.5,0,,0,
E10431,2024Q2,S2,M09,Case Manager,2,Full-time,2024-06-10,0.0,50+,29.25,17.6,36,51.6,0,3,1,Pay
E10432,2024Q2,S2,M08,Nurse,2,Full-time,2024-06-16,0.0,50+,46.75,16.6,29,55.9,1,,1,
E10433,2024Q2,S2,M07,Driver,1,Full-time,2024-05-07,0.0,30-39,21.25,11.1,0,48.6,0,,0,
E10434,2024Q2,S2,M07,Nurse,2,Full-time,2024-05-18,0.0,40-49,46.0,18.7,24,68.4,0,1,0,
E10435,2024Q2,S2,M08,Nurse,2,Full-time,2024-05-07,0.0,30-39,56.25,11.6,21,49.0,0,1,0,
E10137,2024Q2,S3,M12,Home Health Aide,2,Full-time,2019-02-21,5.1,50+,19.5,7.4,20,70.7,0,2,0,
E10138,2024Q2,S3,M14,Case Manager,3,Full-time,2022-06-23,1.8,Under 30,27.25,23.1,22,31.1,0,1,0,
E10139,2024Q2,S3,M12,Home Health Aide,1,Full-time,2020-09-05,3.6,40-49,20.5,8.1,19,24.3,0,,0,
E10140,2024Q2,S3,M14,Nurse,3,Full-time,2022-07-07,1.7,40-49,46.5,22.6,16,29.6,1,,0,
E10142,2024Q2,S3,M13,Driver,2,Full-time,2022-07-29,1.7,Under 30,20.5,4.8,0,47.4,0,3,0,
E10143,2024Q2,S3,M11,Case Manager,2,Full-time,2022-04-26,1.9,50+,29.25,35.2,36,58.2,0,,1,
E10144,2024Q2,S3,M11,Home Health Aide,1,Part-time,2014-11-30,9.3,Under 30,19.5,6.1,15,27.6,1,3,0,
E10145,2024Q2,S3,M14,Case Manager,2,Full-time,2014-03-09,10.1,30-39,30.25,25.3,36,42.4,0,1,1,
E10146,2024Q2,S3,M14,Home Health Aide,2,Full-time,2018-07-13,5.7,40-49,21.0,25.1,21,36.6,0,3,0,
E10147,2024Q2,S3,M14,Home Health Aide,2,Full-time,2014-02-05,10.2,40-49,23.5,5.7,26,62.0,0,,1,Workload or schedule
E10148,2024Q2,S3,M11,Driver,1,Full-time,2020-06-23,3.8,Under 30,22.0,24.2,0,33.1,1,4,0,
E10149,2024Q2,S3,M14,Admin,1,Full-time,2023-06-07,0.8,40-49,25.0,14.6,0,50.0,0,2,0,
E10150,2024Q2,S3,M11,Case Manager,2,Full-time,2012-06-03,11.8,30-39,31.5,9.1,35,51.2,0,,0,
E10151,2024Q2,S3,M14,Driver,1,Full-time,2021-02-12,3.1,40-49,20.75,3.8,0,34.7,0,3,0,
E10152,2024Q2,S3,M11,Intake Coordinator,1,Full-time,2023-06-03,0.8,30-39,21.0,4.9,0,22.9,0,,0,
E10153,2024Q2,S3,M11,Case Manager,2,Full-time,2023-09-01,0.6,30-39,27.0,6.4,27,24.1,0,3,0,
E10154,2024Q2,S3,M14,Case Manager,3,Full-time,2021-11-26,2.3,30-39,28.5,27.5,30,52.2,0,,0,
E10155,2024Q2,S3,M11,Case Manager,2,Full-time,2012-03-20,12.0,30-39,34.5,1.9,28,31.7,0,,0,
E10156,2024Q2,S3,M12,Home Health Aide,1,Part-time,2018-07-14,5.7,40-49,21.5,30.9,8,21.1,0,,0,
E10157,2024Q2,S3,M13,Home Health Aide,2,Part-time,2018-07-18,5.7,30-39,21.5,5.4,10,14.9,1,3,0,
E10158,2024Q2,S3,M13,Case Manager,3,Full-time,2020-10-15,3.5,50+,26.75,5.2,36,44.1,1,3,0,
E10159,2024Q2,S3,M11,Home Health Aide,1,Full-time,2010-05-30,13.8,Under 30,24.5,2.7,25,70.4,0,3,0,
E10160,2024Q2,S3,M12,Driver,1,Part-time,2020-10-23,3.4,40-49,18.75,8.3,0,26.4,0,3,0,
E10161,2024Q2,S3,M11,Supervisor,3,Full-time,2022-08-28,1.6,50+,35.0,4.6,0,51.8,0,,0,
E10162,2024Q2,S3,M13,Home Health Aide,1,Full-time,2021-08-04,2.7,Under 30,17.25,8.1,16,33.1,1,2,0,
E10164,2024Q2,S3,M13,Case Manager,3,Full-time,2022-03-20,2.0,30-39,28.5,5.8,30,51.3,0,,0,
E10165,2024Q2,S3,M11,Driver,1,Full-time,2021-11-03,2.4,30-39,21.5,15.8,0,64.4,1,,0,
E10166,2024Q2,S3,M14,Supervisor,3,Full-time,2020-01-25,4.2,30-39,37.5,4.2,0,62.0,0,,1,
E10167,2024Q2,S3,M11,Driver,1,Full-time,2023-06-03,0.8,30-39,22.0,6.1,0,39.6,1,3,0,
E10168,2024Q2,S3,M11,Intake Coordinator,1,Full-time,2023-11-26,0.3,Under 30,23.5,10.0,0,40.6,0,3,1,
E10169,2024Q2,S3,M12,Home Health Aide,2,Part-time,2019-10-18,4.5,Under 30,20.0,8.2,5,0.0,0,3,0,
E10170,2024Q2,S3,M11,Intake Coordinator,1,Full-time,2023-01-31,1.2,30-39,22.5,11.0,0,52.1,0,3,1,
E10171,2024Q2,S3,M14,Case Manager,2,Full-time,2023-04-17,1.0,30-39,26.5,9.9,29,38.4,0,2,0,
E10172,2024Q2,S3,M14,Intake Coordinator,1,Full-time,2021-05-27,2.8,50+,23.25,6.8,0,29.9,0,3,0,
E10173,2024Q2,S3,M13,Driver,1,Full-time,2023-10-07,0.5,Under 30,18.0,2.8,0,61.2,1,3,1,Workload or schedule
E10174,2024Q2,S3,M13,Home Health Aide,1,Part-time,2020-07-18,3.7,30-39,20.0,9.1,11,19.4,0,4,0,
E10175,2024Q2,S3,M12,Admin,1,Full-time,2023-09-19,0.5,50+,23.5,5.9,0,33.9,0,,0,
E10176,2024Q2,S3,M11,Nurse,3,Full-time,2021-12-30,2.3,50+,51.5,3.1,15,24.7,0,4,0,
E10177,2024Q2,S3,M12,Admin,1,Full-time,2017-12-11,6.3,30-39,26.5,52.3,0,52.9,1,,1,Pay
E10178,2024Q2,S3,M12,Case Manager,3,Full-time,2014-07-06,9.7,50+,29.5,13.6,26,32.4,0,,0,
E10179,2024Q2,S3,M13,Driver,1,Part-time,2019-09-15,4.5,30-39,19.75,7.3,0,20.4,0,,1,Pay
E10180,2024Q2,S3,M12,Supervisor,4,Full-time,2017-09-27,6.5,Under 30,41.0,15.5,0,50.2,0,2,1,Workload or schedule
E10182,2024Q2,S3,M13,Supervisor,3,Full-time,2023-04-26,0.9,Under 30,39.25,10.5,0,71.2,0,,0,
E10183,2024Q2,S3,M12,Home Health Aide,1,Full-time,2023-07-11,0.7,30-39,20.0,6.7,18,34.3,1,2,0,
E10184,2024Q2,S3,M14,Admin,1,Part-time,2023-11-02,0.4,30-39,22.5,26.5,0,0.0,0,,0,
E10185,2024Q2,S3,M12,Supervisor,4,Full-time,2020-06-18,3.8,50+,34.75,8.3,0,58.1,0,,0,
E10186,2024Q2,S3,M14,Nurse,4,Part-time,2020-03-25,4.0,Under 30,47.0,13.7,14,10.5,0,3,0,
E10187,2024Q2,S3,M12,Case Manager,2,Full-time,2016-10-10,7.5,Under 30,28.25,9.5,32,78.2,0,,0,
E10188,2024Q2,S3,M12,Driver,2,Full-time,2015-07-12,8.7,Under 30,22.25,6.5,0,45.0,0,2,1,Relocation
E10189,2024Q2,S3,M13,Home Health Aide,1,Part-time,2022-01-18,2.2,50+,19.0,6.6,9,0.0,1,,0,
E10436,2024Q2,S3,M14,Nurse,2,Part-time,2024-04-08,0.0,Under 30,48.0,12.4,15,75.7,0,,0,
E10437,2024Q2,S3,M13,Home Health Aide,1,Full-time,2024-04-05,0.0,Under 30,17.75,5.5,12,41.1,1,2,0,
E10438,2024Q2,S3,M14,Home Health Aide,1,Full-time,2024-04-06,0.0,40-49,17.25,21.6,21,36.2,0,,0,
E10191,2024Q2,S4,M15,Home Health Aide,2,Full-time,2021-05-18,2.9,50+,20.75,10.2,23,46.3,1,,0,
E10192,2024Q2,S4,M18,Admin,2,Full-time,2020-07-28,3.7,30-39,23.75,7.6,0,22.9,0,,0,
E10193,2024Q2,S4,M17,Case Manager,2,Full-time,2018-04-28,5.9,50+,28.5,26.9,23,0.0,1,4,0,
E10194,2024Q2,S4,M16,Case Manager,3,Full-time,2018-06-04,5.8,40-49,30.75,9.9,22,15.0,0,4,0,
E10195,2024Q2,S4,M18,Driver,1,Full-time,2023-02-01,1.2,Under 30,20.75,41.3,0,41.3,1,,0,
E10196,2024Q2,S4,M15,Driver,1,Full-time,2017-04-03,7.0,40-49,25.75,20.1,0,25.1,1,3,0,
E10199,2024Q2,S4,M16,Nurse,2,Full-time,2018-06-11,5.8,30-39,46.75,11.0,20,30.4,1,3,0,
E10200,2024Q2,S4,M15,Home Health Aide,1,Part-time,2022-04-20,1.9,Under 30,18.5,31.8,11,12.3,1,3,0,
E10201,2024Q2,S4,M16,Admin,2,Full-time,2021-06-23,2.8,Under 30,26.75,3.3,0,48.5,1,4,0,
E10202,2024Q2,S4,M18,Nurse,2,Full-time,2022-12-25,1.3,50+,45.75,30.0,28,62.9,1,,0,
E10203,2024Q2,S4,M15,Nurse,3,Part-time,2022-09-29,1.5,Under 30,46.0,27.3,10,28.3,1,3,0,
E10204,2024Q2,S4,M17,Home Health Aide,1,Full-time,2022-12-12,1.3,30-39,19.75,5.1,22,76.3,1,1,0,
E10205,2024Q2,S4,M16,Home Health Aide,2,Part-time,2000-11-26,23.3,40-49,25.25,53.6,8,0.0,1,4,0,
E10206,2024Q2,S4,M15,Case Manager,3,Full-time,2022-07-13,1.7,40-49,27.0,23.3,35,37.3,1,3,0,
E10207,2024Q2,S4,M15,Home Health Aide,1,Full-time,2023-03-08,1.1,50+,21.25,21.5,22,29.7,1,3,0,
E10208,2024Q2,S4,M15,Intake Coordinator,3,Full-time,2016-09-12,7.6,40-49,23.0,9.1,0,22.7,1,3,0,
E10209,2024Q2,S4,M15,Intake Coordinator,1,Full-time,2020-04-08,4.0,40-49,24.75,1.4,0,46.9,1,4,0,
E10210,2024Q2,S4,M17,Driver,1,Full-time,2023-02-18,1.1,50+,20.75,14.8,0,32.7,1,,0,
E10211,2024Q2,S4,M18,Nurse,3,Full-time,2019-02-24,5.1,Under 30,47.75,9.0,24,45.4,0,3,0,
E10212,2024Q2,S4,M16,Case Manager,2,Full-time,2023-10-13,0.5,50+,27.5,27.8,29,13.5,1,,0,
E10213,2024Q2,S4,M18,Home Health Aide,1,Full-time,2022-05-13,1.9,30-39,20.25,15.2,18,32.5,1,,0,
E10214,2024Q2,S4,M17,Admin,3,Full-time,2019-05-05,4.9,30-39,25.5,8.6,0,42.5,0,2,0,
E10216,2024Q2,S4,M18,Home Health Aide,1,Full-time,2016-02-19,8.1,50+,23.5,9.4,25,89.9,1,,0,
E10217,2024Q2,S4,M18,Nurse,2,Full-time,2017-08-08,6.6,40-49,61.75,67.5,27,43.3,0,,0,
E10218,2024Q2,S4,M17,Home Health Aide,2,Part-time,2012-04-03,12.0,40-49,22.75,13.6,15,8.9,0,3,0,
E10219,2024Q2,S4,M17,Intake Coordinator,2,Full-time,2020-11-29,3.3,30-39,24.25,1.7,0,69.7,0,3,0,
E10220,2024Q2,S4,M15,Supervisor,4,Full-time,2017-09-02,6.6,Under 30,43.0,4.2,0,30.5,0,3,0,
E10222,2024Q2,S4,M18,Case Manager,2,Full-time,2019-02-01,5.2,40-49,30.25,8.1,38,62.9,0,,0,
E10223,2024Q2,S4,M15,Case Manager,2,Full-time,2023-04-30,0.9,40-49,25.5,19.9,42,62.4,1,2,0,
E10225,2024Q2,S4,M17,Supervisor,4,Full-time,2021-10-15,2.5,30-39,38.0,15.6,0,30.0,0,,0,
E10226,2024Q2,S4,M16,Case Manager,2,Full-time,2022-11-09,1.4,50+,30.25,10.7,25,8.6,1,4,0,
E10227,2024Q2,S4,M18,Case Manager,2,Full-time,2022-02-01,2.2,30-39,27.0,12.1,30,18.8,1,5,0,
E10228,2024Q2,S4,M17,Home Health Aide,1,Full-time,2020-08-12,3.6,Under 30,19.5,9.0,19,26.9,1,3,0,
E10230,2024Q2,S4,M18,Admin,3,Part-time,2017-12-05,6.3,50+,27.25,8.7,0,0.0,0,3,0,
E10231,2024Q2,S4,M15,Home Health Aide,1,Full-time,2020-11-01,3.4,30-39,18.0,12.8,15,12.0,1,3,0,
E10232,2024Q2,S4,M16,Driver,2,Full-time,2022-04-14,2.0,40-49,18.5,19.8,0,20.4,1,3,0,
E10233,2024Q2,S4,M17,Case Manager,3,Full-time,2013-01-14,11.2,30-39,31.0,7.6,34,62.1,1,3,0,
E10234,2024Q2,S4,M15,Home Health Aide,1,Full-time,2015-02-04,9.2,30-39,21.75,32.8,20,35.0,0,,0,
E10235,2024Q2,S4,M15,Home Health Aide,1,Full-time,2020-10-24,3.4,30-39,20.75,14.8,14,39.0,0,2,1,Workload or schedule
E10236,2024Q2,S4,M15,Driver,2,Full-time,2017-08-09,6.6,30-39,23.0,4.7,0,32.7,0,,1,Workload or schedule
E10237,2024Q2,S4,M15,Admin,2,Full-time,2021-08-15,2.6,30-39,27.0,10.1,0,56.4,0,,0,
E10238,2024Q2,S4,M17,Intake Coordinator,1,Full-time,2023-06-29,0.8,30-39,21.75,4.6,0,57.4,1,,1,
E10239,2024Q2,S4,M17,Nurse,2,Full-time,2021-10-12,2.5,40-49,53.25,20.8,22,40.5,1,,0,
E10240,2024Q2,S4,M17,Nurse,2,Full-time,2021-07-21,2.7,50+,47.25,19.0,28,68.6,1,3,0,
E10425,2024Q2,S4,M17,Intake Coordinator,1,Full-time,2024-04-01,0.0,30-39,19.5,4.4,0,15.5,0,4,0,
E10439,2024Q2,S4,M15,Case Manager,2,Full-time,2024-04-24,0.0,50+,25.5,15.7,29,23.1,0,3,1,
E10440,2024Q2,S4,M16,Case Manager,2,Full-time,2024-04-13,0.0,Under 30,26.5,11.0,37,51.5,0,,0,
E10241,2024Q2,S5,M22,Case Manager,3,Full-time,2020-02-12,4.1,50+,29.5,11.9,28,44.2,0,,0,
E10242,2024Q2,S5,M20,Nurse,4,Full-time,2017-02-05,7.2,30-39,53.5,31.5,37,91.1,1,1,0,
E10243,2024Q2,S5,M20,Nurse,3,Full-time,2019-06-02,4.8,30-39,54.0,13.7,29,53.7,0,2,0,
E10244,2024Q2,S5,M22,Nurse,2,Full-time,2022-01-09,2.2,40-49,48.0,9.7,28,69.0,0,,0,
E10245,2024Q2,S5,M21,Home Health Aide,1,Part-time,2023-09-09,0.6,40-49,19.25,33.0,13,37.1,0,2,0,
E10246,2024Q2,S5,M22,Driver,2,Full-time,2019-10-07,4.5,30-39,20.5,16.7,0,40.4,0,,0,
E10248,2024Q2,S5,M19,Nurse,2,Full-time,2016-08-29,7.6,Under 30,52.5,35.4,27,77.4,1,,0,
E10249,2024Q2,S5,M21,Nurse,2,Part-time,2019-06-09,4.8,40-49,50.75,21.6,8,20.0,0,,0,
E10250,2024Q2,S5,M22,Driver,1,Full-time,2022-02-07,2.1,50+,21.25,15.2,0,37.7,0,,0,
E10251,2024Q2,S5,M22,Case Manager,2,Full-time,2020-09-23,3.5,30-39,28.75,7.9,36,52.6,1,,0,
E10253,2024Q2,S5,M19,Home Health Aide,1,Full-time,2023-09-24,0.5,40-49,19.75,10.0,11,28.2,1,,0,
E10254,2024Q2,S5,M20,Nurse,3,Full-time,2018-02-07,6.1,30-39,54.25,10.9,22,45.4,0,,0,
E10255,2024Q2,S5,M21,Home Health Aide,2,Full-time,2018-12-07,5.3,Under 30,18.0,12.2,21,52.2,0,,1,
E10258,2024Q2,S5,M22,Case Manager,2,Full-time,2022-10-07,1.5,30-39,25.75,3.7,30,70.5,0,,0,
E10259,2024Q2,S5,M22,Case Manager,3,Part-time,2016-09-21,7.5,50+,31.5,12.2,11,30.6,0,,0,
E10260,2024Q2,S5,M22,Admin,1,Part-time,2023-09-26,0.5,30-39,22.25,15.7,0,29.1,0,,0,
E10261,2024Q2,S5,M20,Home Health Aide,2,Full-time,2014-12-05,9.3,30-39,24.75,9.6,32,84.1,0,2,1,
E10263,2024Q2,S5,M21,Home Health Aide,2,Part-time,2019-04-12,5.0,40-49,20.75,7.9,7,23.2,1,2,0,
E10264,2024Q2,S5,M21,Home Health Aide,1,Part-time,2022-11-21,1.4,50+,20.25,4.2,8,22.2,0,,0,
E10265,2024Q2,S5,M22,Case Manager,3,Full-time,2016-10-01,7.5,30-39,32.5,12.8,36,31.9,0,1,0,
E10267,2024Q2,S5,M20,Case Manager,3,Full-time,2014-12-23,9.3,40-49,33.0,6.8,33,48.5,0,,0,
E10268,2024Q2,S5,M19,Case Manager,2,Full-time,2022-02-22,2.1,40-49,29.25,6.8,26,28.3,1,2,0,
E10269,2024Q2,S5,M22,Case Manager,2,Full-time,2021-10-27,2.4,50+,28.0,21.9,33,51.5,0,,0,
E10270,2024Q2,S5,M21,Case Manager,2,Full-time,2021-08-25,2.6,30-39,28.5,9.4,32,59.2,0,,1,
E10271,2024Q2,S5,M19,Home Health Aide,1,Full-time,2021-03-26,3.0,Under 30,18.25,16.6,18,50.0,0,,0,
E10272,2024Q2,S5,M21,Supervisor,3,Full-time,2022-08-09,1.6,50+,38.0,11.4,0,50.3,0,,0,
E10276,2024Q2,S5,M19,Case Manager,2,Full-time,2023-07-09,0.7,Under 30,28.0,4.2,30,58.9,1,2,1,
E10277,2024Q2,S5,M21,Home Health Aide,1,Full-time,2015-09-15,8.5,30-39,24.5,4.7,23,83.6,0,1,0,
E10278,2024Q2,S5,M19,Case Manager,2,Full-time,2022-08-26,1.6,Under 30,30.0,2.9,24,17.6,0,2,0,
E10279,2024Q2,S5,M20,Home Health Aide,2,Part-time,2018-02-04,6.2,40-49,22.25,11.7,9,0.0,0,,0,
E10280,2024Q2,S5,M20,Driver,1,Part-time,2021-09-12,2.6,30-39,21.0,20.2,0,0.0,1,3,0,
E10281,2024Q2,S5,M22,Driver,1,Part-time,2018-10-19,5.5,40-49,22.25,3.8,0,1.0,0,,0,
E10282,2024Q2,S5,M20,Admin,1,Full-time,2019-12-27,4.3,30-39,30.0,18.8,0,28.1,0,2,0,
E10283,2024Q2,S5,M21,Case Manager,2,Full-time,2019-02-27,5.1,50+,30.25,13.6,37,79.6,0,,1,
E10284,2024Q2,S5,M21,Driver,1,Full-time,2022-10-20,1.4,40-49,19.75,4.5,0,50.5,0,1,1,
E10285,2024Q2,S5,M19,Nurse,3,Full-time,2022-01-28,2.2,Under 30,45.75,2.2,24,42.8,0,,0,
E10286,2024Q2,S5,M22,Home Health Aide,1,Part-time,2023-07-24,0.7,30-39,19.5,19.5,9,36.8,0,,0,
E10287,2024Q2,S5,M22,Intake Coordinator,2,Full-time,2018-08-17,5.6,Under 30,26.75,26.5,0,14.7,0,2,1,
E10289,2024Q2,S5,M19,Case Manager,2,Full-time,2022-01-12,2.2,40-49,28.25,4.5,35,66.0,0,,0,
E10426,2024Q2,S5,M19,Home Health Aide,1,Full-time,2024-04-01,0.0,50+,17.75,16.9,20,36.6,0,,0,
E10441,2024Q2,S5,M20,Driver,1,Full-time,2024-04-22,0.0,30-39,18.0,9.8,0,45.1,0,,0,
E10442,2024Q2,S5,M20,Case Manager,2,Full-time,2024-05-27,0.0,40-49,26.5,27.7,35,63.3,0,2,0,
E10443,2024Q2,S5,M22,Case Manager,2,Full-time,2024-04-10,0.0,40-49,26.75,6.6,36,74.6,0,,1,
E10444,2024Q2,S5,M22,Nurse,2,Full-time,2024-04-20,0.0,30-39,44.75,7.2,35,86.2,0,2,1,Workload or schedule
E10445,2024Q2,S5,M19,Home Health Aide,1,Part-time,2024-04-04,0.0,50+,19.75,15.5,14,14.9,0,,1,
E10446,2024Q2,S5,M20,Home Health Aide,1,Part-time,2024-05-24,0.0,30-39,19.0,3.3,10,35.7,0,1,0,
E10291,2024Q2,S6,M25,Driver,1,Full-time,2016-12-26,7.3,30-39,22.75,12.1,0,46.7,1,2,1,Pay
E10292,2024Q2,S6,M23,Nurse,3,Full-time,2021-09-24,2.5,40-49,44.0,10.4,29,51.1,0,,1,Relocation
E10293,2024Q2,S6,M25,Intake Coordinator,2,Full-time,2022-02-13,2.1,50+,21.25,12.0,0,9.6,0,,0,
E10294,2024Q2,S6,M25,Driver,1,Full-time,2022-09-30,1.5,Under 30,20.25,14.6,0,27.3,0,,1,Pay
E10295,2024Q2,S6,M23,Home Health Aide,1,Full-time,2022-03-17,2.0,40-49,20.5,9.7,12,0.0,1,4,0,
E10296,2024Q2,S6,M24,Intake Coordinator,2,Full-time,2022-02-18,2.1,50+,22.5,5.2,0,37.4,1,5,0,
E10297,2024Q2,S6,M25,Nurse,2,Full-time,2016-03-09,8.1,30-39,42.75,14.9,21,34.8,0,,0,
E10298,2024Q2,S6,M24,Admin,1,Full-time,2019-04-21,4.9,40-49,24.75,12.0,0,62.5,1,,0,
E10299,2024Q2,S6,M23,Driver,2,Part-time,2019-04-03,5.0,Under 30,20.5,17.1,0,18.4,0,3,0,
E10300,2024Q2,S6,M25,Home Health Aide,2,Full-time,2011-11-27,12.3,30-39,20.75,37.8,26,65.0,1,2,1,Workload or schedule
E10301,2024Q2,S6,M24,Home Health Aide,1,Full-time,2022-05-03,1.9,Under 30,18.5,12.1,15,40.6,1,3,1,
E10302,2024Q2,S6,M24,Home Health Aide,1,Full-time,2022-02-23,2.1,50+,19.5,29.5,15,7.8,0,,0,
E10304,2024Q2,S6,M24,Case Manager,2,Full-time,2020-09-01,3.6,Under 30,29.75,10.0,26,33.5,1,2,0,
E10305,2024Q2,S6,M23,Case Manager,2,Full-time,2019-12-07,4.3,Under 30,30.25,10.8,29,63.7,1,3,1,Workload or schedule
E10306,2024Q2,S6,M23,Home Health Aide,2,Full-time,2020-05-17,3.9,30-39,18.75,29.8,12,44.4,0,,0,
E10307,2024Q2,S6,M24,Case Manager,2,Full-time,2022-12-16,1.3,30-39,26.0,6.0,35,35.0,1,,0,
E10308,2024Q2,S6,M23,Nurse,3,Full-time,2023-03-24,1.0,Under 30,47.25,105.2,23,43.3,0,,0,
E10309,2024Q2,S6,M23,Home Health Aide,1,Part-time,2023-10-16,0.5,Under 30,18.5,108.2,2,0.0,0,,0,
E10310,2024Q2,S6,M25,Driver,1,Part-time,2023-05-03,0.9,40-49,16.75,17.6,0,19.9,0,,0,
E10311,2024Q2,S6,M23,Supervisor,4,Full-time,2017-07-06,6.7,30-39,38.25,10.3,0,38.9,0,,0,
E10313,2024Q2,S6,M25,Home Health Aide,1,Part-time,2012-05-08,11.9,Under 30,21.5,13.3,9,21.4,0,3,0,
E10314,2024Q2,S6,M24,Nurse,2,Part-time,2021-11-28,2.3,50+,51.5,13.3,16,51.6,0,3,0,
E10315,2024Q2,S6,M23,Case Manager,3,Part-time,2015-01-29,9.2,30-39,29.25,12.9,13,24.8,0,2,0,
E10316,2024Q2,S6,M25,Home Health Aide,1,Full-time,2022-05-05,1.9,30-39,19.5,46.7,23,66.9,0,,0,
E10317,2024Q2,S6,M23,Intake Coordinator,1,Full-time,2021-07-01,2.8,50+,19.0,52.4,0,23.3,1,3,0,
E10318,2024Q2,S6,M24,Nurse,2,Full-time,2016-05-14,7.9,50+,45.5,30.8,26,31.5,0,4,0,
E10319,2024Q2,S6,M24,Nurse,2,Full-time,2022-12-03,1.3,50+,46.25,14.9,20,5.5,0,3,1,
E10320,2024Q2,S6,M25,Home Health Aide,1,Full-time,2021-12-10,2.3,50+,19.25,43.3,8,22.3,0,4,0,
E10321,2024Q2,S6,M23,Driver,1,Full-time,2018-10-22,5.4,50+,22.0,34.2,0,8.5,0,3,0,
E10323,2024Q2,S6,M23,Home Health Aide,1,Part-time,2019-06-08,4.8,40-49,18.5,12.4,5,1.7,1,5,0,
E10324,2024Q2,S6,M24,Home Health Aide,1,Full-time,2019-11-16,4.4,Under 30,19.25,5.6,25,81.2,1,,0,
E10325,2024Q2,S6,M25,Driver,1,Full-time,2023-05-30,0.8,30-39,19.0,23.8,0,37.5,1,,0,
E10326,2024Q2,S6,M24,Case Manager,2,Full-time,2014-03-22,10.0,50+,27.0,22.8,25,18.4,1,4,0,
E10327,2024Q2,S6,M25,Driver,2,Part-time,2018-05-07,5.9,50+,19.0,14.0,0,27.5,0,,0,
E10328,2024Q2,S6,M25,Admin,2,Full-time,2013-05-14,10.9,50+,29.5,40.5,0,63.6,0,1,0,
E10329,2024Q2,S6,M24,Driver,2,Full-time,2013-02-08,11.1,30-39,22.0,21.6,0,7.6,0,,0,
E10330,2024Q2,S6,M25,Home Health Aide,1,Part-time,2017-05-03,6.9,40-49,21.0,9.1,9,21.5,0,3,0,
E10331,2024Q2,S6,M23,Home Health Aide,1,Full-time,2018-11-03,5.4,30-39,21.25,21.7,25,62.7,0,,1,
E10332,2024Q2,S6,M23,Home Health Aide,1,Full-time,2023-06-05,0.8,50+,18.5,6.0,13,27.6,1,3,0,
E10333,2024Q2,S6,M25,Home Health Aide,2,Part-time,2017-03-13,7.1,Under 30,21.5,10.5,11,9.8,0,3,0,
E10334,2024Q2,S6,M25,Nurse,2,Full-time,2023-08-27,0.6,40-49,44.0,14.4,11,24.6,1,,0,
E10447,2024Q2,S6,M24,Supervisor,3,Full-time,2024-05-06,0.0,50+,31.75,10.9,0,53.3,1,,0,
E10448,2024Q2,S6,M23,Case Manager,2,Full-time,2024-06-18,0.0,40-49,24.75,34.5,38,65.0,0,2,0,
E10449,2024Q2,S6,M24,Nurse,3,Full-time,2024-05-06,0.0,30-39,45.5,18.9,18,48.4,0,3,1,
E10336,2024Q2,S7,M28,Driver,1,Full-time,2018-10-03,5.5,50+,19.75,25.2,0,46.0,0,2,0,
E10338,2024Q2,S7,M27,Driver,2,Part-time,2022-04-10,2.0,50+,18.5,10.2,0,0.0,0,3,0,
E10339,2024Q2,S7,M27,Admin,1,Part-time,2021-10-16,2.5,50+,25.0,45.8,0,6.5,0,2,0,
E10340,2024Q2,S7,M26,Home Health Aide,1,Full-time,2023-02-24,1.1,30-39,19.75,15.0,20,45.0,0,4,1,
E10341,2024Q2,S7,M28,Case Manager,2,Full-time,2018-11-28,5.3,40-49,28.5,20.0,24,30.7,1,4,0,
E10342,2024Q2,S7,M26,Nurse,3,Full-time,2022-03-03,2.1,30-39,48.25,66.1,23,50.7,0,4,1,
E10344,2024Q2,S7,M28,Driver,1,Full-time,2022-11-08,1.4,Under 30,19.25,10.4,0,34.8,1,,1,Workload or schedule
E10345,2024Q2,S7,M28,Home Health Aide,1,Full-time,2022-10-03,1.5,40-49,16.75,15.8,21,42.2,0,3,0,
E10346,2024Q2,S7,M27,Intake Coordinator,1,Full-time,2021-08-07,2.7,Under 30,21.0,18.8,0,21.9,0,2,0,
E10347,2024Q2,S7,M27,Home Health Aide,1,Full-time,2023-10-09,0.5,30-39,17.5,27.8,18,60.0,1,2,0,
E10348,2024Q2,S7,M28,Case Manager,2,Full-time,2023-03-19,1.0,40-49,25.0,6.6,29,6.7,0,,0,
E10349,2024Q2,S7,M27,Admin,2,Full-time,2019-12-13,4.3,Under 30,23.0,12.4,0,47.1,0,,0,
E10350,2024Q2,S7,M26,Case Manager,3,Full-time,2022-09-10,1.6,30-39,26.75,21.7,32,38.0,0,2,0,
E10351,2024Q2,S7,M28,Home Health Aide,1,Full-time,2023-09-01,0.6,50+,17.5,13.1,10,29.1,1,4,0,
E10352,2024Q2,S7,M27,Home Health Aide,1,Part-time,2021-12-10,2.3,40-49,19.75,16.9,7,31.7,0,,0,
E10353,2024Q2,S7,M27,Admin,2,Full-time,2019-03-27,5.0,Under 30,23.0,20.2,0,42.6,1,3,0,
E10354,2024Q2,S7,M26,Home Health Aide,1,Part-time,2023-08-09,0.6,50+,19.75,30.2,13,10.2,0,3,0,
E10355,2024Q2,S7,M28,Nurse,3,Full-time,2007-08-02,16.7,50+,57.0,16.7,16,22.7,1,3,0,
E10356,2024Q2,S7,M28,Case Manager,2,Full-time,2023-12-26,0.3,30-39,25.0,8.7,27,6.7,0,5,0,
E10357,2024Q2,S7,M28,Home Health Aide,1,Full-time,2022-06-09,1.8,40-49,18.75,14.3,12,27.1,0,3,0,
E10358,2024Q2,S7,M28,Supervisor,4,Full-time,2006-02-18,18.1,30-39,45.75,38.4,0,35.3,0,,0,
E10359,2024Q2,S7,M26,Supervisor,4,Full-time,2013-02-05,11.2,Under 30,44.25,19.6,0,48.0,1,3,0,
E10360,2024Q2,S7,M28,Case Manager,3,Full-time,2020-05-21,3.9,30-39,26.0,18.6,38,58.4,1,,0,
E10361,2024Q2,S7,M28,Home Health Aide,1,Full-time,2014-02-27,10.1,40-49,22.25,36.9,18,29.6,0,4,0,
E10363,2024Q2,S7,M26,Nurse,2,Part-time,2022-07-05,1.7,40-49,44.75,18.1,15,30.6,1,4,0,
E10364,2024Q2,S7,M26,Intake Coordinator,1,Full-time,2021-12-05,2.3,40-49,20.25,14.8,0,46.3,0,4,0,
E10365,2024Q2,S7,M27,Home Health Aide,1,Full-time,2023-12-22,0.3,40-49,20.5,15.6,18,44.6,0,2,1,Career change
E10366,2024Q2,S7,M28,Home Health Aide,1,Part-time,2023-08-27,0.6,50+,17.0,30.4,9,12.8,0,2,0,
E10367,2024Q2,S7,M28,Home Health Aide,2,Part-time,2019-08-24,4.6,30-39,19.75,10.0,11,24.0,0,4,0,
E10368,2024Q2,S7,M27,Case Manager,2,Full-time,2021-12-27,2.3,50+,26.0,45.0,28,25.2,0,,0,
E10369,2024Q2,S7,M28,Admin,1,Full-time,2020-11-25,3.3,40-49,24.0,69.1,0,20.7,0,,0,
E10370,2024Q2,S7,M26,Home Health Aide,1,Part-time,2023-10-22,0.4,Under 30,19.25,30.9,7,1.4,0,4,1,
E10371,2024Q2,S7,M26,Home Health Aide,1,Part-time,2021-11-26,2.3,30-39,18.75,13.9,5,0.0,1,4,0,
E10372,2024Q2,S7,M27,Nurse,2,Full-time,2023-05-23,0.9,40-49,41.75,43.3,14,16.9,1,4,0,
E10373,2024Q2,S7,M28,Nurse,3,Full-time,2022-01-21,2.2,40-49,47.25,26.6,13,12.4,1,4,0,
E10374,2024Q2,S7,M27,Nurse,2,Full-time,2023-11-07,0.4,40-49,43.5,34.1,13,14.0,0,3,0,
E10376,2024Q2,S7,M28,Nurse,4,Full-time,2019-05-01,4.9,40-49,48.75,10.5,22,16.6,0,,1,Pay
E10377,2024Q2,S7,M26,Nurse,3,Full-time,2023-02-25,1.1,Under 30,41.5,5.6,19,53.8,0,,0,
E10378,2024Q2,S7,M28,Case Manager,2,Full-time,2023-09-12,0.6,30-39,26.5,25.4,33,80.0,0,2,1,
E10379,2024Q2,S7,M27,Nurse,2,Full-time,2022-09-30,1.5,30-39,46.5,16.5,18,31.6,0,,1,
E10380,2024Q2,S7,M27,Admin,1,Full-time,2020-07-18,3.7,Under 30,23.75,30.3,0,44.6,1,,0,
E10423,2024Q2,S7,M26,Nurse,2,Full-time,2024-04-01,0.0,40-49,48.25,7.8,17,10.4,0,3,1,
E10424,2024Q2,S7,M26,Home Health Aide,1,Part-time,2024-04-01,0.0,50+,17.0,7.7,11,17.8,0,,0,
E10450,2024Q2,S7,M27,Supervisor,3,Full-time,2024-05-29,0.0,50+,30.5,18.1,0,29.6,1,,1,Workload or schedule
E10382,2024Q2,S8,M30,Home Health Aide,2,Part-time,2006-10-12,17.5,50+,21.5,66.0,8,21.8,0,3,0,
E10384,2024Q2,S8,M31,Driver,2,Full-time,2016-09-14,7.5,50+,20.5,43.4,0,42.8,0,2,0,
E10385,2024Q2,S8,M30,Home Health Aide,1,Part-time,2023-10-27,0.4,50+,18.25,84.4,16,16.3,1,,0,
E10387,2024Q2,S8,M30,Home Health Aide,1,Part-time,2023-05-26,0.9,40-49,18.5,16.2,17,23.9,1,4,0,
E10388,2024Q2,S8,M29,Nurse,2,Part-time,2022-03-23,2.0,Under 30,39.0,6.1,19,35.8,0,,0,
E10389,2024Q2,S8,M30,Home Health Aide,1,Part-time,2022-08-11,1.6,Under 30,17.75,18.6,13,7.4,1,3,0,
E10390,2024Q2,S8,M30,Home Health Aide,1,Full-time,2010-06-08,13.8,50+,23.5,37.0,13,20.9,1,4,0,
E10391,2024Q2,S8,M31,Home Health Aide,1,Part-time,2022-07-13,1.7,30-39,19.0,79.9,10,4.4,1,,0,
E10393,2024Q2,S8,M29,Driver,1,Part-time,2023-01-02,1.2,30-39,18.25,36.8,0,0.6,0,3,0,
E10394,2024Q2,S8,M31,Driver,1,Part-time,2022-07-04,1.7,Under 30,19.25,19.3,0,4.0,0,5,0,
E10395,2024Q2,S8,M30,Home Health Aide,2,Part-time,2023-01-26,1.2,40-49,19.25,17.9,12,45.2,0,,0,
E10396,2024Q2,S8,M30,Driver,2,Part-time,2021-02-04,3.2,Under 30,19.5,28.9,0,25.6,1,,1,Workload or schedule
E10397,2024Q2,S8,M30,Driver,1,Full-time,2019-01-22,5.2,50+,22.5,28.3,0,28.8,1,4,0,
E10398,2024Q2,S8,M29,Nurse,2,Full-time,2020-01-08,4.2,40-49,47.0,15.3,14,15.8,1,2,0,
E10399,2024Q2,S8,M31,Supervisor,3,Full-time,2023-07-28,0.7,Under 30,36.5,31.8,0,22.1,0,,0,
E10400,2024Q2,S8,M31,Admin,3,Full-time,2019-02-01,5.2,40-49,25.25,22.5,0,39.8,1,,1,
E10401,2024Q2,S8,M31,Home Health Aide,1,Part-time,2022-06-01,1.8,30-39,20.25,13.3,10,31.9,1,2,0,
E10402,2024Q2,S8,M30,Admin,1,Full-time,2016-09-12,7.6,30-39,23.0,8.9,0,15.5,1,4,0,
E10403,2024Q2,S8,M31,Case Manager,2,Part-time,2023-12-10,0.3,50+,28.0,39.6,12,0.0,1,4,0,
E10404,2024Q2,S8,M29,Nurse,2,Full-time,2022-09-12,1.6,50+,49.5,61.3,26,52.1,0,2,0,
E10405,2024Q2,S8,M29,Case Manager,3,Full-time,2019-07-09,4.7,50+,28.5,52.4,27,41.9,1,3,1,
E10406,2024Q2,S8,M30,Case Manager,2,Full-time,2013-10-30,10.4,30-39,31.0,4.2,29,53.5,1,3,0,
E10407,2024Q2,S8,M29,Home Health Aide,1,Full-time,2023-07-14,0.7,40-49,19.75,11.5,15,31.2,0,2,0,
E10408,2024Q2,S8,M31,Nurse,2,Part-time,2023-09-28,0.5,Under 30,45.25,15.2,10,3.8,0,,0,
E10409,2024Q2,S8,M31,Home Health Aide,2,Part-time,2021-07-18,2.7,30-39,19.5,52.6,6,0.0,0,3,0,
E10410,2024Q2,S8,M30,Case Manager,2,Full-time,2023-03-07,1.1,30-39,23.75,11.1,33,44.9,1,,0,
E10411,2024Q2,S8,M29,Nurse,2,Full-time,2022-08-26,1.6,30-39,44.75,24.9,23,31.2,0,2,0,
E10412,2024Q2,S8,M29,Case Manager,2,Part-time,2021-07-01,2.8,30-39,28.25,49.5,17,14.5,0,,0,
E10413,2024Q2,S8,M31,Home Health Aide,1,Part-time,2014-11-14,9.4,50+,21.75,16.9,11,18.8,0,4,1,
E10414,2024Q2,S8,M31,Admin,3,Part-time,2017-03-10,7.1,30-39,24.25,14.7,0,42.9,1,4,0,
E10415,2024Q2,S8,M31,Intake Coordinator,2,Full-time,2021-07-06,2.7,40-49,21.5,46.9,0,52.3,0,2,0,
E10416,2024Q2,S8,M30,Nurse,4,Full-time,2018-10-23,5.4,50+,43.0,11.3,19,27.5,0,4,0,
E10419,2024Q2,S8,M30,Driver,1,Full-time,2022-05-27,1.8,30-39,18.75,12.8,0,44.4,0,1,0,
E10420,2024Q2,S8,M30,Nurse,2,Full-time,2023-04-28,0.9,40-49,40.75,11.6,20,19.7,1,,1,
E10422,2024Q2,S8,M29,Intake Coordinator,1,Full-time,2024-04-01,0.0,40-49,19.5,10.3,0,50.7,0,1,0,
E10429,2024Q2,S8,M29,Intake Coordinator,1,Full-time,2024-04-01,0.0,40-49,19.25,7.6,0,48.4,0,,0,
E10451,2024Q2,S8,M31,Home Health Aide,1,Full-time,2024-05-20,0.0,50+,20.0,17.7,11,35.1,0,1,0,
E10001,2024Q3,S1,M03,Case Manager,2,Full-time,2021-08-03,2.9,50+,33.75,9.3,35,47.2,1,4,0,
E10002,2024Q3,S1,M01,Case Manager,2,Full-time,2022-06-13,2.1,30-39,32.0,3.1,26,44.0,1,2,0,
E10003,2024Q3,S1,M01,Home Health Aide,2,Part-time,2011-05-25,13.1,40-49,27.5,17.1,13,37.5,0,,0,
E10004,2024Q3,S1,M05,Driver,2,Part-time,2023-09-06,0.8,50+,23.5,7.0,0,0.0,0,5,0,
E10005,2024Q3,S1,M02,Nurse,2,Full-time,2022-10-30,1.7,Under 30,51.0,9.9,35,44.2,1,5,0,
E10006,2024Q3,S1,M05,Nurse,4,Full-time,2012-11-23,11.6,40-49,64.75,3.7,26,39.4,0,4,0,
E10008,2024Q3,S1,M01,Supervisor,4,Full-time,2020-08-09,3.9,40-49,45.0,19.3,0,51.1,0,3,0,
E10009,2024Q3,S1,M03,Case Manager,2,Full-time,2023-02-05,1.4,30-39,30.75,4.3,35,64.3,0,,1,
E10010,2024Q3,S1,M04,Home Health Aide,1,Full-time,2020-08-21,3.9,Under 30,20.5,6.2,22,60.6,1,3,0,
E10011,2024Q3,S1,M05,Driver,1,Part-time,2023-12-31,0.5,30-39,21.0,4.8,0,0.0,0,4,0,
E10012,2024Q3,S1,M04,Admin,2,Full-time,2021-05-16,3.1,50+,24.75,5.8,0,49.8,1,,0,
E10015,2024Q3,S1,M01,Admin,1,Full-time,2019-12-01,4.6,Under 30,28.75,10.6,0,44.1,0,2,0,
E10016,2024Q3,S1,M05,Driver,2,Part-time,2019-12-28,4.5,Under 30,25.0,18.1,0,9.5,1,4,0,
E10017,2024Q3,S1,M04,Driver,1,Full-time,2022-12-06,1.6,30-39,23.0,2.6,0,51.9,0,2,0,
E10018,2024Q3,S1,M03,Driver,2,Part-time,2021-09-30,2.8,Under 30,24.5,8.6,0,19.7,0,1,0,
E10019,2024Q3,S1,M05,Admin,1,Part-time,2023-04-23,1.2,30-39,27.25,5.1,0,0.0,1,4,0,
E10020,2024Q3,S1,M02,Nurse,3,Full-time,2011-05-07,13.2,30-39,58.75,14.7,28,4.6,1,4,0,
E10021,2024Q3,S1,M05,Home Health Aide,1,Full-time,2012-02-19,12.4,40-49,23.75,2.2,20,66.2,0,4,0,
E10022,2024Q3,S1,M02,Intake Coordinator,2,Full-time,2023-05-20,1.1,30-39,25.75,4.9,0,25.8,1,5,0,
E10023,2024Q3,S1,M02,Admin,3,Part-time,2020-02-05,4.4,30-39,31.0,6.3,0,7.2,1,5,0,
E10024,2024Q3,S1,M05,Home Health Aide,1,Part-time,2023-03-18,1.3,Under 30,20.75,5.1,13,17.7,1,4,0,
E10025,2024Q3,S1,M04,Case Manager,3,Full-time,2019-06-24,5.0,Under 30,31.5,10.7,25,25.2,1,4,0,
E10026,2024Q3,S1,M04,Nurse,3,Full-time,2019-02-17,5.4,40-49,59.25,7.5,29,46.2,1,4,0,
E10027,2024Q3,S1,M01,Nurse,3,Part-time,2022-12-13,1.5,Under 30,48.75,23.1,17,20.6,0,4,0,
E10028,2024Q3,S1,M01,Nurse,2,Full-time,2023-05-18,1.1,40-49,50.25,9.7,24,64.8,1,3,0,
E10029,2024Q3,S1,M01,Home Health Aide,1,Full-time,2022-03-20,2.3,50+,21.25,8.9,19,24.2,0,3,0,
E10032,2024Q3,S1,M03,Home Health Aide,2,Full-time,2016-12-21,7.5,Under 30,22.75,12.9,22,50.3,0,3,0,
E10033,2024Q3,S1,M03,Case Manager,3,Full-time,2020-12-26,3.5,30-39,32.0,4.2,42,58.2,0,,0,
E10034,2024Q3,S1,M03,Admin,2,Full-time,2021-05-30,3.1,40-49,27.25,8.5,0,20.0,0,,0,
E10035,2024Q3,S1,M04,Nurse,2,Full-time,2022-12-23,1.5,40-49,50.25,16.2,20,20.5,0,2,0,
E10036,2024Q3,S1,M02,Home Health Aide,1,Part-time,2022-03-18,2.3,30-39,20.25,7.0,10,0.0,1,5,0,
E10037,2024Q3,S1,M03,Supervisor,4,Full-time,2020-02-18,4.4,40-49,42.75,16.5,0,34.3,1,4,0,
E10038,2024Q3,S1,M03,Admin,1,Full-time,2022-09-11,1.8,40-49,26.0,10.9,0,40.7,0,,0,
E10039,2024Q3,S1,M04,Case Manager,2,Full-time,2023-04-11,1.2,30-39,29.25,27.2,40,42.2,0,3,0,
E10040,2024Q3,S1,M01,Case Manager,2,Full-time,2018-09-10,5.8,Under 30,35.25,4.4,23,12.7,0,3,0,
E10041,2024Q3,S1,M03,Admin,3,Part-time,2016-04-30,8.2,40-49,29.25,10.1,0,6.1,0,5,0,
E10042,2024Q3,S1,M04,Supervisor,3,Full-time,2019-04-23,5.2,30-39,41.25,2.6,0,47.6,1,4,0,
E10043,2024Q3,S1,M01,Home Health Aide,1,Full-time,2015-03-06,9.3,30-39,23.75,15.2,23,63.1,0,3,0,
E10044,2024Q3,S1,M05,Case Manager,2,Full-time,2020-07-17,4.0,30-39,31.0,5.0,28,23.7,1,5,0,
E10045,2024Q3,S1,M01,Home Health Aide,1,Full-time,2019-08-02,4.9,40-49,26.0,1.9,19,69.3,0,3,0,
E10046,2024Q3,S1,M05,Nurse,3,Part-time,2023-08-30,0.8,30-39,47.25,3.4,6,12.3,1,4,0,
E10049,2024Q3,S1,M02,Driver,2,Full-time,2011-10-20,12.7,Under 30,27.5,5.0,0,8.6,1,,0,
E10050,2024Q3,S1,M01,Case Manager,2,Full-time,2023-06-21,1.0,Under 30,29.75,3.2,36,54.4,1,,1,
E10051,2024Q3,S1,M03,Nurse,2,Full-time,2023-03-14,1.3,40-49,50.0,3.7,32,57.8,0,,0,
E10052,2024Q3,S1,M01,Nurse,2,Full-time,2020-09-02,3.8,40-49,54.5,5.6,18,40.3,1,,0,
E10053,2024Q3,S1,M05,Case Manager,2,Full-time,2021-09-11,2.8,40-49,30.5,5.9,41,52.3,0,3,0,
E10054,2024Q3,S1,M03,Driver,1,Part-time,2012-03-07,12.3,30-39,25.25,5.3,0,0.0,0,3,0,
E10055,2024Q3,S1,M05,Intake Coordinator,1,Part-time,2022-12-08,1.6,30-39,26.25,3.2,0,24.7,0,4,0,
E10056,2024Q3,S1,M02,Intake Coordinator,3,Full-time,2018-08-14,5.9,50+,25.0,6.1,0,20.7,1,5,0,
E10057,2024Q3,S1,M02,Home Health Aide,1,Full-time,2023-07-08,1.0,30-39,20.75,11.2,16,14.5,1,4,0,
E10058,2024Q3,S1,M04,Nurse,2,Full-time,2022-08-25,1.9,Under 30,55.5,14.1,23,44.9,0,,0,
E10059,2024Q3,S1,M03,Case Manager,2,Full-time,2021-09-14,2.8,40-49,32.0,6.6,42,62.6,0,,0,
E10060,2024Q3,S1,M02,Supervisor,3,Full-time,2021-06-17,3.0,40-49,36.25,5.9,0,5.3,1,5,0,
E10061,2024Q3,S1,M01,Home Health Aide,1,Full-time,2019-02-15,5.4,30-39,25.0,6.3,28,56.2,0,3,0,
E10062,2024Q3,S1,M03,Home Health Aide,1,Full-time,2023-06-07,1.1,30-39,18.25,37.1,22,46.9,0,,0,
E10063,2024Q3,S1,M03,Home Health Aide,2,Part-time,2016-09-08,7.8,50+,23.5,27.9,15,8.1,0,3,0,
E10064,2024Q3,S1,M02,Admin,3,Full-time,2019-07-19,5.0,50+,28.0,3.1,0,32.8,1,5,0,
E10065,2024Q3,S1,M03,Admin,1,Part-time,2011-06-26,13.0,40-49,36.0,2.5,0,24.9,1,5,0,
E10066,2024Q3,S1,M04,Case Manager,3,Full-time,2018-01-31,6.4,Under 30,32.5,6.4,29,18.1,0,,0,
E10068,2024Q3,S1,M04,Driver,2,Full-time,2020-05-14,4.1,40-49,23.5,2.5,0,16.3,1,4,0,
E10069,2024Q3,S1,M03,Intake Coordinator,2,Full-time,2023-04-05,1.2,30-39,25.5,3.3,0,60.1,1,,1,
E10070,2024Q3,S1,M05,Admin,1,Full-time,2021-12-28,2.5,40-49,25.5,6.3,0,29.8,0,,0,
E10458,2024Q3,S1,M04,Nurse,2,Full-time,2024-07-01,0.0,50+,51.25,4.5,23,18.8,1,5,0,
E10463,2024Q3,S1,M03,Nurse,2,Full-time,2024-07-01,0.0,30-39,51.5,15.6,25,41.3,0,2,0,
E10464,2024Q3,S1,M05,Nurse,2,Full-time,2024-07-01,0.0,40-49,55.0,15.1,32,42.2,1,,0,
E10467,2024Q3,S1,M02,Admin,1,Full-time,2024-08-09,0.0,Under 30,26.25,16.2,0,15.5,1,5,0,
E10468,2024Q3,S1,M01,Home Health Aide,1,Full-time,2024-07-14,0.0,30-39,21.75,8.2,15,19.2,1,2,0,
E10469,2024Q3,S1,M05,Admin,1,Full-time,2024-08-13,0.0,30-39,26.5,9.4,0,34.0,1,,0,
E10071,2024Q3,S2,M08,Home Health Aide,1,Part-time,2018-03-23,6.3,40-49,23.5,3.6,12,12.3,0,,0,
E10072,2024Q3,S2,M07,Driver,1,Full-time,2020-08-07,3.9,30-39,23.25,9.0,0,32.2,0,4,0,
E10074,2024Q3,S2,M07,Supervisor,3,Full-time,2023-11-27,0.6,50+,38.0,6.0,0,73.5,0,1,0,
E10075,2024Q3,S2,M07,Intake Coordinator,1,Full-time,2023-08-24,0.9,30-39,24.0,11.3,0,40.1,1,4,0,
E10076,2024Q3,S2,M08,Driver,2,Part-time,2020-08-24,3.9,40-49,24.25,5.6,0,0.0,0,5,0,
E10077,2024Q3,S2,M09,Home Health Aide,1,Part-time,2020-01-16,4.5,40-49,22.75,3.9,10,50.3,1,,0,
E10078,2024Q3,S2,M09,Supervisor,4,Full-time,2018-08-27,5.8,Under 30,40.5,12.0,0,52.4,1,4,0,
E10080,2024Q3,S2,M09,Home Health Aide,1,Full-time,2022-05-25,2.1,Under 30,22.0,3.6,27,68.1,0,,0,
E10083,2024Q3,S2,M07,Supervisor,3,Full-time,2023-07-13,1.0,40-49,37.5,7.7,0,51.5,1,,0,
E10084,2024Q3,S2,M08,Nurse,2,Full-time,2023-03-14,1.3,30-39,49.0,4.1,25,33.1,0,2,0,
E10086,2024Q3,S2,M10,Admin,3,Part-time,2015-04-14,9.2,30-39,30.0,21.0,0,18.2,0,3,0,
E10087,2024Q3,S2,M07,Home Health Aide,2,Full-time,2011-06-06,13.1,50+,25.75,25.3,27,36.8,0,2,0,
E10088,2024Q3,S2,M09,Home Health Aide,2,Full-time,2021-03-10,3.3,50+,20.0,4.4,20,39.2,0,4,0,
E10089,2024Q3,S2,M10,Nurse,4,Full-time,2018-03-13,6.3,30-39,54.75,3.6,24,25.9,0,3,0,
E10090,2024Q3,S2,M10,Supervisor,3,Full-time,2022-06-26,2.0,50+,39.0,8.4,0,33.0,0,,0,
E10092,2024Q3,S2,M06,Home Health Aide,1,Full-time,2021-05-18,3.1,30-39,23.0,5.1,30,72.0,0,2,0,
E10095,2024Q3,S2,M10,Home Health Aide,1,Full-time,2022-07-14,2.0,30-39,21.25,5.5,26,54.8,0,,0,
E10096,2024Q3,S2,M08,Driver,2,Full-time,2020-06-24,4.0,30-39,22.0,4.8,0,39.2,1,,0,
E10097,2024Q3,S2,M08,Nurse,3,Part-time,2023-10-22,0.7,30-39,48.0,10.7,23,49.0,0,,1,
E10098,2024Q3,S2,M09,Nurse,3,Full-time,2020-09-08,3.8,Under 30,55.75,10.0,28,49.3,0,3,0,
E10099,2024Q3,S2,M08,Nurse,3,Full-time,2019-06-09,5.1,30-39,56.75,11.0,22,67.5,1,,0,
E10100,2024Q3,S2,M09,Home Health Aide,1,Full-time,2022-10-11,1.7,40-49,20.5,3.6,24,84.0,0,,0,
E10101,2024Q3,S2,M10,Nurse,3,Full-time,2021-10-02,2.7,Under 30,53.25,4.7,28,44.8,1,4,0,
E10103,2024Q3,S2,M07,Case Manager,2,Full-time,2021-10-17,2.7,30-39,32.25,11.6,37,69.6,0,,0,
E10104,2024Q3,S2,M10,Case Manager,3,Full-time,2015-10-27,8.7,40-49,35.0,3.7,39,75.7,0,,0,
E10107,2024Q3,S2,M10,Case Manager,3,Full-time,2016-08-11,7.9,40-49,36.5,2.4,30,27.1,0,4,0,
E10108,2024Q3,S2,M07,Home Health Aide,1,Full-time,2023-05-30,1.1,30-39,22.5,6.2,19,56.7,0,,0,
E10109,2024Q3,S2,M07,Home Health Aide,1,Part-time,2012-11-01,11.7,50+,24.5,6.8,16,37.1,0,2,1,Retirement
E10110,2024Q3,S2,M10,Admin,1,Part-time,2016-08-26,7.8,Under 30,29.25,19.6,0,5.0,1,4,0,
E10113,2024Q3,S2,M08,Admin,2,Full-time,2019-10-28,4.7,30-39,30.75,10.2,0,57.1,0,,1,
E10114,2024Q3,S2,M10,Driver,1,Full-time,2023-09-10,0.8,Under 30,19.75,15.4,0,34.7,1,4,0,
E10117,2024Q3,S2,M06,Nurse,2,Full-time,2021-09-12,2.8,30-39,52.0,4.8,32,70.1,1,1,0,
E10118,2024Q3,S2,M07,Home Health Aide,2,Full-time,2015-12-15,8.5,30-39,23.0,2.8,18,26.5,0,,0,
E10119,2024Q3,S2,M10,Nurse,3,Full-time,2022-07-26,1.9,50+,46.25,11.2,27,20.5,0,3,0,
E10120,2024Q3,S2,M09,Case Manager,3,Full-time,2021-05-17,3.1,Under 30,32.0,23.3,35,46.6,1,3,0,
E10121,2024Q3,S2,M09,Case Manager,2,Full-time,2019-06-11,5.1,50+,32.25,2.4,37,48.4,0,,0,
E10122,2024Q3,S2,M07,Home Health Aide,1,Full-time,2018-07-20,5.9,40-49,22.25,20.1,22,44.9,1,3,1,
E10123,2024Q3,S2,M08,Case Manager,2,Full-time,2021-07-19,3.0,Under 30,31.5,6.0,36,43.9,0,,0,
E10124,2024Q3,S2,M07,Supervisor,3,Full-time,2018-07-09,6.0,40-49,44.25,7.3,0,11.5,0,4,0,
E10125,2024Q3,S2,M06,Case Manager,3,Full-time,2011-03-06,13.3,40-49,36.5,7.7,55,121.3,1,,1,Pay
E10126,2024Q3,S2,M08,Home Health Aide,1,Full-time,2020-06-08,4.1,30-39,21.5,3.1,23,45.3,0,,0,
E10127,2024Q3,S2,M09,Driver,2,Full-time,2019-07-09,5.0,50+,23.25,9.9,0,46.5,0,4,0,
E10128,2024Q3,S2,M07,Nurse,2,Full-time,2023-11-29,0.6,Under 30,51.0,17.2,18,20.2,0,,0,
E10130,2024Q3,S2,M10,Home Health Aide,2,Part-time,2019-02-18,5.4,30-39,23.0,11.5,11,3.9,0,,0,
E10131,2024Q3,S2,M06,Case Manager,2,Full-time,2023-04-21,1.2,Under 30,30.75,3.1,23,22.9,0,,0,
E10133,2024Q3,S2,M08,Home Health Aide,1,Part-time,2019-04-22,5.2,30-39,23.5,2.8,11,31.2,0,2,0,
E10135,2024Q3,S2,M06,Home Health Aide,1,Part-time,2020-11-05,3.7,50+,20.25,17.2,13,0.0,0,,0,
E10427,2024Q3,S2,M07,Case Manager,2,Full-time,2024-04-01,0.2,30-39,29.0,14.0,35,39.6,1,,0,
E10430,2024Q3,S2,M10,Home Health Aide,1,Full-time,2024-06-08,0.1,50+,21.75,12.2,15,29.6,0,1,0,
E10433,2024Q3,S2,M07,Driver,1,Full-time,2024-05-07,0.2,30-39,21.25,11.1,0,54.3,0,3,0,
E10434,2024Q3,S2,M07,Nurse,2,Full-time,2024-05-18,0.1,40-49,46.25,18.7,35,71.4,1,,1,
E10435,2024Q3,S2,M08,Nurse,2,Full-time,2024-05-07,0.2,30-39,56.5,11.6,25,30.5,0,,1,Career change
E10452,2024Q3,S2,M10,Home Health Aide,1,Part-time,2024-07-01,0.0,30-39,19.75,11.5,16,54.7,0,2,0,
E10455,2024Q3,S2,M06,Case Manager,2,Full-time,2024-07-01,0.0,50+,27.5,20.7,29,38.2,0,1,0,
E10461,2024Q3,S2,M09,Nurse,2,Full-time,2024-07-01,0.0,30-39,52.75,5.5,26,48.6,0,,0,
E10465,2024Q3,S2,M10,Admin,2,Full-time,2024-07-01,0.0,40-49,26.0,14.6,0,30.3,0,,0,
E10470,2024Q3,S2,M09,Case Manager,2,Full-time,2024-08-19,0.0,Under 30,27.75,8.3,34,38.3,0,,0,
E10471,2024Q3,S2,M07,Nurse,2,Part-time,2024-08-10,0.0,40-49,49.25,21.4,16,2.8,0,3,0,
E10472,2024Q3,S2,M07,Intake Coordinator,1,Part-time,2024-09-14,0.0,50+,23.25,7.9,0,26.9,0,2,0,
E10473,2024Q3,S2,M09,Nurse,3,Full-time,2024-08-27,0.0,50+,46.5,6.7,28,55.1,0,3,0,
E10474,2024Q3,S2,M07,Driver,1,Part-time,2024-09-02,0.0,40-49,22.25,8.9,0,7.3,1,5,0,
E10475,2024Q3,S2,M07,Case Manager,2,Full-time,2024-09-16,0.0,40-49,29.5,4.1,37,38.7,1,2,0,
E10137,2024Q3,S3,M12,Home Health Aide,2,Full-time,2019-02-21,5.4,50+,19.5,7.4,22,36.3,0,2,0,
E10138,2024Q3,S3,M14,Case Manager,3,Full-time,2022-06-23,2.0,Under 30,27.5,23.1,29,48.8,0,,0,
E10139,2024Q3,S3,M12,Home Health Aide,1,Full-time,2020-09-05,3.8,40-49,20.5,8.1,26,41.8,0,1,1,
E10140,2024Q3,S3,M14,Nurse,3,Full-time,2022-07-07,2.0,40-49,46.75,22.6,22,55.5,0,,0,
E10142,2024Q3,S3,M13,Driver,2,Full-time,2022-07-29,1.9,Under 30,20.5,4.8,0,47.3,0,,0,
E10144,2024Q3,S3,M11,Home Health Aide,1,Part-time,2014-11-30,9.6,Under 30,19.5,6.1,9,0.0,0,4,0,
E10146,2024Q3,S3,M14,Home Health Aide,2,Full-time,2018-07-13,6.0,40-49,21.25,25.1,22,50.0,1,,0,
E10148,2024Q3,S3,M11,Driver,1,Full-time,2020-06-23,4.0,Under 30,22.0,24.2,0,38.4,0,,0,
E10149,2024Q3,S3,M14,Admin,1,Full-time,2023-06-07,1.1,40-49,25.0,14.6,0,49.1,0,1,0,
E10150,2024Q3,S3,M11,Case Manager,2,Full-time,2012-06-03,12.1,30-39,31.75,9.1,27,47.2,0,3,1,
E10151,2024Q3,S3,M14,Driver,1,Full-time,2021-02-12,3.4,40-49,20.75,3.8,0,31.2,1,3,0,
E10152,2024Q3,S3,M11,Intake Coordinator,1,Full-time,2023-06-03,1.1,30-39,21.25,4.9,0,30.8,0,1,0,
E10153,2024Q3,S3,M11,Case Manager,2,Full-time,2023-09-01,0.8,30-39,27.25,6.4,36,54.4,0,2,1,Workload or schedule
E10154,2024Q3,S3,M14,Case Manager,3,Full-time,2021-11-26,2.6,30-39,28.5,27.5,32,49.1,1,1,1,Workload or schedule
E10155,2024Q3,S3,M11,Case Manager,2,Full-time,2012-03-20,12.3,30-39,34.5,1.9,30,24.8,0,,1,
E10156,2024Q3,S3,M12,Home Health Aide,1,Part-time,2018-07-14,6.0,40-49,21.5,30.9,12,16.9,0,3,0,
E10157,2024Q3,S3,M13,Home Health Aide,2,Part-time,2018-07-18,6.0,30-39,21.5,5.4,10,11.9,0,3,0,
E10158,2024Q3,S3,M13,Case Manager,3,Full-time,2020-10-15,3.7,50+,27.0,5.2,25,21.4,0,2,0,
E10159,2024Q3,S3,M11,Home Health Aide,1,Full-time,2010-05-30,14.1,Under 30,24.5,2.7,20,47.5,0,3,0,
E10160,2024Q3,S3,M12,Driver,1,Part-time,2020-10-23,3.7,40-49,18.75,8.3,0,28.9,0,2,0,
E10161,2024Q3,S3,M11,Supervisor,3,Full-time,2022-08-28,1.8,50+,35.25,4.6,0,43.1,1,1,0,
E10162,2024Q3,S3,M13,Home Health Aide,1,Full-time,2021-08-04,2.9,Under 30,17.25,8.1,19,58.0,0,1,0,
E10164,2024Q3,S3,M13,Case Manager,3,Full-time,2022-03-20,2.3,30-39,28.5,5.8,35,64.6,0,,0,
E10165,2024Q3,S3,M11,Driver,1,Full-time,2021-11-03,2.7,30-39,21.5,15.8,0,34.2,0,3,0,
E10167,2024Q3,S3,M11,Driver,1,Full-time,2023-06-03,1.1,30-39,22.25,6.1,0,37.7,0,3,0,
E10169,2024Q3,S3,M12,Home Health Aide,2,Part-time,2019-10-18,4.7,Under 30,20.25,8.2,14,9.3,0,2,0,
E10171,2024Q3,S3,M14,Case Manager,2,Full-time,2023-04-17,1.2,30-39,26.75,9.9,29,34.2,1,,0,
E10172,2024Q3,S3,M14,Intake Coordinator,1,Full-time,2021-05-27,3.1,50+,23.25,6.8,0,41.2,0,,0,
E10174,2024Q3,S3,M13,Home Health Aide,1,Part-time,2020-07-18,4.0,30-39,20.0,9.1,11,13.2,1,4,0,
E10175,2024Q3,S3,M12,Admin,1,Full-time,2023-09-19,0.8,50+,23.5,5.9,0,69.6,0,,1,
E10176,2024Q3,S3,M11,Nurse,3,Full-time,2021-12-30,2.5,50+,51.75,3.1,23,32.5,0,3,0,
E10178,2024Q3,S3,M12,Case Manager,3,Full-time,2014-07-06,10.0,50+,29.5,13.6,32,48.0,0,,1,Career change
E10182,2024Q3,S3,M13,Supervisor,3,Full-time,2023-04-26,1.2,Under 30,39.5,10.5,0,24.8,0,,0,
E10183,2024Q3,S3,M12,Home Health Aide,1,Full-time,2023-07-11,1.0,30-39,20.0,6.7,17,33.9,0,1,1,
E10184,2024Q3,S3,M14,Admin,1,Part-time,2023-11-02,0.7,30-39,22.75,26.5,0,18.7,0,3,0,
E10185,2024Q3,S3,M12,Supervisor,4,Full-time,2020-06-18,4.0,50+,34.75,8.3,0,38.8,0,,0,
E10186,2024Q3,S3,M14,Nurse,4,Part-time,2020-03-25,4.3,Under 30,47.25,13.7,12,33.8,0,,0,
E10187,2024Q3,S3,M12,Case Manager,2,Full-time,2016-10-10,7.7,Under 30,28.5,9.5,46,83.6,0,2,0,
E10189,2024Q3,S3,M13,Home Health Aide,1,Part-time,2022-01-18,2.5,50+,19.0,6.6,12,18.1,0,2,0,
E10436,2024Q3,S3,M14,Nurse,2,Part-time,2024-04-08,0.2,Under 30,48.0,12.4,19,35.9,0,,1,
E10437,2024Q3,S3,M13,Home Health Aide,1,Full-time,2024-04-05,0.2,Under 30,17.75,5.5,25,65.5,1,,0,
E10438,2024Q3,S3,M14,Home Health Aide,1,Full-time,2024-04-06,0.2,40-49,17.25,21.6,26,57.4,0,1,0,
E10453,2024Q3,S3,M11,Home Health Aide,1,Full-time,2024-07-01,0.0,40-49,18.75,44.3,19,43.8,0,2,0,
E10462,2024Q3,S3,M11,Home Health Aide,1,Part-time,2024-07-01,0.0,Under 30,20.25,14.2,8,21.6,0,,1,Personal or family
E10466,2024Q3,S3,M11,Home Health Aide,1,Part-time,2024-07-01,0.0,50+,19.5,19.0,13,29.6,0,,0,
E10476,2024Q3,S3,M12,Case Manager,2,Full-time,2024-08-17,0.0,50+,23.5,5.4,26,40.5,0,,0,
E10477,2024Q3,S3,M11,Home Health Aide,1,Part-time,2024-08-10,0.0,40-49,21.0,19.3,8,4.0,0,,0,
E10478,2024Q3,S3,M11,Nurse,2,Full-time,2024-08-06,0.0,Under 30,46.5,7.6,34,80.4,0,,1,Pay
E10479,2024Q3,S3,M14,Home Health Aide,1,Full-time,2024-07-29,0.0,40-49,19.0,20.7,18,60.1,0,1,1,Workload or schedule
E10480,2024Q3,S3,M11,Home Health Aide,1,Full-time,2024-09-06,0.0,40-49,19.25,1.0,20,36.5,0,3,0,
E10481,2024Q3,S3,M14,Nurse,2,Full-time,2024-09-12,0.0,50+,48.5,5.8,19,25.0,1,,0,
E10191,2024Q3,S4,M15,Home Health Aide,2,Full-time,2021-05-18,3.1,50+,20.75,10.2,14,36.4,1,2,1,
E10192,2024Q3,S4,M18,Admin,2,Full-time,2020-07-28,3.9,30-39,23.75,7.6,0,36.3,0,1,0,
E10193,2024Q3,S4,M17,Case Manager,2,Full-time,2018-04-28,6.2,50+,28.75,26.9,30,49.1,1,,0,
E10194,2024Q3,S4,M16,Case Manager,3,Full-time,2018-06-04,6.1,40-49,30.75,9.9,29,34.5,1,,0,
E10195,2024Q3,S4,M18,Driver,1,Full-time,2023-02-01,1.4,Under 30,20.75,41.3,0,31.0,0,,0,
E10196,2024Q3,S4,M15,Driver,1,Full-time,2017-04-03,7.2,40-49,25.75,20.1,0,40.1,0,3,0,
E10199,2024Q3,S4,M16,Nurse,2,Full-time,2018-06-11,6.1,30-39,46.75,11.0,24,41.6,1,,0,
E10200,2024Q3,S4,M15,Home Health Aide,1,Part-time,2022-04-20,2.2,Under 30,18.5,31.8,8,21.0,1,4,0,
E10201,2024Q3,S4,M16,Admin,2,Full-time,2021-06-23,3.0,Under 30,26.75,3.3,0,62.5,1,3,0,
E10202,2024Q3,S4,M18,Nurse,2,Full-time,2022-12-25,1.5,50+,46.0,30.0,19,36.2,0,2,0,
E10203,2024Q3,S4,M15,Nurse,3,Part-time,2022-09-29,1.8,Under 30,46.25,27.3,11,2.8,0,,0,
E10204,2024Q3,S4,M17,Home Health Aide,1,Full-time,2022-12-12,1.6,30-39,20.0,5.1,19,26.5,0,,0,
E10205,2024Q3,S4,M16,Home Health Aide,2,Part-time,2000-11-26,23.6,40-49,25.25,53.6,8,0.0,0,4,0,
E10206,2024Q3,S4,M15,Case Manager,3,Full-time,2022-07-13,2.0,40-49,27.25,23.3,29,0.0,0,4,0,
E10207,2024Q3,S4,M15,Home Health Aide,1,Full-time,2023-03-08,1.3,50+,21.5,21.5,24,57.8,1,3,0,
E10208,2024Q3,S4,M15,Intake Coordinator,3,Full-time,2016-09-12,7.8,40-49,23.25,9.1,0,21.2,0,4,0,
E10209,2024Q3,S4,M15,Intake Coordinator,1,Full-time,2020-04-08,4.2,40-49,24.75,1.4,0,40.9,0,4,0,
E10210,2024Q3,S4,M17,Driver,1,Full-time,2023-02-18,1.4,50+,20.75,14.8,0,14.6,0,4,0,
E10211,2024Q3,S4,M18,Nurse,3,Full-time,2019-02-24,5.3,Under 30,48.0,9.0,13,20.2,1,4,0,
E10212,2024Q3,S4,M16,Case Manager,2,Full-time,2023-10-13,0.7,50+,27.5,27.8,45,55.9,1,,0,
E10213,2024Q3,S4,M18,Home Health Aide,1,Full-time,2022-05-13,2.1,30-39,20.5,15.2,17,44.2,1,2,0,
E10214,2024Q3,S4,M17,Admin,3,Full-time,2019-05-05,5.2,30-39,25.5,8.6,0,42.3,1,3,0,
E10216,2024Q3,S4,M18,Home Health Aide,1,Full-time,2016-02-19,8.4,50+,23.5,9.4,15,41.4,1,,0,
E10217,2024Q3,S4,M18,Nurse,2,Full-time,2017-08-08,6.9,40-49,62.0,67.5,29,53.1,0,,0,
E10218,2024Q3,S4,M17,Home Health Aide,2,Part-time,2012-04-03,12.2,40-49,22.75,13.6,10,0.0,1,3,0,
E10219,2024Q3,S4,M17,Intake Coordinator,2,Full-time,2020-11-29,3.6,30-39,24.25,1.7,0,24.1,1,4,0,
E10220,2024Q3,S4,M15,Supervisor,4,Full-time,2017-09-02,6.8,Under 30,43.25,4.2,0,29.4,0,2,0,
E10222,2024Q3,S4,M18,Case Manager,2,Full-time,2019-02-01,5.4,40-49,30.5,8.1,27,38.8,1,2,0,
E10223,2024Q3,S4,M15,Case Manager,3,Full-time,2023-04-30,1.2,40-49,25.5,19.9,39,86.3,0,,1,
E10225,2024Q3,S4,M17,Supervisor,4,Full-time,2021-10-15,2.7,30-39,38.25,15.6,0,32.0,1,3,0,
E10226,2024Q3,S4,M16,Case Manager,2,Full-time,2022-11-09,1.6,50+,30.5,10.7,33,28.5,1,4,0,
E10227,2024Q3,S4,M18,Case Manager,2,Full-time,2022-02-01,2.4,30-39,27.25,12.1,35,34.4,1,4,0,
E10228,2024Q3,S4,M17,Home Health Aide,1,Full-time,2020-08-12,3.9,Under 30,19.5,9.0,17,28.6,0,3,0,
E10230,2024Q3,S4,M18,Admin,3,Part-time,2017-12-05,6.6,50+,27.25,8.7,0,14.9,0,2,0,
E10231,2024Q3,S4,M15,Home Health Aide,1,Full-time,2020-11-01,3.7,30-39,18.0,12.8,19,53.7,1,,0,
E10232,2024Q3,S4,M16,Driver,2,Full-time,2022-04-14,2.2,40-49,18.5,19.8,0,30.2,0,2,0,
E10233,2024Q3,S4,M17,Case Manager,3,Full-time,2013-01-14,11.5,30-39,31.0,7.6,32,55.3,0,,0,
E10234,2024Q3,S4,M15,Home Health Aide,1,Full-time,2015-02-04,9.4,30-39,22.0,32.8,26,36.1,0,3,0,
E10237,2024Q3,S4,M15,Admin,2,Full-time,2021-08-15,2.9,30-39,27.25,10.1,0,34.2,1,3,0,
E10239,2024Q3,S4,M17,Nurse,3,Full-time,2021-10-12,2.7,40-49,53.5,20.8,35,51.0,1,2,0,
E10240,2024Q3,S4,M17,Nurse,2,Full-time,2021-07-21,2.9,50+,47.5,19.0,34,68.9,0,,0,
E10425,2024Q3,S4,M17,Intake Coordinator,1,Full-time,2024-04-01,0.2,30-39,19.75,4.4,0,28.7,0,3,0,
E10440,2024Q3,S4,M16,Case Manager,2,Full-time,2024-04-13,0.2,Under 30,26.75,11.0,29,33.5,0,,0,
E10456,2024Q3,S4,M17,Intake Coordinator,1,Full-time,2024-07-01,0.0,Under 30,24.0,7.3,0,43.4,1,3,0,
E10457,2024Q3,S4,M15,Home Health Aide,1,Full-time,2024-07-01,0.0,Under 30,18.75,10.5,13,16.3,1,,0,
E10460,2024Q3,S4,M17,Nurse,3,Full-time,2024-07-01,0.0,30-39,48.0,30.2,25,54.2,1,3,0,
E10482,2024Q3,S4,M17,Home Health Aide,1,Part-time,2024-09-10,0.0,40-49,19.75,21.7,4,0.0,0,3,0,
E10483,2024Q3,S4,M16,Case Manager,2,Full-time,2024-07-13,0.0,Under 30,27.5,47.7,34,61.8,1,1,0,
E10484,2024Q3,S4,M18,Case Manager,2,Full-time,2024-07-02,0.0,40-49,29.25,13.1,40,39.7,0,3,0,
E10241,2024Q3,S5,M22,Case Manager,3,Full-time,2020-02-12,4.4,50+,29.75,11.9,30,49.0,0,1,1,Career change
E10242,2024Q3,S5,M20,Nurse,4,Full-time,2017-02-05,7.4,30-39,53.5,31.5,25,37.1,0,,0,
E10243,2024Q3,S5,M20,Nurse,3,Full-time,2019-06-02,5.1,30-39,54.25,13.7,24,62.0,0,,0,
E10244,2024Q3,S5,M22,Nurse,2,Full-time,2022-01-09,2.5,40-49,48.25,9.7,20,35.3,0,,0,
E10245,2024Q3,S5,M21,Home Health Aide,1,Part-time,2023-09-09,0.8,40-49,19.25,33.0,16,12.5,0,3,0,
E10246,2024Q3,S5,M22,Driver,2,Full-time,2019-10-07,4.7,30-39,20.75,16.7,0,52.4,0,2,0,
E10248,2024Q3,S5,M19,Nurse,2,Full-time,2016-08-29,7.8,Under 30,52.75,35.4,18,34.8,1,3,0,
E10249,2024Q3,S5,M21,Nurse,2,Part-time,2019-06-09,5.1,40-49,51.0,21.6,18,42.3,0,2,0,
E10250,2024Q3,S5,M22,Driver,1,Full-time,2022-02-07,2.4,50+,21.5,15.2,0,34.3,0,,1,
E10251,2024Q3,S5,M22,Case Manager,2,Full-time,2020-09-23,3.8,30-39,28.75,7.9,31,64.7,0,,1,
E10253,2024Q3,S5,M19,Home Health Aide,1,Full-time,2023-09-24,0.8,40-49,19.75,10.0,27,73.3,0,2,0,
E10254,2024Q3,S5,M20,Nurse,3,Full-time,2018-02-07,6.4,30-39,54.5,10.9,19,33.3,1,2,1,
E10258,2024Q3,S5,M22,Case Manager,2,Full-time,2022-10-07,1.7,30-39,25.75,3.7,32,45.0,0,,0,
E10259,2024Q3,S5,M22,Case Manager,3,Part-time,2016-09-21,7.8,50+,31.5,12.2,28,26.6,0,2,0,
E10260,2024Q3,S5,M22,Admin,1,Part-time,2023-09-26,0.8,30-39,22.25,15.7,0,10.1,0,,0,
E10263,2024Q3,S5,M21,Home Health Aide,2,Part-time,2019-04-12,5.2,40-49,21.0,7.9,5,0.0,0,4,0,
E10264,2024Q3,S5,M21,Home Health Aide,1,Part-time,2022-11-21,1.6,50+,20.25,4.2,15,17.8,0,2,1,
E10265,2024Q3,S5,M22,Case Manager,3,Full-time,2016-10-01,7.7,30-39,32.75,12.8,34,66.0,0,,0,
E10267,2024Q3,S5,M20,Case Manager,3,Full-time,2014-12-23,9.5,40-49,33.0,6.8,35,23.0,1,,0,
E10268,2024Q3,S5,M19,Case Manager,2,Full-time,2022-02-22,2.4,40-49,29.25,6.8,45,61.6,0,,0,
E10269,2024Q3,S5,M22,Case Manager,2,Full-time,2021-10-27,2.7,50+,28.0,21.9,29,40.4,0,,1,
E10271,2024Q3,S5,M19,Home Health Aide,1,Full-time,2021-03-26,3.3,Under 30,18.25,16.6,21,40.3,0,2,0,
E10272,2024Q3,S5,M21,Supervisor,3,Full-time,2022-08-09,1.9,50+,38.0,11.4,0,59.8,0,,0,
E10277,2024Q3,S5,M21,Home Health Aide,1,Full-time,2015-09-15,8.8,30-39,24.75,4.7,19,65.4,0,1,1,Career change
E10278,2024Q3,S5,M19,Case Manager,2,Full-time,2022-08-26,1.8,Under 30,30.25,2.9,30,27.2,0,,0,
E10279,2024Q3,S5,M20,Home Health Aide,2,Part-time,2018-02-04,6.4,40-49,22.5,11.7,9,13.7,1,,0,
E10280,2024Q3,S5,M20,Driver,1,Part-time,2021-09-12,2.8,30-39,21.0,20.2,0,17.4,0,2,0,
E10281,2024Q3,S5,M22,Driver,1,Part-time,2018-10-19,5.7,40-49,22.25,3.8,0,24.9,0,,0,
E10282,2024Q3,S5,M20,Admin,1,Full-time,2019-12-27,4.5,30-39,30.0,18.8,0,54.1,0,,0,
E10285,2024Q3,S5,M19,Nurse,4,Full-time,2022-01-28,2.4,Under 30,46.0,2.2,23,39.4,0,3,0,
E10286,2024Q3,S5,M22,Home Health Aide,1,Part-time,2023-07-24,0.9,30-39,19.75,19.5,9,17.8,1,3,0,
E10289,2024Q3,S5,M19,Case Manager,2,Full-time,2022-01-12,2.5,40-49,28.5,4.5,29,50.2,0,2,1,
E10426,2024Q3,S5,M19,Home Health Aide,1,Full-time,2024-04-01,0.2,50+,17.75,16.9,24,45.0,1,,0,
E10441,2024Q3,S5,M20,Driver,1,Full-time,2024-04-22,0.2,30-39,18.25,9.8,0,46.6,0,,0,
E10442,2024Q3,S5,M20,Case Manager,2,Full-time,2024-05-27,0.1,40-49,26.75,27.7,42,53.6,0,3,0,
E10446,2024Q3,S5,M20,Home Health Aide,1,Part-time,2024-05-24,0.1,30-39,19.0,3.3,11,20.2,0,1,0,
E10485,2024Q3,S5,M22,Nurse,2,Full-time,2024-08-14,0.0,30-39,49.25,5.2,25,54.0,0,1,1,Pay
E10486,2024Q3,S5,M19,Nurse,2,Full-time,2024-09-02,0.0,40-49,45.0,3.5,23,26.0,0,,0,
E10487,2024Q3,S5,M21,Nurse,3,Full-time,2024-08-13,0.0,50+,46.25,13.4,19,34.6,0,,0,
E10488,2024Q3,S5,M22,Nurse,2,Full-time,2024-08-10,0.0,30-39,44.25,8.6,25,32.3,1,3,0,
E10489,2024Q3,S5,M22,Home Health Aide,1,Part-time,2024-08-08,0.0,40-49,19.5,30.1,7,0.0,0,3,0,
E10490,2024Q3,S5,M22,Admin,1,Full-time,2024-09-09,0.0,30-39,24.75,9.5,0,45.0,0,,0,
E10491,2024Q3,S5,M22,Case Manager,2,Full-time,2024-07-16,0.0,30-39,26.25,23.0,42,70.1,0,,0,
E10492,2024Q3,S5,M20,Case Manager,2,Full-time,2024-08-25,0.0,40-49,28.25,31.3,36,56.2,1,,0,
E10493,2024Q3,S5,M19,Home Health Aide,1,Full-time,2024-09-18,0.0,Under 30,21.75,15.9,20,29.9,0,4,0,
E10293,2024Q3,S6,M25,Intake Coordinator,2,Full-time,2022-02-13,2.4,50+,21.25,12.0,0,548.3,1,3,0,
E10295,2024Q3,S6,M23,Home Health Aide,1,Full-time,2022-03-17,2.3,40-49,20.75,9.7,23,582.5,0,,1,
E10296,2024Q3,S6,M24,Intake Coordinator,2,Full-time,2022-02-18,2.4,50+,22.75,5.2,0,548.8,1,4,0,
E10297,2024Q3,S6,M25,Nurse,2,Full-time,2016-03-09,8.3,30-39,43.0,14.9,29,580.9,0,,1,Workload or schedule
E10298,2024Q3,S6,M24,Admin,1,Full-time,2019-04-21,5.2,40-49,24.75,12.0,0,549.3,0,4,0,
E10299,2024Q3,S6,M23,Driver,2,Part-time,2019-04-03,5.2,Under 30,20.75,17.1,0,260.5,0,3,0,
E10302,2024Q3,S6,M24,Home Health Aide,1,Full-time,2022-02-23,2.4,50+,19.5,29.5,23,560.2,0,2,0,
E10304,2024Q3,S6,M24,Case Manager,2,Full-time,2020-09-01,3.8,Under 30,29.75,10.0,29,582.5,0,,1,Pay
E10306,2024Q3,S6,M23,Home Health Aide,2,Full-time,2020-05-17,4.1,30-39,19.0,29.8,18,569.7,0,,0,
E10307,2024Q3,S6,M24,Case Manager,2,Full-time,2022-12-16,1.5,30-39,26.25,6.0,29,553.8,1,2,0,
E10308,2024Q3,S6,M23,Nurse,3,Full-time,2023-03-24,1.3,Under 30,47.5,105.2,18,546.1,0,,0,
E10309,2024Q3,S6,M23,Home Health Aide,1,Part-time,2023-10-16,0.7,Under 30,18.5,108.2,12,265.7,1,,0,
E10310,2024Q3,S6,M25,Driver,1,Part-time,2023-05-03,1.2,40-49,16.75,17.6,0,280.9,1,,0,
E10311,2024Q3,S6,M23,Supervisor,4,Full-time,2017-07-06,7.0,30-39,38.5,10.3,0,558.1,0,2,0,
E10313,2024Q3,S6,M25,Home Health Aide,1,Part-time,2012-05-08,12.1,Under 30,21.5,13.3,14,268.2,0,,0,
E10314,2024Q3,S6,M24,Nurse,2,Part-time,2021-11-28,2.6,50+,51.75,13.3,6,260.0,0,4,0,
E10315,2024Q3,S6,M23,Case Manager,3,Part-time,2015-01-29,9.4,30-39,29.5,12.9,13,262.7,0,3,0,
E10316,2024Q3,S6,M25,Home Health Aide,1,Full-time,2022-05-05,2.2,30-39,19.5,46.7,20,562.8,1,,0,
E10317,2024Q3,S6,M23,Intake Coordinator,1,Full-time,2021-07-01,3.0,50+,19.0,52.4,0,542.3,0,4,0,
E10318,2024Q3,S6,M24,Nurse,2,Full-time,2016-05-14,8.1,50+,45.75,30.8,19,543.5,1,4,0,
E10320,2024Q3,S6,M25,Home Health Aide,1,Full-time,2021-12-10,2.6,50+,19.25,43.3,28,604.2,0,3,0,
E10321,2024Q3,S6,M23,Driver,1,Full-time,2018-10-22,5.7,50+,22.0,34.2,0,560.8,1,3,0,
E10323,2024Q3,S6,M23,Home Health Aide,1,Part-time,2019-06-08,5.1,40-49,18.5,12.4,8,265.8,0,5,0,
E10324,2024Q3,S6,M24,Home Health Aide,1,Full-time,2019-11-16,4.6,Under 30,19.25,5.6,18,544.1,0,5,0,
E10325,2024Q3,S6,M25,Driver,1,Full-time,2023-05-30,1.1,30-39,19.25,23.8,0,524.2,0,2,0,
E10326,2024Q3,S6,M24,Case Manager,2,Full-time,2014-03-22,10.3,50+,27.25,22.8,25,545.1,0,4,0,
E10327,2024Q3,S6,M25,Driver,2,Part-time,2018-05-07,6.2,50+,19.25,14.0,0,273.5,0,3,0,
E10328,2024Q3,S6,M25,Admin,2,Full-time,2013-05-14,11.1,50+,29.5,40.5,0,551.2,0,,0,
E10329,2024Q3,S6,M24,Driver,2,Full-time,2013-02-08,11.4,30-39,22.0,21.6,0,537.9,1,3,0,
E10330,2024Q3,S6,M25,Home Health Aide,1,Part-time,2017-05-03,7.2,40-49,21.25,9.1,9,283.1,0,,0,
E10332,2024Q3,S6,M23,Home Health Aide,1,Full-time,2023-06-05,1.1,50+,18.5,6.0,16,534.2,0,3,0,
E10333,2024Q3,S6,M25,Home Health Aide,2,Part-time,2017-03-13,7.3,Under 30,21.5,10.5,9,273.9,0,3,0,
E10334,2024Q3,S6,M25,Nurse,2,Full-time,2023-08-27,0.8,40-49,44.25,14.4,20,585.3,0,1,0,
E10447,2024Q3,S6,M24,Supervisor,3,Full-time,2024-05-06,0.2,50+,31.75,10.9,0,586.4,0,3,0,
E10448,2024Q3,S6,M23,Case Manager,2,Full-time,2024-06-18,0.0,40-49,24.75,34.5,28,558.6,0,2,0,
E10494,2024Q3,S6,M23,Admin,1,Part-time,2024-07-03,0.0,30-39,23.75,20.1,0,260.0,0,,0,
E10495,2024Q3,S6,M25,Home Health Aide,1,Part-time,2024-08-15,0.0,Under 30,18.25,12.8,13,274.5,1,,0,
E10496,2024Q3,S6,M23,Case Manager,2,Full-time,2024-08-08,0.0,30-39,27.25,46.3,29,552.0,0,,0,
E10497,2024Q3,S6,M24,Nurse,2,Full-time,2024-07-08,0.0,Under 30,43.75,33.9,21,577.7,1,3,0,
E10498,2024Q3,S6,M25,Driver,1,Full-time,2024-09-12,0.0,Under 30,19.25,14.8,0,563.5,0,2,0,
E10499,2024Q3,S6,M25,Nurse,2,Full-time,2024-07-27,0.0,Under 30,42.0,7.8,24,560.0,1,3,0,
E10336,2024Q3,S7,M28,Driver,1,Full-time,2018-10-03,5.7,50+,19.75,25.2,0,34.9,0,2,0,
E10338,2024Q3,S7,M27,Driver,2,Part-time,2022-04-10,2.2,50+,18.75,10.2,0,24.7,1,,0,
E10339,2024Q3,S7,M27,Admin,1,Part-time,2021-10-16,2.7,50+,25.0,45.8,0,18.5,1,,0,
E10341,2024Q3,S7,M28,Case Manager,2,Full-time,2018-11-28,5.6,40-49,28.75,20.0,24,46.1,1,3,0,
E10345,2024Q3,S7,M28,Home Health Aide,2,Full-time,2022-10-03,1.7,40-49,16.75,15.8,14,13.6,0,4,0,
E10346,2024Q3,S7,M27,Intake Coordinator,1,Full-time,2021-08-07,2.9,Under 30,21.0,18.8,0,47.3,1,,0,
E10347,2024Q3,S7,M27,Home Health Aide,1,Full-time,2023-10-09,0.7,30-39,17.5,27.8,17,55.2,0,3,1,
E10348,2024Q3,S7,M28,Case Manager,2,Full-time,2023-03-19,1.3,40-49,25.25,6.6,28,26.6,1,,0,
E10349,2024Q3,S7,M27,Admin,2,Full-time,2019-12-13,4.6,Under 30,23.25,12.4,0,30.1,0,,0,
E10350,2024Q3,S7,M26,Case Manager,3,Full-time,2022-09-10,1.8,30-39,26.75,21.7,31,47.4,0,3,0,
E10351,2024Q3,S7,M28,Home Health Aide,1,Full-time,2023-09-01,0.8,50+,17.5,13.1,16,17.2,0,4,0,
E10352,2024Q3,S7,M27,Home Health Aide,2,Part-time,2021-12-10,2.6,40-49,19.75,16.9,9,0.0,0,,1,
E10353,2024Q3,S7,M27,Admin,2,Full-time,2019-03-27,5.3,Under 30,23.0,20.2,0,67.1,1,,1,Workload or schedule
E10354,2024Q3,S7,M26,Home Health Aide,1,Part-time,2023-08-09,0.9,50+,19.75,30.2,11,19.7,0,,0,
E10355,2024Q3,S7,M28,Nurse,3,Full-time,2007-08-02,16.9,50+,57.0,16.7,26,47.0,0,,0,
E10356,2024Q3,S7,M28,Case Manager,2,Full-time,2023-12-26,0.5,30-39,25.0,8.7,32,34.0,1,3,0,
E10357,2024Q3,S7,M28,Home Health Aide,1,Full-time,2022-06-09,2.1,40-49,18.75,14.3,19,30.7,0,,0,
E10358,2024Q3,S7,M28,Supervisor,4,Full-time,2006-02-18,18.4,30-39,45.75,38.4,0,24.5,0,4,0,
E10359,2024Q3,S7,M26,Supervisor,4,Full-time,2013-02-05,11.4,Under 30,44.25,19.6,0,53.5,0,2,0,
E10360,2024Q3,S7,M28,Case Manager,3,Full-time,2020-05-21,4.1,30-39,26.0,18.6,24,25.5,0,,0,
E10361,2024Q3,S7,M28,Home Health Aide,1,Full-time,2014-02-27,10.3,40-49,22.5,36.9,12,51.2,0,,0,
E10363,2024Q3,S7,M26,Nurse,2,Part-time,2022-07-05,2.0,40-49,45.0,18.1,17,53.8,0,3,0,
E10364,2024Q3,S7,M26,Intake Coordinator,1,Full-time,2021-12-05,2.6,40-49,20.25,14.8,0,47.6,1,,1,Workload or schedule
E10366,2024Q3,S7,M28,Home Health Aide,1,Part-time,2023-08-27,0.8,50+,17.0,30.4,11,13.9,1,3,0,
E10367,2024Q3,S7,M28,Home Health Aide,2,Part-time,2019-08-24,4.9,30-39,19.75,10.0,11,49.6,0,4,0,
E10368,2024Q3,S7,M27,Case Manager,2,Full-time,2021-12-27,2.5,50+,26.25,45.0,38,63.5,0,2,0,
E10369,2024Q3,S7,M28,Admin,1,Full-time,2020-11-25,3.6,40-49,24.25,69.1,0,18.6,0,,0,
E10371,2024Q3,S7,M26,Home Health Aide,1,Part-time,2021-11-26,2.6,30-39,19.0,13.9,14,18.2,0,4,0,
E10372,2024Q3,S7,M27,Nurse,2,Full-time,2023-05-23,1.1,40-49,42.0,43.3,19,18.9,0,4,0,
E10373,2024Q3,S7,M28,Nurse,3,Full-time,2022-01-21,2.4,40-49,47.5,26.6,24,39.9,0,3,0,
E10374,2024Q3,S7,M27,Nurse,2,Full-time,2023-11-07,0.6,40-49,43.75,34.1,14,16.3,0,3,0,
E10377,2024Q3,S7,M26,Nurse,3,Full-time,2023-02-25,1.3,Under 30,41.75,5.6,25,49.4,1,3,0,
E10380,2024Q3,S7,M27,Admin,1,Full-time,2020-07-18,4.0,Under 30,23.75,30.3,0,25.3,1,4,1,
E10424,2024Q3,S7,M26,Home Health Aide,1,Part-time,2024-04-01,0.2,50+,17.25,7.7,12,41.8,0,,0,
E10454,2024Q3,S7,M28,Intake Coordinator,1,Full-time,2024-07-01,0.0,Under 30,22.25,64.3,0,45.8,1,3,1,
E10459,2024Q3,S7,M27,Home Health Aide,1,Full-time,2024-07-01,0.0,30-39,19.25,11.7,21,42.9,1,,0,
E10500,2024Q3,S7,M26,Home Health Aide,1,Full-time,2024-08-03,0.0,40-49,16.75,47.8,25,76.0,0,2,1,
E10501,2024Q3,S7,M26,Supervisor,3,Full-time,2024-07-04,0.0,30-39,32.25,12.2,0,34.0,0,,0,
E10502,2024Q3,S7,M28,Case Manager,2,Full-time,2024-08-15,0.0,40-49,24.75,18.5,31,43.7,0,4,0,
E10503,2024Q3,S7,M26,Case Manager,2,Full-time,2024-07-17,0.0,Under 30,25.75,22.6,37,30.8,0,,0,
E10504,2024Q3,S7,M27,Nurse,2,Full-time,2024-07-11,0.0,40-49,44.25,18.6,17,10.7,1,4,0,
E10505,2024Q3,S7,M27,Nurse,3,Part-time,2024-08-01,0.0,30-39,45.75,16.3,5,0.0,1,3,0,
E10382,2024Q3,S8,M30,Home Health Aide,2,Part-time,2006-10-12,17.7,50+,21.5,66.0,7,0.0,1,4,0,
E10384,2024Q3,S8,M31,Driver,2,Full-time,2016-09-14,7.8,50+,20.75,43.4,0,40.1,0,,1,Retirement
E10385,2024Q3,S8,M30,Home Health Aide,1,Part-time,2023-10-27,0.7,50+,18.5,84.4,7,4.8,1,4,0,
E10387,2024Q3,S8,M30,Home Health Aide,1,Part-time,2023-05-26,1.1,40-49,18.75,16.2,7,0.0,1,4,0,
E10388,2024Q3,S8,M29,Nurse,3,Part-time,2022-03-23,2.3,Under 30,39.25,6.1,15,16.2,0,,0,
E10389,2024Q3,S8,M30,Home Health Aide,1,Part-time,2022-08-11,1.9,Under 30,18.0,18.6,8,22.8,0,3,0,
E10390,2024Q3,S8,M30,Home Health Aide,1,Full-time,2010-06-08,14.1,50+,23.75,37.0,11,51.5,0,4,0,
E10391,2024Q3,S8,M31,Home Health Aide,1,Part-time,2022-07-13,2.0,30-39,19.25,79.9,7,12.7,0,2,0,
E10393,2024Q3,S8,M29,Driver,1,Part-time,2023-01-02,1.5,30-39,18.25,36.8,0,17.1,0,,0,
E10394,2024Q3,S8,M31,Driver,1,Part-time,2022-07-04,2.0,Under 30,19.25,19.3,0,11.2,0,4,0,
E10395,2024Q3,S8,M30,Home Health Aide,2,Part-time,2023-01-26,1.4,40-49,19.5,17.9,8,24.5,1,,0,
E10397,2024Q3,S8,M30,Driver,1,Full-time,2019-01-22,5.4,50+,22.5,28.3,0,21.3,1,4,0,
E10398,2024Q3,S8,M29,Nurse,2,Full-time,2020-01-08,4.5,40-49,47.25,15.3,27,50.3,0,,0,
E10399,2024Q3,S8,M31,Supervisor,3,Full-time,2023-07-28,0.9,Under 30,36.5,31.8,0,42.5,0,2,0,
E10401,2024Q3,S8,M31,Home Health Aide,1,Part-time,2022-06-01,2.1,30-39,20.5,13.3,16,22.0,1,4,0,
E10402,2024Q3,S8,M30,Admin,1,Full-time,2016-09-12,7.8,30-39,23.0,8.9,0,35.2,1,4,0,
E10403,2024Q3,S8,M31,Case Manager,2,Part-time,2023-12-10,0.6,50+,28.0,39.6,18,0.0,1,5,0,
E10404,2024Q3,S8,M29,Nurse,2,Full-time,2022-09-12,1.8,50+,49.75,61.3,23,14.0,1,,0,
E10406,2024Q3,S8,M30,Case Manager,2,Full-time,2013-10-30,10.7,30-39,31.25,4.2,29,3.9,0,4,0,
E10407,2024Q3,S8,M29,Home Health Aide,2,Full-time,2023-07-14,1.0,40-49,20.0,11.5,20,56.2,1,,0,
E10408,2024Q3,S8,M31,Nurse,2,Part-time,2023-09-28,0.8,Under 30,45.25,15.2,9,0.0,1,,0,
E10409,2024Q3,S8,M31,Home Health Aide,2,Part-time,2021-07-18,3.0,30-39,19.75,52.6,6,0.0,1,4,1,Workload or schedule
E10410,2024Q3,S8,M30,Case Manager,2,Full-time,2023-03-07,1.3,30-39,23.75,11.1,29,15.9,1,3,0,
E10411,2024Q3,S8,M29,Nurse,3,Full-time,2022-08-26,1.8,30-39,45.0,24.9,23,71.3,0,,0,
E10412,2024Q3,S8,M29,Case Manager,2,Part-time,2021-07-01,3.0,30-39,28.5,49.5,24,29.4,0,3,0,
E10414,2024Q3,S8,M31,Admin,3,Part-time,2017-03-10,7.3,30-39,24.5,14.7,0,22.9,0,4,0,
E10415,2024Q3,S8,M31,Intake Coordinator,2,Full-time,2021-07-06,3.0,40-49,21.5,46.9,0,47.1,0,4,0,
E10416,2024Q3,S8,M30,Nurse,4,Full-time,2018-10-23,5.7,50+,43.0,11.3,23,31.9,0,4,0,
E10419,2024Q3,S8,M30,Driver,1,Full-time,2022-05-27,2.1,30-39,19.0,12.8,0,42.2,1,,0,
E10422,2024Q3,S8,M29,Intake Coordinator,1,Full-time,2024-04-01,0.2,40-49,19.75,10.3,0,56.4,0,,1,Workload or schedule
E10429,2024Q3,S8,M29,Intake Coordinator,1,Full-time,2024-04-01,0.2,40-49,19.5,7.6,0,41.7,0,,0,
E10451,2024Q3,S8,M31,Home Health Aide,1,Full-time,2024-05-20,0.1,50+,20.25,17.7,17,42.3,0,1,1,
E10506,2024Q3,S8,M30,Supervisor,3,Full-time,2024-08-09,0.0,30-39,35.25,13.5,0,41.7,0,,0,
E10507,2024Q3,S8,M30,Intake Coordinator,1,Full-time,2024-07-29,0.0,30-39,21.0,40.3,0,46.0,1,,0,
E10508,2024Q3,S8,M30,Supervisor,3,Full-time,2024-08-25,0.0,Under 30,38.0,9.7,0,1.4,0,4,0,
E10509,2024Q3,S8,M30,Home Health Aide,1,Full-time,2024-07-07,0.0,Under 30,18.0,7.0,10,35.0,1,4,1,
E10510,2024Q3,S8,M31,Driver,1,Part-time,2024-09-03,0.0,Under 30,19.75,4.2,0,18.1,0,1,0,
E10001,2024Q4,S1,M03,Case Manager,2,Full-time,2021-08-03,3.2,50+,33.75,9.3,39,82.8,1,3,0,
E10002,2024Q4,S1,M01,Case Manager,2,Full-time,2022-06-13,2.3,30-39,32.25,3.1,29,15.5,0,,0,
E10003,2024Q4,S1,M01,Home Health Aide,2,Part-time,2011-05-25,13.4,40-49,27.5,17.1,14,36.2,0,3,0,
E10004,2024Q4,S1,M05,Driver,2,Part-time,2023-09-06,1.1,50+,23.5,7.0,0,3.8,0,5,0,
E10005,2024Q4,S1,M02,Nurse,2,Full-time,2022-10-30,1.9,Under 30,51.25,9.9,25,46.3,1,5,0,
E10006,2024Q4,S1,M05,Nurse,4,Full-time,2012-11-23,11.9,40-49,65.0,3.7,28,50.2,0,4,0,
E10008,2024Q4,S1,M01,Supervisor,4,Full-time,2020-08-09,4.1,40-49,45.25,19.3,0,22.6,0,4,0,
E10010,2024Q4,S1,M04,Home Health Aide,1,Full-time,2020-08-21,4.1,Under 30,20.75,6.2,18,40.4,0,3,1,Personal or family
E10011,2024Q4,S1,M05,Driver,1,Part-time,2023-12-31,0.8,30-39,21.0,4.8,0,0.0,1,4,0,
E10012,2024Q4,S1,M04,Admin,2,Full-time,2021-05-16,3.4,50+,25.0,5.8,0,41.4,1,,0,
E10015,2024Q4,S1,M01,Admin,1,Full-time,2019-12-01,4.8,Under 30,29.0,10.6,0,72.1,1,,0,
E10016,2024Q4,S1,M05,Driver,2,Part-time,2019-12-28,4.8,Under 30,25.0,18.1,0,5.1,0,5,0,
E10017,2024Q4,S1,M04,Driver,1,Full-time,2022-12-06,1.8,30-39,23.25,2.6,0,0.0,0,3,0,
E10018,2024Q4,S1,M03,Driver,2,Part-time,2021-09-30,3.0,Under 30,24.75,8.6,0,9.8,0,,0,
E10019,2024Q4,S1,M05,Admin,1,Part-time,2023-04-23,1.4,30-39,27.25,5.1,0,9.1,1,4,0,
E10020,2024Q4,S1,M02,Nurse,3,Full-time,2011-05-07,13.4,30-39,59.0,14.7,25,22.7,1,5,1,
E10021,2024Q4,S1,M05,Home Health Aide,1,Full-time,2012-02-19,12.6,40-49,23.75,2.2,20,73.5,0,,0,
E10022,2024Q4,S1,M02,Intake Coordinator,2,Full-time,2023-05-20,1.4,30-39,26.0,4.9,0,13.4,1,5,0,
E10023,2024Q4,S1,M02,Admin,3,Part-time,2020-02-05,4.7,30-39,31.25,6.3,0,0.0,1,4,0,
E10024,2024Q4,S1,M05,Home Health Aide,1,Part-time,2023-03-18,1.5,Under 30,21.0,5.1,13,5.9,1,4,0,
E10025,2024Q4,S1,M04,Case Manager,3,Full-time,2019-06-24,5.3,Under 30,31.5,10.7,45,65.6,1,4,0,
E10026,2024Q4,S1,M04,Nurse,3,Full-time,2019-02-17,5.6,40-49,59.75,7.5,27,53.3,0,3,0,
E10027,2024Q4,S1,M01,Nurse,3,Part-time,2022-12-13,1.8,Under 30,49.0,23.1,18,27.6,1,4,0,
E10028,2024Q4,S1,M01,Nurse,2,Full-time,2023-05-18,1.4,40-49,50.5,9.7,15,32.4,0,4,0,
E10029,2024Q4,S1,M01,Home Health Aide,1,Full-time,2022-03-20,2.5,50+,21.5,8.9,16,14.6,0,,0,
E10032,2024Q4,S1,M03,Home Health Aide,2,Full-time,2016-12-21,7.8,Under 30,22.75,12.9,22,60.1,1,3,0,
E10033,2024Q4,S1,M03,Case Manager,3,Full-time,2020-12-26,3.8,30-39,32.0,4.2,31,24.2,0,3,0,
E10034,2024Q4,S1,M03,Admin,2,Full-time,2021-05-30,3.3,40-49,27.25,8.5,0,42.5,0,,1,
E10035,2024Q4,S1,M04,Nurse,2,Full-time,2022-12-23,1.8,40-49,50.5,16.2,29,66.8,1,3,0,
E10036,2024Q4,S1,M02,Home Health Aide,1,Part-time,2022-03-18,2.5,30-39,20.5,7.0,14,0.0,1,5,0,
E10037,2024Q4,S1,M03,Supervisor,4,Full-time,2020-02-18,4.6,40-49,43.0,16.5,0,13.3,1,5,0,
E10038,2024Q4,S1,M03,Admin,1,Full-time,2022-09-11,2.1,40-49,26.0,10.9,0,18.4,1,4,0,
E10039,2024Q4,S1,M04,Case Manager,2,Full-time,2023-04-11,1.5,30-39,29.25,27.2,30,47.1,0,,0,
E10040,2024Q4,S1,M01,Case Manager,2,Full-time,2018-09-10,6.1,Under 30,35.5,4.4,38,59.8,0,,0,
E10041,2024Q4,S1,M03,Admin,3,Part-time,2016-04-30,8.4,40-49,29.25,10.1,0,34.9,0,4,0,
E10042,2024Q4,S1,M04,Supervisor,3,Full-time,2019-04-23,5.4,30-39,41.5,2.6,0,14.6,1,5,0,
E10043,2024Q4,S1,M01,Home Health Aide,1,Full-time,2015-03-06,9.6,30-39,23.75,15.2,23,49.9,1,3,0,
E10044,2024Q4,S1,M05,Case Manager,2,Full-time,2020-07-17,4.2,30-39,31.25,5.0,36,41.7,1,5,0,
E10045,2024Q4,S1,M01,Home Health Aide,1,Full-time,2019-08-02,5.2,40-49,26.0,1.9,23,49.8,1,4,0,
E10046,2024Q4,S1,M05,Nurse,3,Part-time,2023-08-30,1.1,30-39,47.5,3.4,17,8.5,1,4,0,
E10049,2024Q4,S1,M02,Driver,2,Full-time,2011-10-20,13.0,Under 30,27.75,5.0,0,20.1,1,5,0,
E10051,2024Q4,S1,M03,Nurse,2,Full-time,2023-03-14,1.6,40-49,50.25,3.7,33,45.9,0,2,0,
E10052,2024Q4,S1,M01,Nurse,3,Full-time,2020-09-02,4.1,40-49,54.75,5.6,22,16.8,0,2,0,
E10053,2024Q4,S1,M05,Case Manager,2,Full-time,2021-09-11,3.1,40-49,30.5,5.9,30,28.6,1,4,0,
E10054,2024Q4,S1,M03,Driver,1,Part-time,2012-03-07,12.6,30-39,25.25,5.3,0,0.0,1,4,0,
E10055,2024Q4,S1,M05,Intake Coordinator,1,Part-time,2022-12-08,1.8,30-39,26.25,3.2,0,3.9,1,4,0,
E10056,2024Q4,S1,M02,Intake Coordinator,3,Full-time,2018-08-14,6.1,50+,25.25,6.1,0,53.2,1,4,0,
E10057,2024Q4,S1,M02,Home Health Aide,1,Full-time,2023-07-08,1.2,30-39,20.75,11.2,26,34.3,1,5,0,
E10058,2024Q4,S1,M04,Nurse,2,Full-time,2022-08-25,2.1,Under 30,55.75,14.1,13,23.7,0,3,0,
E10059,2024Q4,S1,M03,Case Manager,2,Full-time,2021-09-14,3.0,40-49,32.0,6.6,35,71.7,1,2,0,
E10060,2024Q4,S1,M02,Supervisor,3,Full-time,2021-06-17,3.3,40-49,36.25,5.9,0,30.8,1,4,0,
E10061,2024Q4,S1,M01,Home Health Aide,1,Full-time,2019-02-15,5.6,30-39,25.25,6.3,15,22.1,0,4,0,
E10062,2024Q4,S1,M03,Home Health Aide,1,Full-time,2023-06-07,1.3,30-39,18.5,37.1,34,96.9,1,,0,
E10063,2024Q4,S1,M03,Home Health Aide,2,Part-time,2016-09-08,8.1,50+,23.5,27.9,16,10.4,0,,0,
E10064,2024Q4,S1,M02,Admin,3,Full-time,2019-07-19,5.2,50+,28.0,3.1,0,35.1,1,5,0,
E10065,2024Q4,S1,M03,Admin,1,Part-time,2011-06-26,13.3,40-49,36.25,2.5,0,27.9,1,4,0,
E10066,2024Q4,S1,M04,Case Manager,3,Full-time,2018-01-31,6.7,Under 30,32.5,6.4,32,72.1,1,,0,
E10068,2024Q4,S1,M04,Driver,2,Full-time,2020-05-14,4.4,40-49,23.5,2.5,0,26.7,0,3,0,
E10070,2024Q4,S1,M05,Admin,1,Full-time,2021-12-28,2.8,40-49,25.5,6.3,0,41.5,1,4,0,
E10458,2024Q4,S1,M04,Nurse,2,Full-time,2024-07-01,0.3,50+,51.5,4.5,26,42.8,1,4,0,
E10463,2024Q4,S1,M03,Nurse,2,Full-time,2024-07-01,0.3,30-39,51.75,15.6,18,29.6,1,,1,
E10464,2024Q4,S1,M05,Nurse,2,Full-time,2024-07-01,0.3,40-49,55.25,15.1,20,13.7,1,4,0,
E10467,2024Q4,S1,M02,Admin,2,Full-time,2024-08-09,0.1,Under 30,26.5,16.2,0,22.6,0,3,0,
E10468,2024Q4,S1,M01,Home Health Aide,1,Full-time,2024-07-14,0.2,30-39,22.0,8.2,17,61.8,0,,1,
E10469,2024Q4,S1,M05,Admin,1,Full-time,2024-08-13,0.1,30-39,26.5,9.4,0,14.8,1,4,0,
E10513,2024Q4,S1,M02,Home Health Aide,1,Full-time,2024-10-01,0.0,30-39,21.25,4.9,14,33.3,1,4,0,
E10518,2024Q4,S1,M04,Home Health Aide,1,Full-time,2024-10-01,0.0,50+,22.75,9.7,18,41.9,0,2,0,
E10519,2024Q4,S1,M05,Nurse,2,Full-time,2024-10-26,0.0,40-49,48.5,8.7,25,43.6,0,4,0,
E10520,2024Q4,S1,M01,Driver,1,Full-time,2024-11-03,0.0,Under 30,20.5,10.3,0,47.5,0,,0,
E10071,2024Q4,S2,M08,Home Health Aide,1,Part-time,2018-03-23,6.5,40-49,23.5,3.6,8,24.0,0,3,1,
E10072,2024Q4,S2,M07,Driver,1,Full-time,2020-08-07,4.2,30-39,23.25,9.0,0,27.8,1,4,0,
E10074,2024Q4,S2,M07,Supervisor,3,Full-time,2023-11-27,0.8,50+,38.25,6.0,0,16.2,0,2,0,
E10075,2024Q4,S2,M07,Intake Coordinator,1,Full-time,2023-08-24,1.1,30-39,24.0,11.3,0,21.8,1,4,0,
E10076,2024Q4,S2,M08,Driver,2,Part-time,2020-08-24,4.1,40-49,24.5,5.6,0,3.8,0,5,0,
E10077,2024Q4,S2,M09,Home Health Aide,1,Part-time,2020-01-16,4.7,40-49,22.75,3.9,19,48.9,1,2,0,
E10078,2024Q4,S2,M09,Supervisor,4,Full-time,2018-08-27,6.1,Under 30,40.75,12.0,0,32.3,1,5,0,
E10080,2024Q4,S2,M09,Home Health Aide,1,Full-time,2022-05-25,2.4,Under 30,22.0,3.6,12,41.0,0,,0,
E10083,2024Q4,S2,M07,Supervisor,3,Full-time,2023-07-13,1.2,40-49,37.75,7.7,0,24.5,1,,0,
E10084,2024Q4,S2,M08,Nurse,2,Full-time,2023-03-14,1.6,30-39,49.25,4.1,25,62.7,0,1,0,
E10086,2024Q4,S2,M10,Admin,3,Part-time,2015-04-14,9.5,30-39,30.0,21.0,0,4.1,0,4,0,
E10087,2024Q4,S2,M07,Home Health Aide,2,Full-time,2011-06-06,13.3,50+,26.0,25.3,30,91.0,0,,1,Personal or family
E10088,2024Q4,S2,M09,Home Health Aide,2,Full-time,2021-03-10,3.6,50+,20.0,4.4,20,29.7,1,4,0,
E10089,2024Q4,S2,M10,Nurse,4,Full-time,2018-03-13,6.6,30-39,55.0,3.6,23,41.0,0,3,0,
E10090,2024Q4,S2,M10,Supervisor,3,Full-time,2022-06-26,2.3,50+,39.25,8.4,0,33.3,1,3,0,
E10092,2024Q4,S2,M06,Home Health Aide,1,Full-time,2021-05-18,3.4,30-39,23.0,5.1,21,66.1,0,,0,
E10095,2024Q4,S2,M10,Home Health Aide,1,Full-time,2022-07-14,2.2,30-39,21.5,5.5,17,49.1,0,4,0,
E10096,2024Q4,S2,M08,Driver,2,Full-time,2020-06-24,4.3,30-39,22.0,4.8,0,49.1,1,2,0,
E10098,2024Q4,S2,M09,Nurse,3,Full-time,2020-09-08,4.1,Under 30,56.0,10.0,30,46.4,1,,0,
E10099,2024Q4,S2,M08,Nurse,3,Full-time,2019-06-09,5.3,30-39,57.0,11.0,28,44.4,0,,0,
E10100,2024Q4,S2,M09,Home Health Aide,1,Full-time,2022-10-11,2.0,40-49,20.5,3.6,20,50.0,0,3,0,
E10101,2024Q4,S2,M10,Nurse,3,Full-time,2021-10-02,3.0,Under 30,53.5,4.7,23,31.5,1,4,0,
E10103,2024Q4,S2,M07,Case Manager,2,Full-time,2021-10-17,3.0,30-39,32.5,11.6,40,59.2,1,3,0,
E10104,2024Q4,S2,M10,Case Manager,3,Full-time,2015-10-27,8.9,40-49,35.25,3.7,36,43.6,0,,0,
E10107,2024Q4,S2,M10,Case Manager,3,Full-time,2016-08-11,8.1,40-49,36.5,2.4,39,59.8,0,3,0,
E10108,2024Q4,S2,M07,Home Health Aide,1,Full-time,2023-05-30,1.3,30-39,22.5,6.2,29,66.7,0,,0,
E10110,2024Q4,S2,M10,Admin,1,Part-time,2016-08-26,8.1,Under 30,29.5,19.6,0,11.0,0,2,0,
E10114,2024Q4,S2,M10,Driver,1,Full-time,2023-09-10,1.1,Under 30,19.75,15.4,0,13.9,0,4,0,
E10117,2024Q4,S2,M06,Nurse,2,Full-time,2021-09-12,3.1,30-39,52.25,4.8,29,55.4,0,,0,
E10118,2024Q4,S2,M07,Home Health Aide,2,Full-time,2015-12-15,8.8,30-39,23.25,2.8,18,21.5,1,,0,
E10119,2024Q4,S2,M10,Nurse,3,Full-time,2022-07-26,2.2,50+,46.5,11.2,20,41.3,0,3,0,
E10120,2024Q4,S2,M09,Case Manager,3,Full-time,2021-05-17,3.4,Under 30,32.25,23.3,34,31.3,0,2,1,
E10121,2024Q4,S2,M09,Case Manager,2,Full-time,2019-06-11,5.3,50+,32.5,2.4,32,54.8,0,,0,
E10123,2024Q4,S2,M08,Case Manager,2,Full-time,2021-07-19,3.2,Under 30,31.5,6.0,34,54.4,0,1,0,
E10124,2024Q4,S2,M07,Supervisor,3,Full-time,2018-07-09,6.2,40-49,44.5,7.3,0,52.4,1,4,0,
E10126,2024Q4,S2,M08,Home Health Aide,1,Full-time,2020-06-08,4.3,30-39,21.5,3.1,20,40.1,1,2,0,
E10127,2024Q4,S2,M09,Driver,2,Full-time,2019-07-09,5.2,50+,23.5,9.9,0,21.4,0,5,0,
E10128,2024Q4,S2,M07,Nurse,2,Full-time,2023-11-29,0.8,Under 30,51.25,17.2,26,58.8,0,1,1,
E10130,2024Q4,S2,M10,Home Health Aide,2,Part-time,2019-02-18,5.6,30-39,23.0,11.5,12,16.1,0,4,0,
E10131,2024Q4,S2,M06,Case Manager,3,Full-time,2023-04-21,1.4,Under 30,31.0,3.1,38,77.1,0,2,1,Workload or schedule
E10133,2024Q4,S2,M08,Home Health Aide,1,Part-time,2019-04-22,5.4,30-39,23.5,2.8,9,26.3,0,,0,
E10135,2024Q4,S2,M06,Home Health Aide,1,Part-time,2020-11-05,3.9,50+,20.5,17.2,16,7.4,1,2,0,
E10427,2024Q4,S2,M07,Case Manager,2,Full-time,2024-04-01,0.5,30-39,29.0,14.0,42,75.0,0,,1,
E10430,2024Q4,S2,M10,Home Health Aide,1,Full-time,2024-06-08,0.3,50+,22.0,12.2,18,51.8,0,,0,
E10433,2024Q4,S2,M07,Driver,1,Full-time,2024-05-07,0.4,30-39,21.25,11.1,0,24.3,0,3,0,
E10452,2024Q4,S2,M10,Home Health Aide,1,Part-time,2024-07-01,0.3,30-39,20.0,11.5,12,28.6,0,4,0,
E10455,2024Q4,S2,M06,Case Manager,2,Full-time,2024-07-01,0.3,50+,27.5,20.7,45,73.5,0,,1,
E10461,2024Q4,S2,M09,Nurse,2,Full-time,2024-07-01,0.3,30-39,53.0,5.5,21,46.7,0,4,0,
E10465,2024Q4,S2,M10,Admin,2,Full-time,2024-07-01,0.3,40-49,26.25,14.6,0,50.7,0,,0,
E10470,2024Q4,S2,M09,Case Manager,2,Full-time,2024-08-19,0.1,Under 30,27.75,8.3,41,55.5,0,,0,
E10471,2024Q4,S2,M07,Nurse,2,Part-time,2024-08-10,0.1,40-49,49.25,21.4,12,22.3,0,3,0,
E10472,2024Q4,S2,M07,Intake Coordinator,1,Part-time,2024-09-14,0.0,50+,23.25,7.9,0,5.2,1,3,0,
E10473,2024Q4,S2,M09,Nurse,3,Full-time,2024-08-27,0.1,50+,46.5,6.7,21,43.4,0,4,0,
E10474,2024Q4,S2,M07,Driver,1,Part-time,2024-09-02,0.1,40-49,22.25,8.9,0,0.0,0,5,0,
E10475,2024Q4,S2,M07,Case Manager,2,Full-time,2024-09-16,0.0,40-49,29.5,4.1,43,76.2,0,,1,Workload or schedule
E10521,2024Q4,S2,M10,Driver,1,Full-time,2024-11-30,0.0,30-39,21.5,4.7,0,53.5,0,,0,
E10522,2024Q4,S2,M06,Home Health Aide,1,Part-time,2024-12-08,0.0,50+,20.5,11.5,12,8.5,0,3,0,
E10523,2024Q4,S2,M09,Driver,1,Full-time,2024-10-02,0.0,Under 30,20.5,8.6,0,49.4,0,1,0,
E10524,2024Q4,S2,M10,Nurse,3,Full-time,2024-10-25,0.0,40-49,51.75,12.1,18,47.4,0,,0,
E10525,2024Q4,S2,M09,Intake Coordinator,2,Full-time,2024-10-11,0.0,Under 30,24.0,9.0,0,68.7,0,1,0,
E10526,2024Q4,S2,M07,Driver,1,Part-time,2024-10-06,0.0,40-49,21.25,5.2,0,12.2,1,3,0,
E10527,2024Q4,S2,M10,Supervisor,3,Full-time,2024-10-28,0.0,40-49,42.5,7.0,0,40.0,0,2,0,
E10137,2024Q4,S3,M12,Home Health Aide,2,Full-time,2019-02-21,5.6,50+,19.5,7.4,16,40.7,0,2,0,
E10138,2024Q4,S3,M14,Case Manager,3,Full-time,2022-06-23,2.3,Under 30,27.5,23.1,33,53.9,0,,0,
E10140,2024Q4,S3,M14,Nurse,3,Full-time,2022-07-07,2.2,40-49,47.0,22.6,22,65.9,1,,0,
E10142,2024Q4,S3,M13,Driver,2,Full-time,2022-07-29,2.2,Under 30,20.75,4.8,0,46.0,0,,1,
E10144,2024Q4,S3,M11,Home Health Aide,1,Part-time,2014-11-30,9.8,Under 30,19.75,6.1,11,24.5,0,4,0,
E10146,2024Q4,S3,M14,Home Health Aide,2,Full-time,2018-07-13,6.2,40-49,21.25,25.1,27,69.7,0,2,0,
E10148,2024Q4,S3,M11,Driver,1,Full-time,2020-06-23,4.3,Under 30,22.25,24.2,0,40.7,1,,0,
E10149,2024Q4,S3,M14,Admin,1,Full-time,2023-06-07,1.3,40-49,25.25,14.6,0,49.0,0,,0,
E10151,2024Q4,S3,M14,Driver,1,Full-time,2021-02-12,3.6,40-49,21.0,3.8,0,58.0,0,3,1,
E10152,2024Q4,S3,M11,Intake Coordinator,1,Full-time,2023-06-03,1.3,30-39,21.25,4.9,0,35.8,0,,0,
E10156,2024Q4,S3,M12,Home Health Aide,1,Part-time,2018-07-14,6.2,40-49,21.75,30.9,16,58.6,0,,0,
E10157,2024Q4,S3,M13,Home Health Aide,2,Part-time,2018-07-18,6.2,30-39,21.5,5.4,8,34.1,0,,0,
E10158,2024Q4,S3,M13,Case Manager,3,Full-time,2020-10-15,4.0,50+,27.0,5.2,40,70.7,0,1,0,
E10159,2024Q4,S3,M11,Home Health Aide,1,Full-time,2010-05-30,14.3,Under 30,24.75,2.7,18,64.7,0,3,0,
E10160,2024Q4,S3,M12,Driver,1,Part-time,2020-10-23,3.9,40-49,18.75,8.3,0,21.2,0,,0,
E10161,2024Q4,S3,M11,Supervisor,4,Full-time,2022-08-28,2.1,50+,35.5,4.6,0,26.4,0,,0,
E10162,2024Q4,S3,M13,Home Health Aide,1,Full-time,2021-08-04,3.2,Under 30,17.25,8.1,22,74.1,0,1,0,
E10164,2024Q4,S3,M13,Case Manager,3,Full-time,2022-03-20,2.5,30-39,28.75,5.8,35,49.2,1,,0,
E10165,2024Q4,S3,M11,Driver,1,Full-time,2021-11-03,2.9,30-39,21.75,15.8,0,31.6,0,3,0,
E10167,2024Q4,S3,M11,Driver,1,Full-time,2023-06-03,1.3,30-39,22.25,6.1,0,20.6,1,4,0,
E10169,2024Q4,S3,M12,Home Health Aide,2,Part-time,2019-10-18,5.0,Under 30,20.25,8.2,8,1.2,0,3,0,
E10171,2024Q4,S3,M14,Case Manager,2,Full-time,2023-04-17,1.5,30-39,26.75,9.9,39,76.0,1,1,1,
E10172,2024Q4,S3,M14,Intake Coordinator,1,Full-time,2021-05-27,3.3,50+,23.5,6.8,0,39.8,0,,0,
E10174,2024Q4,S3,M13,Home Health Aide,1,Part-time,2020-07-18,4.2,30-39,20.0,9.1,14,6.4,1,4,1,Career change
E10176,2024Q4,S3,M11,Nurse,3,Full-time,2021-12-30,2.8,50+,52.0,3.1,25,56.3,0,1,0,
E10182,2024Q4,S3,M13,Supervisor,3,Full-time,2023-04-26,1.4,Under 30,39.75,10.5,0,16.3,0,,0,
E10184,2024Q4,S3,M14,Admin,1,Part-time,2023-11-02,0.9,30-39,22.75,26.5,0,0.0,0,3,0,
E10185,2024Q4,S3,M12,Supervisor,4,Full-time,2020-06-18,4.3,50+,35.0,8.3,0,37.8,0,,0,
E10186,2024Q4,S3,M14,Nurse,4,Part-time,2020-03-25,4.5,Under 30,47.5,13.7,19,42.4,0,,0,
E10187,2024Q4,S3,M12,Case Manager,2,Full-time,2016-10-10,8.0,Under 30,28.5,9.5,30,30.1,0,3,0,
E10189,2024Q4,S3,M13,Home Health Aide,1,Part-time,2022-01-18,2.7,50+,19.25,6.6,15,26.2,0,,0,
E10437,2024Q4,S3,M13,Home Health Aide,1,Full-time,2024-04-05,0.5,Under 30,18.0,5.5,26,57.8,0,2,0,
E10438,2024Q4,S3,M14,Home Health Aide,1,Full-time,2024-04-06,0.5,40-49,17.25,21.6,23,44.1,1,1,0,
E10453,2024Q4,S3,M11,Home Health Aide,1,Full-time,2024-07-01,0.3,40-49,18.75,44.3,17,38.4,1,3,0,
E10466,2024Q4,S3,M11,Home Health Aide,1,Part-time,2024-07-01,0.3,50+,19.5,19.0,11,19.3,0,3,0,
E10476,2024Q4,S3,M12,Case Manager,2,Full-time,2024-08-17,0.1,50+,23.5,5.4,44,87.3,0,1,1,Retirement
E10477,2024Q4,S3,M11,Home Health Aide,1,Part-time,2024-08-10,0.1,40-49,21.0,19.3,15,47.9,0,1,0,
E10480,2024Q4,S3,M11,Home Health Aide,1,Full-time,2024-09-06,0.1,40-49,19.25,1.0,20,25.3,1,3,0,
E10481,2024Q4,S3,M14,Nurse,2,Full-time,2024-09-12,0.1,50+,48.5,5.8,20,64.3,0,,1,Retirement
E10514,2024Q4,S3,M11,Nurse,2,Full-time,2024-10-01,0.0,30-39,48.25,7.0,25,54.3,0,,0,
E10516,2024Q4,S3,M13,Home Health Aide,1,Part-time,2024-10-01,0.0,40-49,19.75,9.9,13,37.7,0,,0,
E10528,2024Q4,S3,M13,Home Health Aide,1,Full-time,2024-10-24,0.0,40-49,17.0,10.6,18,28.2,0,2,0,
E10529,2024Q4,S3,M11,Nurse,3,Full-time,2024-11-23,0.0,40-49,46.75,18.0,33,74.9,0,2,0,
E10530,2024Q4,S3,M14,Nurse,2,Full-time,2024-10-17,0.0,40-49,47.0,8.3,27,34.0,1,,0,
E10531,2024Q4,S3,M14,Case Manager,2,Part-time,2024-11-19,0.0,Under 30,27.75,31.0,28,48.9,0,1,1,
E10532,2024Q4,S3,M13,Home Health Aide,1,Full-time,2024-11-11,0.0,50+,19.0,3.7,18,42.0,0,,0,
E10533,2024Q4,S3,M13,Home Health Aide,1,Full-time,2024-11-30,0.0,30-39,20.25,4.1,19,68.7,0,,0,
E10534,2024Q4,S3,M11,Case Manager,2,Full-time,2024-11-04,0.0,40-49,27.0,7.2,39,51.6,0,2,0,
E10535,2024Q4,S3,M12,Admin,1,Part-time,2024-11-16,0.0,30-39,24.75,20.9,0,28.7,0,2,1,
E10536,2024Q4,S3,M12,Home Health Aide,1,Full-time,2024-10-01,0.0,30-39,18.75,7.2,22,53.0,1,,0,
E10537,2024Q4,S3,M13,Driver,1,Part-time,2024-11-02,0.0,30-39,19.25,20.5,0,19.3,0,3,0,
E10192,2024Q4,S4,M18,Admin,2,Full-time,2020-07-28,4.2,30-39,24.0,7.6,0,67.8,0,1,0,
E10193,2024Q4,S4,M17,Case Manager,2,Full-time,2018-04-28,6.4,50+,28.75,26.9,23,0.0,1,3,0,
E10194,2024Q4,S4,M16,Case Manager,3,Full-time,2018-06-04,6.3,40-49,31.0,9.9,32,26.4,1,2,1,Workload or schedule
E10195,2024Q4,S4,M18,Driver,1,Full-time,2023-02-01,1.7,Under 30,20.75,41.3,0,27.7,1,3,0,
E10196,2024Q4,S4,M15,Driver,1,Full-time,2017-04-03,7.5,40-49,26.0,20.1,0,13.0,1,3,0,
E10199,2024Q4,S4,M16,Nurse,2,Full-time,2018-06-11,6.3,30-39,47.0,11.0,29,42.8,0,3,0,
E10200,2024Q4,S4,M15,Home Health Aide,1,Part-time,2022-04-20,2.5,Under 30,18.75,31.8,13,33.1,1,3,0,
E10201,2024Q4,S4,M16,Admin,2,Full-time,2021-06-23,3.3,Under 30,27.0,3.3,0,14.8,0,4,0,
E10202,2024Q4,S4,M18,Nurse,2,Full-time,2022-12-25,1.8,50+,46.25,30.0,20,46.8,0,2,1,Workload or schedule
E10203,2024Q4,S4,M15,Nurse,3,Part-time,2022-09-29,2.0,Under 30,46.25,27.3,15,23.3,1,3,0,
E10204,2024Q4,S4,M17,Home Health Aide,1,Full-time,2022-12-12,1.8,30-39,20.0,5.1,22,38.5,0,,1,Workload or schedule
E10205,2024Q4,S4,M16,Home Health Aide,2,Part-time,2000-11-26,23.8,40-49,25.25,53.6,9,1.9,1,4,0,
E10206,2024Q4,S4,M15,Case Manager,3,Full-time,2022-07-13,2.2,40-49,27.25,23.3,33,6.4,1,4,0,
E10207,2024Q4,S4,M15,Home Health Aide,1,Full-time,2023-03-08,1.6,50+,21.5,21.5,16,33.5,0,,0,
E10208,2024Q4,S4,M15,Intake Coordinator,3,Full-time,2016-09-12,8.1,40-49,23.25,9.1,0,56.5,0,3,1,
E10209,2024Q4,S4,M15,Intake Coordinator,1,Full-time,2020-04-08,4.5,40-49,25.0,1.4,0,18.2,0,5,0,
E10210,2024Q4,S4,M17,Driver,1,Full-time,2023-02-18,1.6,50+,21.0,14.8,0,47.5,1,4,0,
E10211,2024Q4,S4,M18,Nurse,3,Full-time,2019-02-24,5.6,Under 30,48.25,9.0,28,54.3,1,4,0,
E10212,2024Q4,S4,M16,Case Manager,2,Full-time,2023-10-13,1.0,50+,27.75,27.8,30,14.8,1,2,0,
E10213,2024Q4,S4,M18,Home Health Aide,1,Full-time,2022-05-13,2.4,30-39,20.5,15.2,15,25.1,0,3,0,
E10214,2024Q4,S4,M17,Admin,3,Full-time,2019-05-05,5.4,30-39,25.75,8.6,0,36.6,0,,0,
E10216,2024Q4,S4,M18,Home Health Aide,1,Full-time,2016-02-19,8.6,50+,23.5,9.4,13,39.4,0,1,0,
E10217,2024Q4,S4,M18,Nurse,2,Full-time,2017-08-08,7.1,40-49,62.25,67.5,23,38.6,0,3,0,
E10218,2024Q4,S4,M17,Home Health Aide,2,Part-time,2012-04-03,12.5,40-49,23.0,13.6,10,8.9,0,3,0,
E10219,2024Q4,S4,M17,Intake Coordinator,2,Full-time,2020-11-29,3.8,30-39,24.5,1.7,0,71.4,0,3,0,
E10220,2024Q4,S4,M15,Supervisor,4,Full-time,2017-09-02,7.1,Under 30,43.5,4.2,0,40.8,0,2,0,
E10222,2024Q4,S4,M18,Case Manager,2,Full-time,2019-02-01,5.7,40-49,30.5,8.1,18,15.2,0,3,0,
E10225,2024Q4,S4,M17,Supervisor,4,Full-time,2021-10-15,3.0,30-39,38.5,15.6,0,58.0,0,,1,
E10226,2024Q4,S4,M16,Case Manager,3,Full-time,2022-11-09,1.9,50+,30.5,10.7,31,49.9,1,,0,
E10227,2024Q4,S4,M18,Case Manager,2,Full-time,2022-02-01,2.7,30-39,27.25,12.1,36,48.3,1,4,0,
E10228,2024Q4,S4,M17,Home Health Aide,1,Full-time,2020-08-12,4.1,Under 30,19.75,9.0,20,15.2,1,,0,
E10230,2024Q4,S4,M18,Admin,3,Part-time,2017-12-05,6.8,50+,27.5,8.7,0,9.2,0,3,0,
E10231,2024Q4,S4,M15,Home Health Aide,1,Full-time,2020-11-01,3.9,30-39,18.25,12.8,17,44.0,1,4,0,
E10232,2024Q4,S4,M16,Driver,2,Full-time,2022-04-14,2.5,40-49,18.75,19.8,0,14.9,0,,0,
E10233,2024Q4,S4,M17,Case Manager,3,Full-time,2013-01-14,11.7,30-39,31.25,7.6,32,50.9,0,4,0,
E10234,2024Q4,S4,M15,Home Health Aide,1,Full-time,2015-02-04,9.7,30-39,22.0,32.8,14,0.0,0,,0,
E10237,2024Q4,S4,M15,Admin,2,Full-time,2021-08-15,3.1,30-39,27.25,10.1,0,49.5,1,3,0,
E10239,2024Q4,S4,M17,Nurse,3,Full-time,2021-10-12,3.0,40-49,53.75,20.8,23,33.5,1,,1,
E10240,2024Q4,S4,M17,Nurse,2,Full-time,2021-07-21,3.2,50+,47.75,19.0,23,35.7,1,3,0,
E10425,2024Q4,S4,M17,Intake Coordinator,1,Full-time,2024-04-01,0.5,30-39,19.75,4.4,0,60.7,0,,0,
E10440,2024Q4,S4,M16,Case Manager,2,Full-time,2024-04-13,0.5,Under 30,26.75,11.0,30,5.2,1,5,0,
E10456,2024Q4,S4,M17,Intake Coordinator,1,Full-time,2024-07-01,0.3,Under 30,24.25,7.3,0,49.8,1,3,0,
E10457,2024Q4,S4,M15,Home Health Aide,1,Full-time,2024-07-01,0.3,Under 30,18.75,10.5,13,22.4,0,,1,Pay
E10460,2024Q4,S4,M17,Nurse,3,Full-time,2024-07-01,0.3,30-39,48.25,30.2,18,10.0,1,4,0,
E10482,2024Q4,S4,M17,Home Health Aide,1,Part-time,2024-09-10,0.1,40-49,19.75,21.7,9,7.3,1,2,0,
E10483,2024Q4,S4,M16,Case Manager,2,Full-time,2024-07-13,0.2,Under 30,27.75,47.7,22,5.5,1,3,0,
E10484,2024Q4,S4,M18,Case Manager,2,Full-time,2024-07-02,0.2,40-49,29.5,13.1,30,40.6,1,3,0,
E10517,2024Q4,S4,M18,Admin,1,Full-time,2024-10-01,0.0,Under 30,23.25,17.6,0,39.3,0,,0,
E10538,2024Q4,S4,M16,Home Health Aide,1,Part-time,2024-10-23,0.0,50+,16.5,11.0,10,0.0,0,2,0,
E10242,2024Q4,S5,M20,Nurse,4,Full-time,2017-02-05,7.7,30-39,53.75,31.5,21,48.5,0,,0,
E10243,2024Q4,S5,M20,Nurse,3,Full-time,2019-06-02,5.3,30-39,54.5,13.7,26,67.8,0,,0,
E10244,2024Q4,S5,M22,Nurse,2,Full-time,2022-01-09,2.7,40-49,48.5,9.7,27,52.6,0,,0,
E10245,2024Q4,S5,M21,Home Health Aide,1,Part-time,2023-09-09,1.1,40-49,19.25,33.0,10,0.0,0,3,0,
E10246,2024Q4,S5,M22,Driver,2,Full-time,2019-10-07,5.0,30-39,20.75,16.7,0,25.8,1,4,0,
E10248,2024Q4,S5,M19,Nurse,2,Full-time,2016-08-29,8.1,Under 30,53.0,35.4,26,54.0,0,,0,
E10249,2024Q4,S5,M21,Nurse,2,Part-time,2019-06-09,5.3,40-49,51.25,21.6,13,17.1,0,2,0,
E10253,2024Q4,S5,M19,Home Health Aide,1,Full-time,2023-09-24,1.0,40-49,19.75,10.0,13,26.1,1,3,0,
E10258,2024Q4,S5,M22,Case Manager,2,Full-time,2022-10-07,2.0,30-39,26.0,3.7,34,64.1,0,,1,
E10259,2024Q4,S5,M22,Case Manager,3,Part-time,2016-09-21,8.0,50+,31.75,12.2,23,24.5,0,2,1,
E10260,2024Q4,S5,M22,Admin,2,Part-time,2023-09-26,1.0,30-39,22.5,15.7,0,19.3,1,,0,
E10263,2024Q4,S5,M21,Home Health Aide,2,Part-time,2019-04-12,5.5,40-49,21.0,7.9,19,7.5,0,,0,
E10265,2024Q4,S5,M22,Case Manager,3,Full-time,2016-10-01,8.0,30-39,32.75,12.8,22,10.4,0,,0,
E10267,2024Q4,S5,M20,Case Manager,3,Full-time,2014-12-23,9.8,40-49,33.25,6.8,28,30.4,1,2,0,
E10268,2024Q4,S5,M19,Case Manager,2,Full-time,2022-02-22,2.6,40-49,29.5,6.8,28,41.5,0,,0,
E10271,2024Q4,S5,M19,Home Health Aide,1,Full-time,2021-03-26,3.5,Under 30,18.5,16.6,22,78.0,0,1,0,
E10272,2024Q4,S5,M21,Supervisor,3,Full-time,2022-08-09,2.1,50+,38.25,11.4,0,43.4,0,,1,Retirement
E10278,2024Q4,S5,M19,Case Manager,2,Full-time,2022-08-26,2.1,Under 30,30.5,2.9,46,87.9,1,,0,
E10279,2024Q4,S5,M20,Home Health Aide,2,Part-time,2018-02-04,6.7,40-49,22.5,11.7,14,47.1,0,,0,
E10280,2024Q4,S5,M20,Driver,1,Part-time,2021-09-12,3.1,30-39,21.0,20.2,0,29.0,0,,0,
E10281,2024Q4,S5,M22,Driver,1,Part-time,2018-10-19,6.0,40-49,22.5,3.8,0,22.3,0,2,0,
E10282,2024Q4,S5,M20,Admin,1,Full-time,2019-12-27,4.8,30-39,30.25,18.8,0,34.8,0,3,0,
E10285,2024Q4,S5,M19,Nurse,4,Full-time,2022-01-28,2.7,Under 30,46.25,2.2,23,68.8,0,,1,
E10286,2024Q4,S5,M22,Home Health Aide,1,Part-time,2023-07-24,1.2,30-39,19.75,19.5,10,37.0,0,,0,
E10426,2024Q4,S5,M19,Home Health Aide,1,Full-time,2024-04-01,0.5,50+,17.75,16.9,15,16.9,1,4,1,
E10441,2024Q4,S5,M20,Driver,1,Full-time,2024-04-22,0.4,30-39,18.25,9.8,0,50.1,0,2,0,
E10442,2024Q4,S5,M20,Case Manager,2,Full-time,2024-05-27,0.3,40-49,26.75,27.7,37,56.4,1,2,0,
E10446,2024Q4,S5,M20,Home Health Aide,1,Part-time,2024-05-24,0.4,30-39,19.0,3.3,9,8.7,0,2,0,
E10486,2024Q4,S5,M19,Nurse,2,Full-time,2024-09-02,0.1,40-49,45.25,3.5,25,61.5,0,2,0,
E10487,2024Q4,S5,M21,Nurse,3,Full-time,2024-08-13,0.1,50+,46.5,13.4,17,32.3,0,1,0,
E10488,2024Q4,S5,M22,Nurse,2,Full-time,2024-08-10,0.1,30-39,44.5,8.6,15,18.4,0,,0,
E10489,2024Q4,S5,M22,Home Health Aide,1,Part-time,2024-08-08,0.1,40-49,19.5,30.1,15,15.1,0,,0,
E10490,2024Q4,S5,M22,Admin,1,Full-time,2024-09-09,0.1,30-39,24.75,9.5,0,49.0,0,1,0,
E10491,2024Q4,S5,M22,Case Manager,2,Full-time,2024-07-16,0.2,30-39,26.5,23.0,25,26.4,0,,0,
E10492,2024Q4,S5,M20,Case Manager,2,Full-time,2024-08-25,0.1,40-49,28.25,31.3,27,26.7,1,3,0,
E10493,2024Q4,S5,M19,Home Health Aide,1,Full-time,2024-09-18,0.0,Under 30,21.75,15.9,15,15.1,0,4,0,
E10539,2024Q4,S5,M22,Intake Coordinator,1,Full-time,2024-11-20,0.0,30-39,22.0,20.2,0,47.0,0,,0,
E10540,2024Q4,S5,M21,Home Health Aide,1,Full-time,2024-10-29,0.0,50+,19.0,11.9,22,22.7,0,,0,
E10541,2024Q4,S5,M19,Home Health Aide,1,Full-time,2024-10-03,0.0,50+,18.25,11.3,14,38.4,1,,0,
E10542,2024Q4,S5,M22,Case Manager,2,Full-time,2024-10-26,0.0,40-49,26.5,5.5,33,59.4,0,,1,
E10543,2024Q4,S5,M19,Case Manager,2,Full-time,2024-11-30,0.0,30-39,26.25,12.9,34,60.9,0,,0,
E10544,2024Q4,S5,M19,Supervisor,3,Full-time,2024-10-15,0.0,40-49,36.75,16.6,0,60.2,0,2,0,
E10545,2024Q4,S5,M19,Case Manager,2,Full-time,2024-12-01,0.0,30-39,25.0,24.6,27,50.3,0,,0,
E10546,2024Q4,S5,M19,Home Health Aide,1,Full-time,2024-10-15,0.0,40-49,20.75,8.0,16,56.8,0,3,0,
E10293,2024Q4,S6,M25,Intake Coordinator,3,Full-time,2022-02-13,2.6,50+,21.5,12.0,0,546.6,0,2,0,
E10296,2024Q4,S6,M24,Intake Coordinator,2,Full-time,2022-02-18,2.6,50+,22.75,5.2,0,573.0,0,4,0,
E10298,2024Q4,S6,M24,Admin,1,Full-time,2019-04-21,5.4,40-49,25.0,12.0,0,552.3,0,5,0,
E10299,2024Q4,S6,M23,Driver,2,Part-time,2019-04-03,5.5,Under 30,20.75,17.1,0,260.5,0,3,0,
E10302,2024Q4,S6,M24,Home Health Aide,1,Full-time,2022-02-23,2.6,50+,19.5,29.5,11,550.7,0,2,1,Retirement
E10306,2024Q4,S6,M23,Home Health Aide,2,Full-time,2020-05-17,4.4,30-39,19.0,29.8,17,575.1,0,3,0,
E10307,2024Q4,S6,M24,Case Manager,2,Full-time,2022-12-16,1.8,30-39,26.25,6.0,24,520.0,0,,0,
E10308,2024Q4,S6,M23,Nurse,3,Full-time,2023-03-24,1.5,Under 30,47.75,105.2,23,561.6,1,,0,
E10309,2024Q4,S6,M23,Home Health Aide,1,Part-time,2023-10-16,1.0,Under 30,18.75,108.2,8,276.1,0,4,0,
E10310,2024Q4,S6,M25,Driver,1,Part-time,2023-05-03,1.4,40-49,16.75,17.6,0,275.1,0,3,0,
E10311,2024Q4,S6,M23,Supervisor,4,Full-time,2017-07-06,7.2,30-39,38.5,10.3,0,588.6,1,,0,
E10313,2024Q4,S6,M25,Home Health Aide,1,Part-time,2012-05-08,12.4,Under 30,21.5,13.3,10,270.1,0,3,0,
E10314,2024Q4,S6,M24,Nurse,2,Part-time,2021-11-28,2.8,50+,52.0,13.3,14,278.2,0,4,0,
E10315,2024Q4,S6,M23,Case Manager,3,Part-time,2015-01-29,9.7,30-39,29.5,12.9,19,260.0,0,3,1,Relocation
E10316,2024Q4,S6,M25,Home Health Aide,1,Full-time,2022-05-05,2.4,30-39,19.5,46.7,13,540.6,0,3,0,
E10317,2024Q4,S6,M23,Intake Coordinator,1,Full-time,2021-07-01,3.3,50+,19.0,52.4,0,559.6,0,2,0,
E10318,2024Q4,S6,M24,Nurse,2,Full-time,2016-05-14,8.4,50+,46.0,30.8,16,534.8,1,3,0,
E10320,2024Q4,S6,M25,Home Health Aide,1,Full-time,2021-12-10,2.8,50+,19.5,43.3,18,582.5,0,3,0,
E10321,2024Q4,S6,M23,Driver,1,Full-time,2018-10-22,5.9,50+,22.0,34.2,0,577.4,1,3,0,
E10323,2024Q4,S6,M23,Home Health Aide,1,Part-time,2019-06-08,5.3,40-49,18.75,12.4,14,280.0,1,5,0,
E10324,2024Q4,S6,M24,Home Health Aide,1,Full-time,2019-11-16,4.9,Under 30,19.25,5.6,15,557.1,1,5,0,
E10325,2024Q4,S6,M25,Driver,1,Full-time,2023-05-30,1.3,30-39,19.25,23.8,0,561.9,0,1,0,
E10326,2024Q4,S6,M24,Case Manager,2,Full-time,2014-03-22,10.5,50+,27.25,22.8,21,520.0,1,5,0,
E10327,2024Q4,S6,M25,Driver,2,Part-time,2018-05-07,6.4,50+,19.25,14.0,0,261.9,1,4,0,
E10328,2024Q4,S6,M25,Admin,2,Full-time,2013-05-14,11.4,50+,29.75,40.5,0,566.4,0,,0,
E10329,2024Q4,S6,M24,Driver,2,Full-time,2013-02-08,11.6,30-39,22.25,21.6,0,569.0,1,,0,
E10330,2024Q4,S6,M25,Home Health Aide,1,Part-time,2017-05-03,7.4,40-49,21.25,9.1,12,264.0,0,,0,
E10332,2024Q4,S6,M23,Home Health Aide,1,Full-time,2023-06-05,1.3,50+,18.75,6.0,15,541.1,0,2,0,
E10333,2024Q4,S6,M25,Home Health Aide,2,Part-time,2017-03-13,7.6,Under 30,21.75,10.5,10,265.0,1,3,0,
E10334,2024Q4,S6,M25,Nurse,2,Full-time,2023-08-27,1.1,40-49,44.5,14.4,18,553.0,1,,0,
E10447,2024Q4,S6,M24,Supervisor,3,Full-time,2024-05-06,0.4,50+,32.0,10.9,0,526.2,0,4,0,
E10448,2024Q4,S6,M23,Case Manager,2,Full-time,2024-06-18,0.3,40-49,25.0,34.5,34,571.9,0,,0,
E10494,2024Q4,S6,M23,Admin,1,Part-time,2024-07-03,0.2,30-39,24.0,20.1,0,263.2,0,,0,
E10495,2024Q4,S6,M25,Home Health Aide,1,Part-time,2024-08-15,0.1,Under 30,18.25,12.8,13,260.0,0,3,0,
E10496,2024Q4,S6,M23,Case Manager,2,Full-time,2024-08-08,0.1,30-39,27.5,46.3,25,542.8,0,,0,
E10497,2024Q4,S6,M24,Nurse,2,Full-time,2024-07-08,0.2,Under 30,44.0,33.9,15,527.8,1,3,0,
E10498,2024Q4,S6,M25,Driver,1,Full-time,2024-09-12,0.1,Under 30,19.25,14.8,0,537.2,0,3,0,
E10499,2024Q4,S6,M25,Nurse,2,Full-time,2024-07-27,0.2,Under 30,42.0,7.8,23,565.5,1,,0,
E10511,2024Q4,S6,M25,Case Manager,2,Full-time,2024-10-01,0.0,30-39,26.5,16.7,31,558.2,0,2,0,
E10512,2024Q4,S6,M23,Admin,1,Full-time,2024-10-01,0.0,30-39,24.75,20.1,0,565.0,0,,0,
E10547,2024Q4,S6,M25,Nurse,2,Full-time,2024-11-17,0.0,Under 30,39.75,33.9,21,560.3,1,,1,
E10548,2024Q4,S6,M23,Home Health Aide,1,Part-time,2024-10-14,0.0,30-39,18.25,8.5,16,303.8,0,1,0,
E10549,2024Q4,S6,M25,Case Manager,2,Full-time,2024-10-21,0.0,30-39,28.5,60.9,33,569.1,0,,1,
E10336,2024Q4,S7,M28,Driver,1,Full-time,2018-10-03,6.0,50+,20.0,25.2,0,45.8,0,2,0,
E10338,2024Q4,S7,M27,Driver,2,Part-time,2022-04-10,2.5,50+,18.75,10.2,0,27.4,0,,0,
E10339,2024Q4,S7,M27,Admin,1,Part-time,2021-10-16,3.0,50+,25.25,45.8,0,22.6,1,,0,
E10341,2024Q4,S7,M28,Case Manager,2,Full-time,2018-11-28,5.8,40-49,28.75,20.0,38,44.3,1,3,0,
E10345,2024Q4,S7,M28,Home Health Aide,2,Full-time,2022-10-03,2.0,40-49,17.0,15.8,15,53.4,0,3,1,Career change
E10346,2024Q4,S7,M27,Intake Coordinator,1,Full-time,2021-08-07,3.2,Under 30,21.25,18.8,0,63.5,0,,0,
E10348,2024Q4,S7,M28,Case Manager,2,Full-time,2023-03-19,1.5,40-49,25.25,6.6,28,23.4,1,3,0,
E10349,2024Q4,S7,M27,Admin,2,Full-time,2019-12-13,4.8,Under 30,23.25,12.4,0,31.9,0,2,1,
E10350,2024Q4,S7,M26,Case Manager,3,Full-time,2022-09-10,2.1,30-39,27.0,21.7,25,20.4,0,,0,
E10351,2024Q4,S7,M28,Home Health Aide,1,Full-time,2023-09-01,1.1,50+,17.75,13.1,19,58.4,1,4,0,
E10354,2024Q4,S7,M26,Home Health Aide,1,Part-time,2023-08-09,1.1,50+,20.0,30.2,9,14.4,0,3,0,
E10355,2024Q4,S7,M28,Nurse,3,Full-time,2007-08-02,17.2,50+,57.0,16.7,17,67.4,1,,0,
E10356,2024Q4,S7,M28,Case Manager,2,Full-time,2023-12-26,0.8,30-39,25.25,8.7,28,20.7,1,3,0,
E10357,2024Q4,S7,M28,Home Health Aide,1,Full-time,2022-06-09,2.3,40-49,19.0,14.3,27,42.9,1,,1,
E10358,2024Q4,S7,M28,Supervisor,4,Full-time,2006-02-18,18.6,30-39,45.75,38.4,0,39.3,0,4,0,
E10359,2024Q4,S7,M26,Supervisor,4,Full-time,2013-02-05,11.7,Under 30,44.5,19.6,0,20.9,0,3,0,
E10360,2024Q4,S7,M28,Case Manager,3,Full-time,2020-05-21,4.4,30-39,26.25,18.6,33,60.8,0,2,0,
E10361,2024Q4,S7,M28,Home Health Aide,1,Full-time,2014-02-27,10.6,40-49,22.5,36.9,21,45.1,0,3,0,
E10363,2024Q4,S7,M26,Nurse,2,Part-time,2022-07-05,2.2,40-49,45.25,18.1,8,4.6,1,5,0,
E10366,2024Q4,S7,M28,Home Health Aide,1,Part-time,2023-08-27,1.1,50+,17.25,30.4,16,2.4,0,,1,
E10367,2024Q4,S7,M28,Home Health Aide,2,Part-time,2019-08-24,5.1,30-39,19.75,10.0,13,23.7,1,5,0,
E10368,2024Q4,S7,M27,Case Manager,2,Full-time,2021-12-27,2.8,50+,26.25,45.0,18,39.3,1,4,1,Workload or schedule
E10369,2024Q4,S7,M28,Admin,1,Full-time,2020-11-25,3.8,40-49,24.25,69.1,0,56.4,0,,1,
E10371,2024Q4,S7,M26,Home Health Aide,1,Part-time,2021-11-26,2.8,30-39,19.0,13.9,8,9.2,1,,0,
E10372,2024Q4,S7,M27,Nurse,2,Full-time,2023-05-23,1.4,40-49,42.25,43.3,21,40.2,0,3,0,
E10373,2024Q4,S7,M28,Nurse,3,Full-time,2022-01-21,2.7,40-49,47.75,26.6,24,48.2,1,,0,
E10374,2024Q4,S7,M27,Nurse,2,Full-time,2023-11-07,0.9,40-49,44.0,34.1,10,7.7,1,3,0,
E10377,2024Q4,S7,M26,Nurse,3,Full-time,2023-02-25,1.6,Under 30,42.0,5.6,25,58.7,1,,0,
E10424,2024Q4,S7,M26,Home Health Aide,1,Part-time,2024-04-01,0.5,50+,17.25,7.7,9,0.0,1,3,0,
E10459,2024Q4,S7,M27,Home Health Aide,1,Full-time,2024-07-01,0.3,30-39,19.25,11.7,20,22.8,1,,0,
E10501,2024Q4,S7,M26,Supervisor,3,Full-time,2024-07-04,0.2,30-39,32.25,12.2,0,23.2,0,,0,
E10502,2024Q4,S7,M28,Case Manager,2,Full-time,2024-08-15,0.1,40-49,24.75,18.5,37,61.8,1,3,0,
E10503,2024Q4,S7,M26,Case Manager,2,Full-time,2024-07-17,0.2,Under 30,25.75,22.6,31,11.5,1,3,0,
E10504,2024Q4,S7,M27,Nurse,2,Full-time,2024-07-11,0.2,40-49,44.5,18.6,18,0.0,1,5,0,
E10505,2024Q4,S7,M27,Nurse,3,Part-time,2024-08-01,0.2,30-39,46.0,16.3,13,0.0,0,,0,
E10515,2024Q4,S7,M27,Case Manager,2,Full-time,2024-10-01,0.0,40-49,25.75,11.4,20,13.0,0,,0,
E10550,2024Q4,S7,M28,Case Manager,2,Full-time,2024-10-28,0.0,40-49,26.25,42.5,25,31.4,0,5,0,
E10551,2024Q4,S7,M27,Home Health Aide,1,Full-time,2024-10-08,0.0,30-39,18.75,38.8,11,23.7,0,2,0,
E10552,2024Q4,S7,M27,Case Manager,2,Full-time,2024-11-06,0.0,50+,22.0,26.7,37,53.6,0,2,1,Workload or schedule
E10553,2024Q4,S7,M28,Case Manager,2,Full-time,2024-10-20,0.0,Under 30,27.0,9.7,33,46.9,0,3,1,
E10554,2024Q4,S7,M26,Home Health Aide,1,Full-time,2024-11-24,0.0,Under 30,18.0,28.6,15,30.3,0,1,0,
E10555,2024Q4,S7,M26,Admin,1,Full-time,2024-12-19,0.0,40-49,25.0,3.4,0,41.9,0,,1,Personal or family
E10382,2024Q4,S8,M30,Home Health Aide,2,Part-time,2006-10-12,18.0,50+,21.5,66.0,9,3.9,0,,0,
E10385,2024Q4,S8,M30,Home Health Aide,1,Part-time,2023-10-27,0.9,50+,18.5,84.4,9,0.0,1,,0,
E10387,2024Q4,S8,M30,Home Health Aide,1,Part-time,2023-05-26,1.4,40-49,18.75,16.2,12,46.3,0,3,0,
E10388,2024Q4,S8,M29,Nurse,3,Part-time,2022-03-23,2.5,Under 30,39.25,6.1,14,16.8,0,,0,
E10389,2024Q4,S8,M30,Home Health Aide,2,Part-time,2022-08-11,2.1,Under 30,18.0,18.6,12,5.2,1,,0,
E10390,2024Q4,S8,M30,Home Health Aide,1,Full-time,2010-06-08,14.3,50+,23.75,37.0,15,34.7,1,4,0,
E10391,2024Q4,S8,M31,Home Health Aide,1,Part-time,2022-07-13,2.2,30-39,19.25,79.9,8,6.9,0,,0,
E10393,2024Q4,S8,M29,Driver,1,Part-time,2023-01-02,1.7,30-39,18.25,36.8,0,4.6,0,,0,
E10394,2024Q4,S8,M31,Driver,1,Part-time,2022-07-04,2.2,Under 30,19.5,19.3,0,14.0,1,4,0,
E10395,2024Q4,S8,M30,Home Health Aide,2,Part-time,2023-01-26,1.7,40-49,19.5,17.9,14,25.9,0,3,0,
E10397,2024Q4,S8,M30,Driver,1,Full-time,2019-01-22,5.7,50+,22.5,28.3,0,43.0,1,3,1,Relocation
E10398,2024Q4,S8,M29,Nurse,2,Full-time,2020-01-08,4.7,40-49,47.5,15.3,20,50.4,0,1,0,
E10399,2024Q4,S8,M31,Supervisor,3,Full-time,2023-07-28,1.2,Under 30,36.75,31.8,0,39.4,1,,0,
E10401,2024Q4,S8,M31,Home Health Aide,1,Part-time,2022-06-01,2.3,30-39,20.5,13.3,7,9.6,0,4,0,
E10402,2024Q4,S8,M30,Admin,1,Full-time,2016-09-12,8.1,30-39,23.25,8.9,0,26.9,1,4,0,
E10403,2024Q4,S8,M31,Case Manager,2,Part-time,2023-12-10,0.8,50+,28.25,39.6,21,28.7,1,3,1,Retirement
E10404,2024Q4,S8,M29,Nurse,2,Full-time,2022-09-12,2.1,50+,50.0,61.3,18,16.8,0,,0,
E10406,2024Q4,S8,M30,Case Manager,2,Full-time,2013-10-30,10.9,30-39,31.25,4.2,39,39.5,1,3,0,
E10407,2024Q4,S8,M29,Home Health Aide,2,Full-time,2023-07-14,1.2,40-49,20.0,11.5,22,45.3,1,3,0,
E10408,2024Q4,S8,M31,Nurse,2,Part-time,2023-09-28,1.0,Under 30,45.5,15.2,14,26.7,0,2,0,
E10410,2024Q4,S8,M30,Case Manager,2,Full-time,2023-03-07,1.6,30-39,24.0,11.1,37,61.0,1,3,0,
E10411,2024Q4,S8,M29,Nurse,3,Full-time,2022-08-26,2.1,30-39,45.25,24.9,23,54.3,0,2,0,
E10412,2024Q4,S8,M29,Case Manager,2,Part-time,2021-07-01,3.3,30-39,28.5,49.5,12,0.0,1,,0,
E10414,2024Q4,S8,M31,Admin,3,Part-time,2017-03-10,7.6,30-39,24.5,14.7,0,0.0,1,4,0,
E10415,2024Q4,S8,M31,Intake Coordinator,2,Full-time,2021-07-06,3.2,40-49,21.75,46.9,0,35.0,1,,1,
E10416,2024Q4,S8,M30,Nurse,4,Full-time,2018-10-23,5.9,50+,43.25,11.3,30,28.9,1,4,0,
E10419,2024Q4,S8,M30,Driver,1,Full-time,2022-05-27,2.3,30-39,19.0,12.8,0,37.3,1,2,0,
E10429,2024Q4,S8,M29,Intake Coordinator,1,Full-time,2024-04-01,0.5,40-49,19.5,7.6,0,14.3,0,2,0,
E10506,2024Q4,S8,M30,Supervisor,3,Full-time,2024-08-09,0.1,30-39,35.5,13.5,0,30.3,1,4,0,
E10507,2024Q4,S8,M30,Intake Coordinator,1,Full-time,2024-07-29,0.2,30-39,21.0,40.3,0,25.6,0,2,1,
E10508,2024Q4,S8,M30,Supervisor,3,Full-time,2024-08-25,0.1,Under 30,38.0,9.7,0,62.0,0,,0,
E10510,2024Q4,S8,M31,Driver,1,Part-time,2024-09-03,0.1,Under 30,19.75,4.2,0,12.0,0,,1,
E10556,2024Q4,S8,M29,Intake Coordinator,1,Full-time,2024-11-12,0.0,Under 30,20.5,19.4,0,45.2,0,4,0,
E10557,2024Q4,S8,M30,Nurse,2,Full-time,2024-12-18,0.0,30-39,46.75,28.8,22,28.1,1,4,0,
E10558,2024Q4,S8,M31,Home Health Aide,1,Full-time,2024-10-05,0.0,Under 30,19.5,25.2,14,23.1,1,,0,
E10559,2024Q4,S8,M29,Supervisor,3,Full-time,2024-12-20,0.0,30-39,36.75,27.3,0,56.7,0,,0,
E10560,2024Q4,S8,M30,Case Manager,2,Full-time,2024-11-11,0.0,40-49,26.5,72.9,25,49.2,1,4,0,
E10561,2024Q4,S8,M31,Nurse,2,Part-time,2024-11-13,0.0,Under 30,39.5,14.2,11,39.2,0,2,0,
E10001,2025Q1,S1,M03,Case Manager,2,Full-time,2021-08-03,3.4,50+,35.0,9.3,38,29.6,0,3,0,
E10002,2025Q1,S1,M01,Case Manager,2,Full-time,2022-06-13,2.6,30-39,33.25,3.1,26,8.3,0,,0,
E10003,2025Q1,S1,M01,Home Health Aide,2,Part-time,2011-05-25,13.6,40-49,28.5,17.1,10,0.0,1,4,0,
E10004,2025Q1,S1,M05,Driver,2,Part-time,2023-09-06,1.3,50+,24.5,7.0,0,0.0,1,5,0,
E10005,2025Q1,S1,M02,Nurse,2,Full-time,2022-10-30,2.2,Under 30,53.0,9.9,30,45.1,1,4,0,
E10006,2025Q1,S1,M05,Nurse,4,Full-time,2012-11-23,12.1,40-49,67.25,3.7,20,33.1,0,4,0,
E10008,2025Q1,S1,M01,Supervisor,4,Full-time,2020-08-09,4.4,40-49,46.75,19.3,0,15.6,1,4,0,
E10011,2025Q1,S1,M05,Driver,1,Part-time,2023-12-31,1.0,30-39,21.75,4.8,0,19.4,0,,0,
E10012,2025Q1,S1,M04,Admin,2,Full-time,2021-05-16,3.6,50+,25.75,5.8,0,20.3,0,3,0,
E10015,2025Q1,S1,M01,Admin,1,Full-time,2019-12-01,5.1,Under 30,30.0,10.6,0,25.2,1,,0,
E10016,2025Q1,S1,M05,Driver,2,Part-time,2019-12-28,5.0,Under 30,26.0,18.1,0,0.0,1,4,0,
E10017,2025Q1,S1,M04,Driver,1,Full-time,2022-12-06,2.1,30-39,24.0,2.6,0,29.6,1,3,0,
E10018,2025Q1,S1,M03,Driver,2,Part-time,2021-09-30,3.3,Under 30,25.5,8.6,0,10.1,0,1,0,
E10019,2025Q1,S1,M05,Admin,1,Part-time,2023-04-23,1.7,30-39,28.25,5.1,0,0.0,0,4,0,
E10021,2025Q1,S1,M05,Home Health Aide,1,Full-time,2012-02-19,12.9,40-49,24.75,2.2,21,10.3,1,5,0,
E10022,2025Q1,S1,M02,Intake Coordinator,2,Full-time,2023-05-20,1.6,30-39,27.0,4.9,0,19.2,1,4,0,
E10023,2025Q1,S1,M02,Admin,3,Part-time,2020-02-05,4.9,30-39,32.25,6.3,0,18.3,1,5,0,
E10024,2025Q1,S1,M05,Home Health Aide,1,Part-time,2023-03-18,1.8,Under 30,21.75,5.1,16,22.7,0,4,0,
E10025,2025Q1,S1,M04,Case Manager,3,Full-time,2019-06-24,5.5,Under 30,32.75,10.7,33,32.0,1,4,0,
E10026,2025Q1,S1,M04,Nurse,3,Full-time,2019-02-17,5.9,40-49,61.75,7.5,27,25.1,1,,0,
E10027,2025Q1,S1,M01,Nurse,3,Part-time,2022-12-13,2.1,Under 30,50.5,23.1,14,12.8,0,3,0,
E10028,2025Q1,S1,M01,Nurse,2,Full-time,2023-05-18,1.6,40-49,52.25,9.7,40,57.6,1,3,0,
E10029,2025Q1,S1,M01,Home Health Aide,1,Full-time,2022-03-20,2.8,50+,22.25,8.9,18,9.8,1,,0,
E10032,2025Q1,S1,M03,Home Health Aide,2,Full-time,2016-12-21,8.0,Under 30,23.5,12.9,17,34.7,0,4,0,
E10033,2025Q1,S1,M03,Case Manager,3,Full-time,2020-12-26,4.0,30-39,33.25,4.2,29,34.0,0,3,1,Career change
E10035,2025Q1,S1,M04,Nurse,2,Full-time,2022-12-23,2.0,40-49,52.25,16.2,27,32.7,1,,0,
E10036,2025Q1,S1,M02,Home Health Aide,1,Part-time,2022-03-18,2.8,30-39,21.25,7.0,9,0.0,1,5,0,
E10037,2025Q1,S1,M03,Supervisor,4,Full-time,2020-02-18,4.9,40-49,44.25,16.5,0,23.3,1,4,0,
E10038,2025Q1,S1,M03,Admin,1,Full-time,2022-09-11,2.3,40-49,27.0,10.9,0,13.5,0,,0,
E10039,2025Q1,S1,M04,Case Manager,2,Full-time,2023-04-11,1.7,30-39,30.25,27.2,34,18.8,0,4,0,
E10040,2025Q1,S1,M01,Case Manager,2,Full-time,2018-09-10,6.3,Under 30,36.75,4.4,43,48.9,0,3,0,
E10041,2025Q1,S1,M03,Admin,3,Part-time,2016-04-30,8.7,40-49,30.25,10.1,0,8.7,0,4,0,
E10042,2025Q1,S1,M04,Supervisor,3,Full-time,2019-04-23,5.7,30-39,43.0,2.6,0,7.0,1,5,0,
E10043,2025Q1,S1,M01,Home Health Aide,1,Full-time,2015-03-06,9.8,30-39,24.75,15.2,17,17.9,1,4,0,
E10044,2025Q1,S1,M05,Case Manager,2,Full-time,2020-07-17,4.5,30-39,32.25,5.0,31,29.0,1,5,0,
E10045,2025Q1,S1,M01,Home Health Aide,1,Full-time,2019-08-02,5.4,40-49,27.0,1.9,21,25.2,1,4,0,
E10046,2025Q1,S1,M05,Nurse,3,Part-time,2023-08-30,1.3,30-39,49.25,3.4,11,0.0,1,4,0,
E10049,2025Q1,S1,M02,Driver,2,Full-time,2011-10-20,13.2,Under 30,28.75,5.0,0,18.3,1,,0,
E10051,2025Q1,S1,M03,Nurse,2,Full-time,2023-03-14,1.8,40-49,52.0,3.7,30,39.5,1,2,0,
E10052,2025Q1,S1,M01,Nurse,3,Full-time,2020-09-02,4.3,40-49,56.75,5.6,23,7.9,1,,0,
E10053,2025Q1,S1,M05,Case Manager,2,Full-time,2021-09-11,3.3,40-49,31.75,5.9,29,7.8,1,4,0,
E10054,2025Q1,S1,M03,Driver,1,Part-time,2012-03-07,12.8,30-39,26.25,5.3,0,0.0,1,4,0,
E10055,2025Q1,S1,M05,Intake Coordinator,1,Part-time,2022-12-08,2.1,30-39,27.25,3.2,0,0.0,1,4,1,Relocation
E10056,2025Q1,S1,M02,Intake Coordinator,3,Full-time,2018-08-14,6.4,50+,26.0,6.1,0,30.5,1,5,0,
E10057,2025Q1,S1,M02,Home Health Aide,1,Full-time,2023-07-08,1.5,30-39,21.5,11.2,20,18.3,1,5,0,
E10058,2025Q1,S1,M04,Nurse,2,Full-time,2022-08-25,2.4,Under 30,57.75,14.1,23,39.3,0,3,0,
E10059,2025Q1,S1,M03,Case Manager,2,Full-time,2021-09-14,3.3,40-49,33.25,6.6,44,53.1,1,1,1,Workload or schedule
E10060,2025Q1,S1,M02,Supervisor,4,Full-time,2021-06-17,3.5,40-49,37.75,5.9,0,25.5,1,,0,
E10061,2025Q1,S1,M01,Home Health Aide,1,Full-time,2019-02-15,5.9,30-39,26.0,6.3,11,19.1,0,4,0,
E10062,2025Q1,S1,M03,Home Health Aide,1,Full-time,2023-06-07,1.6,30-39,19.0,37.1,14,5.5,1,2,0,
E10063,2025Q1,S1,M03,Home Health Aide,2,Part-time,2016-09-08,8.3,50+,24.25,27.9,13,7.7,0,3,0,
E10064,2025Q1,S1,M02,Admin,3,Full-time,2019-07-19,5.5,50+,29.0,3.1,0,18.0,1,5,0,
E10065,2025Q1,S1,M03,Admin,1,Part-time,2011-06-26,13.5,40-49,37.5,2.5,0,7.1,1,5,0,
E10066,2025Q1,S1,M04,Case Manager,3,Full-time,2018-01-31,6.9,Under 30,33.75,6.4,32,15.0,1,,0,
E10068,2025Q1,S1,M04,Driver,2,Full-time,2020-05-14,4.6,40-49,24.25,2.5,0,9.3,1,5,0,
E10070,2025Q1,S1,M05,Admin,1,Full-time,2021-12-28,3.0,40-49,26.5,6.3,0,19.2,0,5,0,
E10458,2025Q1,S1,M04,Nurse,2,Full-time,2024-07-01,0.5,50+,53.25,4.5,17,28.6,0,3,0,
E10464,2025Q1,S1,M05,Nurse,2,Full-time,2024-07-01,0.5,40-49,57.25,15.1,17,21.9,1,3,0,
E10467,2025Q1,S1,M02,Admin,2,Full-time,2024-08-09,0.4,Under 30,27.25,16.2,0,0.0,0,5,0,
E10469,2025Q1,S1,M05,Admin,1,Full-time,2024-08-13,0.4,30-39,27.5,9.4,0,14.2,1,4,0,
E10513,2025Q1,S1,M02,Home Health Aide,1,Full-time,2024-10-01,0.3,30-39,22.0,4.9,28,16.9,1,4,0,
E10518,2025Q1,S1,M04,Home Health Aide,1,Full-time,2024-10-01,0.3,50+,23.75,9.7,20,33.2,0,3,0,
E10519,2025Q1,S1,M05,Nurse,2,Full-time,2024-10-26,0.2,40-49,50.25,8.7,27,33.5,0,4,0,
E10520,2025Q1,S1,M01,Driver,1,Full-time,2024-11-03,0.2,Under 30,21.0,10.3,0,13.1,0,4,0,
E10567,2025Q1,S1,M03,Intake Coordinator,1,Full-time,2025-01-01,0.0,40-49,22.25,4.2,0,24.7,1,3,0,
E10568,2025Q1,S1,M05,Nurse,2,Full-time,2025-01-01,0.0,40-49,56.5,7.9,29,46.9,0,2,0,
E10573,2025Q1,S1,M02,Home Health Aide,1,Part-time,2025-01-12,0.0,40-49,21.75,6.7,10,5.2,1,5,0,
E10574,2025Q1,S1,M03,Home Health Aide,1,Full-time,2025-01-22,0.0,30-39,22.0,7.8,21,24.7,1,5,0,
E10575,2025Q1,S1,M03,Home Health Aide,1,Part-time,2025-01-27,0.0,40-49,21.5,5.8,4,0.0,0,4,0,
E10072,2025Q1,S2,M07,Driver,1,Full-time,2020-08-07,4.4,30-39,24.0,9.0,0,44.3,0,4,0,
E10074,2025Q1,S2,M07,Supervisor,3,Full-time,2023-11-27,1.1,50+,39.5,6.0,0,57.3,0,,0,
E10075,2025Q1,S2,M07,Intake Coordinator,1,Full-time,2023-08-24,1.4,30-39,25.0,11.3,0,33.1,1,4,0,
E10076,2025Q1,S2,M08,Driver,2,Part-time,2020-08-24,4.4,40-49,25.25,5.6,0,14.7,0,5,0,
E10077,2025Q1,S2,M09,Home Health Aide,1,Part-time,2020-01-16,5.0,40-49,23.5,3.9,12,3.6,0,3,0,
E10078,2025Q1,S2,M09,Supervisor,4,Full-time,2018-08-27,6.3,Under 30,42.0,12.0,0,39.8,1,3,0,
E10080,2025Q1,S2,M09,Home Health Aide,1,Full-time,2022-05-25,2.6,Under 30,22.75,3.6,20,25.4,0,3,0,
E10083,2025Q1,S2,M07,Supervisor,4,Full-time,2023-07-13,1.5,40-49,39.0,7.7,0,8.7,1,4,0,
E10084,2025Q1,S2,M08,Nurse,2,Full-time,2023-03-14,1.8,30-39,51.0,4.1,28,51.3,0,,0,
E10086,2025Q1,S2,M10,Admin,3,Part-time,2015-04-14,9.7,30-39,31.0,21.0,0,25.4,0,3,0,
E10088,2025Q1,S2,M09,Home Health Aide,2,Full-time,2021-03-10,3.8,50+,20.75,4.4,28,62.2,0,4,0,
E10089,2025Q1,S2,M10,Nurse,4,Full-time,2018-03-13,6.8,30-39,57.0,3.6,36,71.3,0,1,1,
E10090,2025Q1,S2,M10,Supervisor,4,Full-time,2022-06-26,2.5,50+,40.75,8.4,0,53.2,1,3,0,
E10092,2025Q1,S2,M06,Home Health Aide,1,Full-time,2021-05-18,3.6,30-39,24.0,5.1,22,25.9,0,3,0,
E10095,2025Q1,S2,M10,Home Health Aide,1,Full-time,2022-07-14,2.5,30-39,22.25,5.5,20,59.6,0,3,0,
E10096,2025Q1,S2,M08,Driver,2,Full-time,2020-06-24,4.5,30-39,22.75,4.8,0,26.6,0,3,0,
E10098,2025Q1,S2,M09,Nurse,3,Full-time,2020-09-08,4.3,Under 30,58.0,10.0,28,71.1,0,2,0,
E10099,2025Q1,S2,M08,Nurse,3,Full-time,2019-06-09,5.6,30-39,59.0,11.0,19,33.9,1,,0,
E10100,2025Q1,S2,M09,Home Health Aide,1,Full-time,2022-10-11,2.2,40-49,21.25,3.6,20,33.7,0,3,0,
E10101,2025Q1,S2,M10,Nurse,3,Full-time,2021-10-02,3.2,Under 30,55.5,4.7,32,71.3,1,4,0,
E10103,2025Q1,S2,M07,Case Manager,2,Full-time,2021-10-17,3.2,30-39,33.5,11.6,33,47.6,0,2,0,
E10104,2025Q1,S2,M10,Case Manager,3,Full-time,2015-10-27,9.2,40-49,36.5,3.7,32,32.0,0,,0,
E10107,2025Q1,S2,M10,Case Manager,3,Full-time,2016-08-11,8.4,40-49,37.75,2.4,32,63.2,0,3,0,
E10108,2025Q1,S2,M07,Home Health Aide,1,Full-time,2023-05-30,1.6,30-39,23.25,6.2,22,30.6,1,3,0,
E10110,2025Q1,S2,M10,Admin,1,Part-time,2016-08-26,8.4,Under 30,30.5,19.6,0,30.7,0,3,0,
E10114,2025Q1,S2,M10,Driver,2,Full-time,2023-09-10,1.3,Under 30,20.5,15.4,0,32.0,0,5,0,
E10117,2025Q1,S2,M06,Nurse,2,Full-time,2021-09-12,3.3,30-39,54.0,4.8,22,37.9,0,,0,
E10118,2025Q1,S2,M07,Home Health Aide,2,Full-time,2015-12-15,9.0,30-39,24.0,2.8,27,58.4,0,,0,
E10119,2025Q1,S2,M10,Nurse,3,Full-time,2022-07-26,2.4,50+,48.0,11.2,21,45.0,0,,0,
E10121,2025Q1,S2,M09,Case Manager,2,Full-time,2019-06-11,5.6,50+,33.5,2.4,41,81.1,0,3,0,
E10123,2025Q1,S2,M08,Case Manager,2,Full-time,2021-07-19,3.5,Under 30,32.75,6.0,41,54.5,0,,1,
E10124,2025Q1,S2,M07,Supervisor,3,Full-time,2018-07-09,6.5,40-49,46.0,7.3,0,50.8,1,3,0,
E10126,2025Q1,S2,M08,Home Health Aide,1,Full-time,2020-06-08,4.6,30-39,22.25,3.1,22,47.5,0,1,1,Workload or schedule
E10127,2025Q1,S2,M09,Driver,2,Full-time,2019-07-09,5.5,50+,24.25,9.9,0,50.6,0,4,0,
E10130,2025Q1,S2,M10,Home Health Aide,2,Part-time,2019-02-18,5.9,30-39,23.75,11.5,12,0.0,1,4,0,
E10133,2025Q1,S2,M08,Home Health Aide,1,Part-time,2019-04-22,5.7,30-39,24.5,2.8,13,15.4,0,4,0,
E10135,2025Q1,S2,M06,Home Health Aide,2,Part-time,2020-11-05,4.2,50+,21.25,17.2,13,8.6,0,1,0,
E10430,2025Q1,S2,M10,Home Health Aide,1,Full-time,2024-06-08,0.6,50+,22.75,12.2,23,66.6,0,,1,
E10433,2025Q1,S2,M07,Driver,1,Full-time,2024-05-07,0.7,30-39,22.0,11.1,0,61.4,1,2,1,
E10452,2025Q1,S2,M10,Home Health Aide,1,Part-time,2024-07-01,0.5,30-39,20.75,11.5,13,16.8,1,3,1,
E10461,2025Q1,S2,M09,Nurse,2,Full-time,2024-07-01,0.5,30-39,55.0,5.5,29,63.5,1,,0,
E10465,2025Q1,S2,M10,Admin,2,Full-time,2024-07-01,0.5,40-49,27.0,14.6,0,49.9,0,2,0,
E10470,2025Q1,S2,M09,Case Manager,2,Full-time,2024-08-19,0.4,Under 30,28.75,8.3,43,79.1,1,1,0,
E10471,2025Q1,S2,M07,Nurse,2,Part-time,2024-08-10,0.4,40-49,51.0,21.4,14,1.2,1,2,0,
E10472,2025Q1,S2,M07,Intake Coordinator,1,Part-time,2024-09-14,0.3,50+,24.0,7.9,0,8.4,1,,0,
E10473,2025Q1,S2,M09,Nurse,3,Full-time,2024-08-27,0.3,50+,48.0,6.7,25,41.1,0,4,0,
E10474,2025Q1,S2,M07,Driver,1,Part-time,2024-09-02,0.3,40-49,23.0,8.9,0,2.4,1,5,0,
E10521,2025Q1,S2,M10,Driver,1,Full-time,2024-11-30,0.1,30-39,22.25,4.7,0,36.7,0,1,1,
E10522,2025Q1,S2,M06,Home Health Aide,1,Part-time,2024-12-08,0.1,50+,21.0,11.5,12,27.1,0,3,0,
E10523,2025Q1,S2,M09,Driver,1,Full-time,2024-10-02,0.2,Under 30,21.25,8.6,0,42.1,0,,1,
E10524,2025Q1,S2,M10,Nurse,3,Full-time,2024-10-25,0.2,40-49,53.5,12.1,21,49.5,1,,0,
E10525,2025Q1,S2,M09,Intake Coordinator,2,Full-time,2024-10-11,0.2,Under 30,24.75,9.0,0,47.9,0,2,1,
E10526,2025Q1,S2,M07,Driver,1,Part-time,2024-10-06,0.2,40-49,22.0,5.2,0,27.9,1,4,0,
E10527,2025Q1,S2,M10,Supervisor,3,Full-time,2024-10-28,0.2,40-49,44.0,7.0,0,47.6,0,,0,
E10576,2025Q1,S2,M07,Home Health Aide,1,Full-time,2025-01-08,0.0,40-49,19.25,6.1,22,62.4,1,,0,
E10577,2025Q1,S2,M07,Home Health Aide,1,Full-time,2025-02-25,0.0,50+,20.25,3.5,25,52.0,1,,0,
E10578,2025Q1,S2,M07,Home Health Aide,1,Part-time,2025-02-23,0.0,30-39,21.5,4.4,18,46.4,0,2,0,
E10579,2025Q1,S2,M06,Home Health Aide,1,Full-time,2025-02-12,0.0,30-39,21.5,10.6,17,50.3,0,,1,
E10580,2025Q1,S2,M06,Home Health Aide,1,Part-time,2025-01-18,0.0,30-39,23.5,7.4,13,12.2,0,,0,
E10581,2025Q1,S2,M06,Home Health Aide,1,Part-time,2025-02-05,0.0,50+,22.25,10.6,17,26.4,0,,0,
E10137,2025Q1,S3,M12,Home Health Aide,2,Full-time,2019-02-21,5.9,50+,20.25,7.4,28,23.1,1,2,0,
E10138,2025Q1,S3,M14,Case Manager,3,Full-time,2022-06-23,2.5,Under 30,28.5,23.1,29,56.3,0,,0,
E10140,2025Q1,S3,M14,Nurse,3,Full-time,2022-07-07,2.5,40-49,48.75,22.6,21,55.6,0,3,0,
E10144,2025Q1,S3,M11,Home Health Aide,1,Part-time,2014-11-30,10.1,Under 30,20.25,6.1,7,0.0,0,5,0,
E10146,2025Q1,S3,M14,Home Health Aide,2,Full-time,2018-07-13,6.5,40-49,22.0,25.1,15,59.0,0,3,0,
E10148,2025Q1,S3,M11,Driver,1,Full-time,2020-06-23,4.5,Under 30,23.0,24.2,0,22.6,0,,0,
E10149,2025Q1,S3,M14,Admin,1,Full-time,2023-06-07,1.6,40-49,26.0,14.6,0,66.9,1,,0,
E10152,2025Q1,S3,M11,Intake Coordinator,1,Full-time,2023-06-03,1.6,30-39,22.0,4.9,0,59.7,1,2,0,
E10156,2025Q1,S3,M12,Home Health Aide,1,Part-time,2018-07-14,6.5,40-49,22.5,30.9,12,0.0,0,3,0,
E10157,2025Q1,S3,M13,Home Health Aide,2,Part-time,2018-07-18,6.5,30-39,22.25,5.4,4,0.0,1,4,0,
E10158,2025Q1,S3,M13,Case Manager,3,Full-time,2020-10-15,4.2,50+,28.0,5.2,27,42.3,1,,0,
E10159,2025Q1,S3,M11,Home Health Aide,1,Full-time,2010-05-30,14.6,Under 30,25.5,2.7,23,64.8,0,3,0,
E10160,2025Q1,S3,M12,Driver,1,Part-time,2020-10-23,4.2,40-49,19.5,8.3,0,19.5,1,3,0,
E10161,2025Q1,S3,M11,Supervisor,4,Full-time,2022-08-28,2.3,50+,36.75,4.6,0,37.7,0,,0,
E10162,2025Q1,S3,M13,Home Health Aide,1,Full-time,2021-08-04,3.4,Under 30,18.0,8.1,23,44.5,0,2,0,
E10164,2025Q1,S3,M13,Case Manager,3,Full-time,2022-03-20,2.8,30-39,29.75,5.8,30,38.3,1,,0,
E10165,2025Q1,S3,M11,Driver,1,Full-time,2021-11-03,3.2,30-39,22.5,15.8,0,21.4,0,3,0,
E10167,2025Q1,S3,M11,Driver,1,Full-time,2023-06-03,1.6,30-39,23.0,6.1,0,56.4,0,2,1,
E10169,2025Q1,S3,M12,Home Health Aide,2,Part-time,2019-10-18,5.2,Under 30,21.0,8.2,16,12.8,0,3,0,
E10172,2025Q1,S3,M14,Intake Coordinator,1,Full-time,2021-05-27,3.6,50+,24.25,6.8,0,34.3,1,3,0,
E10176,2025Q1,S3,M11,Nurse,3,Full-time,2021-12-30,3.0,50+,53.75,3.1,24,54.7,1,2,0,
E10182,2025Q1,S3,M13,Supervisor,3,Full-time,2023-04-26,1.7,Under 30,41.0,10.5,0,34.2,0,2,0,
E10184,2025Q1,S3,M14,Admin,1,Part-time,2023-11-02,1.2,30-39,23.5,26.5,0,14.6,0,4,0,
E10185,2025Q1,S3,M12,Supervisor,4,Full-time,2020-06-18,4.5,50+,36.25,8.3,0,36.7,0,2,0,
E10186,2025Q1,S3,M14,Nurse,4,Part-time,2020-03-25,4.8,Under 30,49.0,13.7,14,22.4,0,,0,
E10187,2025Q1,S3,M12,Case Manager,2,Full-time,2016-10-10,8.2,Under 30,29.5,9.5,41,44.2,0,,0,
E10189,2025Q1,S3,M13,Home Health Aide,1,Part-time,2022-01-18,3.0,50+,20.0,6.6,6,35.2,1,,0,
E10437,2025Q1,S3,M13,Home Health Aide,1,Full-time,2024-04-05,0.7,Under 30,18.5,5.5,19,43.7,0,,0,
E10438,2025Q1,S3,M14,Home Health Aide,1,Full-time,2024-04-06,0.7,40-49,18.0,21.6,14,33.3,0,1,0,
E10453,2025Q1,S3,M11,Home Health Aide,1,Full-time,2024-07-01,0.5,40-49,19.5,44.3,16,57.0,1,2,1,Workload or schedule
E10466,2025Q1,S3,M11,Home Health Aide,1,Part-time,2024-07-01,0.5,50+,20.25,19.0,7,7.0,0,,0,
E10477,2025Q1,S3,M11,Home Health Aide,1,Part-time,2024-08-10,0.4,40-49,21.75,19.3,11,14.7,0,,1,Pay
E10480,2025Q1,S3,M11,Home Health Aide,1,Full-time,2024-09-06,0.3,40-49,20.0,1.0,11,23.1,0,,0,
E10514,2025Q1,S3,M11,Nurse,2,Full-time,2024-10-01,0.3,30-39,50.0,7.0,20,25.4,1,2,0,
E10516,2025Q1,S3,M13,Home Health Aide,1,Part-time,2024-10-01,0.3,40-49,20.5,9.9,13,0.0,0,,0,
E10528,2025Q1,S3,M13,Home Health Aide,1,Full-time,2024-10-24,0.2,40-49,17.5,10.6,16,61.8,0,3,0,
E10529,2025Q1,S3,M11,Nurse,3,Full-time,2024-11-23,0.1,40-49,48.25,18.0,17,15.5,0,4,0,
E10530,2025Q1,S3,M14,Nurse,2,Full-time,2024-10-17,0.2,40-49,48.5,8.3,17,19.5,0,,0,
E10532,2025Q1,S3,M13,Home Health Aide,1,Full-time,2024-11-11,0.1,50+,19.5,3.7,15,48.8,1,,1,
E10533,2025Q1,S3,M13,Home Health Aide,1,Full-time,2024-11-30,0.1,30-39,21.0,4.1,17,39.8,0,1,0,
E10534,2025Q1,S3,M11,Case Manager,2,Full-time,2024-11-04,0.2,40-49,27.75,7.2,35,47.2,1,3,0,
E10536,2025Q1,S3,M12,Home Health Aide,1,Full-time,2024-10-01,0.3,30-39,19.25,7.2,22,47.8,0,,0,
E10537,2025Q1,S3,M13,Driver,1,Part-time,2024-11-02,0.2,30-39,20.0,20.5,0,33.4,1,2,0,
E10565,2025Q1,S3,M14,Case Manager,2,Full-time,2025-01-01,0.0,Under 30,28.75,37.7,46,73.8,1,1,0,
E10570,2025Q1,S3,M13,Home Health Aide,1,Full-time,2025-01-01,0.0,40-49,19.5,8.7,12,35.3,0,,0,
E10572,2025Q1,S3,M13,Intake Coordinator,1,Full-time,2025-01-01,0.0,40-49,22.0,3.5,0,54.8,1,,0,
E10582,2025Q1,S3,M12,Case Manager,2,Full-time,2025-03-09,0.0,40-49,26.5,16.8,31,48.9,0,3,0,
E10583,2025Q1,S3,M12,Home Health Aide,1,Part-time,2025-01-04,0.0,30-39,18.5,11.2,9,25.5,1,,0,
E10584,2025Q1,S3,M14,Case Manager,2,Full-time,2025-02-24,0.0,40-49,28.5,9.4,48,88.2,0,,1,
E10585,2025Q1,S3,M13,Home Health Aide,1,Full-time,2025-01-05,0.0,Under 30,20.75,19.7,16,45.7,0,,0,
E10586,2025Q1,S3,M14,Driver,1,Full-time,2025-03-04,0.0,30-39,23.75,9.0,0,49.8,0,1,0,
E10587,2025Q1,S3,M13,Driver,1,Full-time,2025-02-18,0.0,40-49,20.75,7.7,0,39.0,0,1,0,
E10588,2025Q1,S3,M12,Case Manager,2,Full-time,2025-02-22,0.0,40-49,28.75,3.2,32,48.3,0,3,0,
E10192,2025Q1,S4,M18,Admin,2,Full-time,2020-07-28,4.4,30-39,24.75,7.6,0,37.8,0,,0,
E10193,2025Q1,S4,M17,Case Manager,2,Full-time,2018-04-28,6.7,50+,29.75,26.9,21,15.2,1,3,0,
E10195,2025Q1,S4,M18,Driver,1,Full-time,2023-02-01,1.9,Under 30,21.5,41.3,0,34.0,0,,0,
E10196,2025Q1,S4,M15,Driver,1,Full-time,2017-04-03,7.7,40-49,26.75,20.1,0,15.2,1,3,0,
E10199,2025Q1,S4,M16,Nurse,2,Full-time,2018-06-11,6.6,30-39,48.75,11.0,20,21.3,0,3,0,
E10200,2025Q1,S4,M15,Home Health Aide,1,Part-time,2022-04-20,2.7,Under 30,19.25,31.8,13,13.4,1,,0,
E10201,2025Q1,S4,M16,Admin,2,Full-time,2021-06-23,3.5,Under 30,28.0,3.3,0,17.5,0,3,0,
E10203,2025Q1,S4,M15,Nurse,3,Part-time,2022-09-29,2.3,Under 30,48.0,27.3,13,14.2,1,3,0,
E10205,2025Q1,S4,M16,Home Health Aide,2,Part-time,2000-11-26,24.1,40-49,26.0,53.6,8,0.0,0,4,0,
E10206,2025Q1,S4,M15,Case Manager,3,Full-time,2022-07-13,2.5,40-49,28.25,23.3,34,21.0,1,4,0,
E10207,2025Q1,S4,M15,Home Health Aide,1,Full-time,2023-03-08,1.8,50+,22.25,21.5,18,21.9,1,4,0,
E10209,2025Q1,S4,M15,Intake Coordinator,1,Full-time,2020-04-08,4.7,40-49,25.75,1.4,0,25.4,0,5,0,
E10210,2025Q1,S4,M17,Driver,2,Full-time,2023-02-18,1.9,50+,21.75,14.8,0,21.2,1,3,0,
E10211,2025Q1,S4,M18,Nurse,3,Full-time,2019-02-24,5.9,Under 30,49.75,9.0,22,17.4,0,,0,
E10212,2025Q1,S4,M16,Case Manager,2,Full-time,2023-10-13,1.2,50+,28.5,27.8,33,4.8,1,4,0,
E10213,2025Q1,S4,M18,Home Health Aide,1,Full-time,2022-05-13,2.6,30-39,21.25,15.2,15,25.2,1,3,0,
E10214,2025Q1,S4,M17,Admin,3,Full-time,2019-05-05,5.7,30-39,26.5,8.6,0,14.4,1,4,0,
E10216,2025Q1,S4,M18,Home Health Aide,1,Full-time,2016-02-19,8.9,50+,24.5,9.4,19,30.8,0,1,0,
E10217,2025Q1,S4,M18,Nurse,2,Full-time,2017-08-08,7.4,40-49,64.25,67.5,19,20.2,0,,0,
E10218,2025Q1,S4,M17,Home Health Aide,2,Part-time,2012-04-03,12.7,40-49,23.75,13.6,13,22.9,1,3,0,
E10219,2025Q1,S4,M17,Intake Coordinator,3,Full-time,2020-11-29,4.1,30-39,25.25,1.7,0,15.0,1,4,0,
E10220,2025Q1,S4,M15,Supervisor,4,Full-time,2017-09-02,7.3,Under 30,45.0,4.2,0,3.1,0,3,0,
E10222,2025Q1,S4,M18,Case Manager,2,Full-time,2019-02-01,5.9,40-49,31.75,8.1,39,25.5,1,,0,
E10226,2025Q1,S4,M16,Case Manager,3,Full-time,2022-11-09,2.1,50+,31.75,10.7,30,10.9,0,4,0,
E10227,2025Q1,S4,M18,Case Manager,2,Full-time,2022-02-01,2.9,30-39,28.25,12.1,29,22.6,1,4,0,
E10228,2025Q1,S4,M17,Home Health Aide,1,Full-time,2020-08-12,4.4,Under 30,20.5,9.0,19,26.5,0,2,0,
E10230,2025Q1,S4,M18,Admin,3,Part-time,2017-12-05,7.1,50+,28.25,8.7,0,11.7,0,,0,
E10231,2025Q1,S4,M15,Home Health Aide,1,Full-time,2020-11-01,4.2,30-39,18.75,12.8,12,7.6,1,,0,
E10232,2025Q1,S4,M16,Driver,2,Full-time,2022-04-14,2.7,40-49,19.25,19.8,0,34.7,0,2,0,
E10233,2025Q1,S4,M17,Case Manager,3,Full-time,2013-01-14,12.0,30-39,32.25,7.6,37,33.6,1,,0,
E10234,2025Q1,S4,M15,Home Health Aide,1,Full-time,2015-02-04,9.9,30-39,22.75,32.8,19,24.2,1,4,0,
E10237,2025Q1,S4,M15,Admin,3,Full-time,2021-08-15,3.4,30-39,28.25,10.1,0,19.8,1,4,0,
E10240,2025Q1,S4,M17,Nurse,2,Full-time,2021-07-21,3.4,50+,49.5,19.0,18,11.4,0,3,0,
E10425,2025Q1,S4,M17,Intake Coordinator,1,Full-time,2024-04-01,0.8,30-39,20.5,4.4,0,22.9,1,,0,
E10440,2025Q1,S4,M16,Case Manager,2,Full-time,2024-04-13,0.7,Under 30,27.75,11.0,48,46.1,0,,0,
E10456,2025Q1,S4,M17,Intake Coordinator,1,Full-time,2024-07-01,0.5,Under 30,25.0,7.3,0,20.0,1,4,0,
E10460,2025Q1,S4,M17,Nurse,3,Full-time,2024-07-01,0.5,30-39,49.75,30.2,18,15.3,1,4,0,
E10482,2025Q1,S4,M17,Home Health Aide,1,Part-time,2024-09-10,0.3,40-49,20.5,21.7,11,0.0,0,,0,
E10483,2025Q1,S4,M16,Case Manager,2,Full-time,2024-07-13,0.5,Under 30,28.75,47.7,32,23.7,0,3,0,
E10484,2025Q1,S4,M18,Case Manager,2,Full-time,2024-07-02,0.5,40-49,30.5,13.1,29,27.7,0,,0,
E10517,2025Q1,S4,M18,Admin,1,Full-time,2024-10-01,0.3,Under 30,24.0,17.6,0,14.9,1,,0,
E10538,2025Q1,S4,M16,Home Health Aide,1,Part-time,2024-10-23,0.2,50+,17.25,11.0,13,0.0,0,2,0,
E10562,2025Q1,S4,M18,Nurse,2,Full-time,2025-01-01,0.0,30-39,44.5,5.4,23,30.5,1,3,0,
E10563,2025Q1,S4,M17,Nurse,2,Full-time,2025-01-01,0.0,30-39,49.0,13.3,25,15.0,1,3,0,
E10589,2025Q1,S4,M18,Case Manager,2,Full-time,2025-01-26,0.0,50+,29.25,4.7,25,11.7,1,,0,
E10590,2025Q1,S4,M17,Driver,1,Full-time,2025-01-29,0.0,30-39,21.75,7.0,0,23.7,1,3,0,
E10591,2025Q1,S4,M16,Intake Coordinator,1,Full-time,2025-03-09,0.0,Under 30,19.5,7.5,0,25.1,0,3,0,
E10592,2025Q1,S4,M16,Admin,1,Part-time,2025-03-11,0.0,50+,24.25,7.0,0,6.6,1,4,0,
E10593,2025Q1,S4,M17,Intake Coordinator,1,Full-time,2025-01-19,0.0,50+,22.5,7.0,0,38.1,0,3,0,
E10242,2025Q1,S5,M20,Nurse,4,Full-time,2017-02-05,7.9,30-39,55.75,31.5,27,43.7,1,1,0,
E10243,2025Q1,S5,M20,Nurse,3,Full-time,2019-06-02,5.6,30-39,56.5,13.7,26,68.7,0,1,0,
E10244,2025Q1,S5,M22,Nurse,2,Full-time,2022-01-09,3.0,40-49,50.25,9.7,24,59.1,0,,0,
E10245,2025Q1,S5,M21,Home Health Aide,1,Part-time,2023-09-09,1.3,40-49,20.0,33.0,14,17.9,0,2,0,
E10246,2025Q1,S5,M22,Driver,2,Full-time,2019-10-07,5.2,30-39,21.5,16.7,0,40.9,1,,1,Career change
E10248,2025Q1,S5,M19,Nurse,2,Full-time,2016-08-29,8.3,Under 30,54.75,35.4,23,35.0,1,,0,
E10249,2025Q1,S5,M21,Nurse,2,Part-time,2019-06-09,5.6,40-49,53.0,21.6,16,11.1,0,2,1,
E10253,2025Q1,S5,M19,Home Health Aide,2,Full-time,2023-09-24,1.3,40-49,20.5,10.0,20,80.9,0,,0,
E10260,2025Q1,S5,M22,Admin,2,Part-time,2023-09-26,1.3,30-39,23.25,15.7,0,11.3,1,,0,
E10263,2025Q1,S5,M21,Home Health Aide,2,Part-time,2019-04-12,5.7,40-49,21.75,7.9,8,10.3,0,4,0,
E10265,2025Q1,S5,M22,Case Manager,3,Full-time,2016-10-01,8.3,30-39,34.0,12.8,39,70.3,0,,0,
E10267,2025Q1,S5,M20,Case Manager,3,Full-time,2014-12-23,10.0,40-49,34.5,6.8,35,30.1,0,2,0,
E10268,2025Q1,S5,M19,Case Manager,2,Full-time,2022-02-22,2.9,40-49,30.5,6.8,26,40.7,0,,0,
E10271,2025Q1,S5,M19,Home Health Aide,1,Full-time,2021-03-26,3.8,Under 30,19.0,16.6,16,36.3,0,,0,
E10278,2025Q1,S5,M19,Case Manager,2,Full-time,2022-08-26,2.4,Under 30,31.5,2.9,35,47.5,0,2,0,
E10279,2025Q1,S5,M20,Home Health Aide,2,Part-time,2018-02-04,6.9,40-49,23.25,11.7,14,32.9,0,,1,
E10280,2025Q1,S5,M20,Driver,1,Part-time,2021-09-12,3.3,30-39,21.75,20.2,0,26.5,1,,1,
E10281,2025Q1,S5,M22,Driver,1,Part-time,2018-10-19,6.2,40-49,23.25,3.8,0,25.7,0,2,0,
E10282,2025Q1,S5,M20,Admin,1,Full-time,2019-12-27,5.0,30-39,31.25,18.8,0,34.9,1,2,0,
E10286,2025Q1,S5,M22,Home Health Aide,1,Part-time,2023-07-24,1.4,30-39,20.5,19.5,11,30.5,1,2,0,
E10441,2025Q1,S5,M20,Driver,1,Full-time,2024-04-22,0.7,30-39,19.0,9.8,0,47.2,0,,0,
E10442,2025Q1,S5,M20,Case Manager,2,Full-time,2024-05-27,0.6,40-49,27.75,27.7,35,71.9,0,2,1,Pay
E10446,2025Q1,S5,M20,Home Health Aide,1,Part-time,2024-05-24,0.6,30-39,19.75,3.3,7,0.0,0,,0,
E10486,2025Q1,S5,M19,Nurse,2,Full-time,2024-09-02,0.3,40-49,46.75,3.5,28,68.1,0,,0,
E10487,2025Q1,S5,M21,Nurse,3,Full-time,2024-08-13,0.4,50+,48.25,13.4,18,37.3,0,,0,
E10488,2025Q1,S5,M22,Nurse,2,Full-time,2024-08-10,0.4,30-39,46.0,8.6,25,48.5,0,,0,
E10489,2025Q1,S5,M22,Home Health Aide,1,Part-time,2024-08-08,0.4,40-49,20.25,30.1,7,26.9,1,,0,
E10490,2025Q1,S5,M22,Admin,1,Full-time,2024-09-09,0.3,30-39,25.5,9.5,0,59.3,0,,0,
E10491,2025Q1,S5,M22,Case Manager,2,Full-time,2024-07-16,0.5,30-39,27.25,23.0,30,40.6,0,,0,
E10492,2025Q1,S5,M20,Case Manager,2,Full-time,2024-08-25,0.4,40-49,29.25,31.3,25,22.7,0,3,0,
E10493,2025Q1,S5,M19,Home Health Aide,1,Full-time,2024-09-18,0.3,Under 30,22.5,15.9,26,54.4,1,3,0,
E10539,2025Q1,S5,M22,Intake Coordinator,1,Full-time,2024-11-20,0.1,30-39,22.75,20.2,0,72.2,0,,0,
E10540,2025Q1,S5,M21,Home Health Aide,1,Full-time,2024-10-29,0.2,50+,19.5,11.9,18,29.4,0,3,0,
E10541,2025Q1,S5,M19,Home Health Aide,1,Full-time,2024-10-03,0.2,50+,19.0,11.3,22,45.5,0,2,0,
E10543,2025Q1,S5,M19,Case Manager,2,Full-time,2024-11-30,0.1,30-39,27.0,12.9,38,68.1,0,,0,
E10544,2025Q1,S5,M19,Supervisor,3,Full-time,2024-10-15,0.2,40-49,38.0,16.6,0,60.5,0,,0,
E10545,2025Q1,S5,M19,Case Manager,2,Full-time,2024-12-01,0.1,30-39,25.75,24.6,46,82.1,1,,0,
E10546,2025Q1,S5,M19,Home Health Aide,1,Full-time,2024-10-15,0.2,40-49,21.5,8.0,21,70.8,1,,0,
E10571,2025Q1,S5,M21,Home Health Aide,1,Part-time,2025-01-01,0.0,50+,18.25,6.0,8,11.1,0,2,0,
E10594,2025Q1,S5,M20,Driver,1,Full-time,2025-02-26,0.0,30-39,21.25,15.2,0,32.4,1,,0,
E10595,2025Q1,S5,M20,Case Manager,2,Full-time,2025-02-06,0.0,50+,27.75,37.7,23,41.9,0,,0,
E10596,2025Q1,S5,M19,Home Health Aide,1,Part-time,2025-03-14,0.0,Under 30,20.5,15.1,8,11.0,1,,0,
E10597,2025Q1,S5,M19,Nurse,2,Full-time,2025-03-10,0.0,30-39,46.5,4.0,20,42.0,0,2,0,
E10598,2025Q1,S5,M21,Nurse,2,Full-time,2025-02-03,0.0,Under 30,41.5,6.2,19,33.8,0,,1,Workload or schedule
E10599,2025Q1,S5,M22,Supervisor,3,Full-time,2025-01-19,0.0,Under 30,35.0,10.3,0,58.7,0,,0,
E10600,2025Q1,S5,M19,Home Health Aide,1,Full-time,2025-03-16,0.0,50+,19.0,19.8,16,70.0,1,2,0,
E10293,2025Q1,S6,M25,Intake Coordinator,3,Full-time,2022-02-13,2.9,50+,22.25,12.0,0,79.5,1,1,0,
E10296,2025Q1,S6,M24,Intake Coordinator,3,Full-time,2022-02-18,2.9,50+,23.5,5.2,0,52.9,1,3,0,
E10298,2025Q1,S6,M24,Admin,1,Full-time,2019-04-21,5.7,40-49,25.75,12.0,0,53.2,0,5,0,
E10299,2025Q1,S6,M23,Driver,2,Part-time,2019-04-03,5.7,Under 30,21.5,17.1,0,24.5,1,2,1,Career change
E10306,2025Q1,S6,M23,Home Health Aide,2,Full-time,2020-05-17,4.6,30-39,19.75,29.8,14,15.6,1,4,0,
E10307,2025Q1,S6,M24,Case Manager,2,Full-time,2022-12-16,2.0,30-39,27.25,6.0,31,13.7,0,2,0,
E10308,2025Q1,S6,M23,Nurse,3,Full-time,2023-03-24,1.8,Under 30,49.5,105.2,24,40.2,0,1,0,
E10309,2025Q1,S6,M23,Home Health Aide,1,Part-time,2023-10-16,1.2,Under 30,19.25,108.2,13,17.7,1,,0,
E10310,2025Q1,S6,M25,Driver,1,Part-time,2023-05-03,1.7,40-49,17.5,17.6,0,13.5,1,4,0,
E10311,2025Q1,S6,M23,Supervisor,4,Full-time,2017-07-06,7.5,30-39,40.0,10.3,0,25.5,0,,0,
E10313,2025Q1,S6,M25,Home Health Aide,1,Part-time,2012-05-08,12.7,Under 30,22.25,13.3,13,9.5,0,3,0,
E10314,2025Q1,S6,M24,Nurse,2,Part-time,2021-11-28,3.1,50+,53.75,13.3,6,0.0,1,5,0,
E10316,2025Q1,S6,M25,Home Health Aide,1,Full-time,2022-05-05,2.7,30-39,20.25,46.7,22,44.1,0,,0,
E10317,2025Q1,S6,M23,Intake Coordinator,1,Full-time,2021-07-01,3.5,50+,19.75,52.4,0,63.9,0,2,0,
E10318,2025Q1,S6,M24,Nurse,2,Full-time,2016-05-14,8.6,50+,47.5,30.8,19,23.2,0,4,0,
E10320,2025Q1,S6,M25,Home Health Aide,1,Full-time,2021-12-10,3.1,50+,20.0,43.3,11,28.2,0,4,0,
E10321,2025Q1,S6,M23,Driver,1,Full-time,2018-10-22,6.2,50+,22.75,34.2,0,34.8,1,2,0,
E10323,2025Q1,S6,M23,Home Health Aide,1,Part-time,2019-06-08,5.6,40-49,19.25,12.4,9,0.0,1,5,0,
E10324,2025Q1,S6,M24,Home Health Aide,1,Full-time,2019-11-16,5.1,Under 30,20.0,5.6,14,21.4,0,5,0,
E10325,2025Q1,S6,M25,Driver,1,Full-time,2023-05-30,1.6,30-39,20.0,23.8,0,32.3,1,1,0,
E10326,2025Q1,S6,M24,Case Manager,2,Full-time,2014-03-22,10.8,50+,28.25,22.8,15,6.8,0,4,0,
E10327,2025Q1,S6,M25,Driver,2,Part-time,2018-05-07,6.7,50+,20.0,14.0,0,25.6,0,3,1,Retirement
E10328,2025Q1,S6,M25,Admin,2,Full-time,2013-05-14,11.6,50+,30.75,40.5,0,37.1,0,2,0,
E10329,2025Q1,S6,M24,Driver,2,Full-time,2013-02-08,11.9,30-39,23.0,21.6,0,41.9,0,2,0,
E10330,2025Q1,S6,M25,Home Health Aide,1,Part-time,2017-05-03,7.7,40-49,22.0,9.1,10,2.4,0,5,0,
E10332,2025Q1,S6,M23,Home Health Aide,1,Full-time,2023-06-05,1.6,50+,19.25,6.0,14,16.0,1,3,0,
E10333,2025Q1,S6,M25,Home Health Aide,2,Part-time,2017-03-13,7.8,Under 30,22.5,10.5,7,2.7,0,3,0,
E10334,2025Q1,S6,M25,Nurse,2,Full-time,2023-08-27,1.3,40-49,46.0,14.4,22,56.7,1,2,0,
E10447,2025Q1,S6,M24,Supervisor,3,Full-time,2024-05-06,0.7,50+,33.25,10.9,0,30.4,0,4,0,
E10448,2025Q1,S6,M23,Case Manager,2,Full-time,2024-06-18,0.5,40-49,25.75,34.5,23,25.4,0,3,0,
E10494,2025Q1,S6,M23,Admin,1,Part-time,2024-07-03,0.5,30-39,24.75,20.1,0,9.4,0,2,0,
E10495,2025Q1,S6,M25,Home Health Aide,1,Part-time,2024-08-15,0.4,Under 30,19.0,12.8,8,15.6,0,2,0,
E10496,2025Q1,S6,M23,Case Manager,2,Full-time,2024-08-08,0.4,30-39,28.5,46.3,18,12.5,0,4,0,
E10497,2025Q1,S6,M24,Nurse,2,Full-time,2024-07-08,0.5,Under 30,45.5,33.9,18,47.3,1,,0,
E10498,2025Q1,S6,M25,Driver,1,Full-time,2024-09-12,0.3,Under 30,20.0,14.8,0,45.0,0,,0,
E10499,2025Q1,S6,M25,Nurse,2,Full-time,2024-07-27,0.4,Under 30,43.5,7.8,21,31.6,1,3,0,
E10511,2025Q1,S6,M25,Case Manager,2,Full-time,2024-10-01,0.3,30-39,27.25,16.7,28,35.7,1,2,0,
E10512,2025Q1,S6,M23,Admin,1,Full-time,2024-10-01,0.3,30-39,25.75,20.1,0,31.5,0,3,0,
E10548,2025Q1,S6,M23,Home Health Aide,1,Part-time,2024-10-14,0.2,30-39,19.0,8.5,7,0.9,0,2,0,
E10569,2025Q1,S6,M24,Home Health Aide,1,Full-time,2025-01-01,0.0,50+,17.25,18.1,28,30.6,0,,0,
E10601,2025Q1,S6,M24,Admin,1,Full-time,2025-03-03,0.0,30-39,22.75,4.6,0,36.1,0,,0,
E10602,2025Q1,S6,M23,Nurse,2,Full-time,2025-02-15,0.0,50+,40.0,19.2,20,40.7,0,2,0,
E10603,2025Q1,S6,M23,Driver,1,Part-time,2025-03-15,0.0,50+,21.0,40.1,0,9.4,1,4,0,
E10604,2025Q1,S6,M25,Driver,1,Part-time,2025-01-06,0.0,Under 30,21.25,10.0,0,0.0,1,3,0,
E10336,2025Q1,S7,M28,Driver,1,Full-time,2018-10-03,6.2,50+,20.5,25.2,0,22.0,0,,0,
E10338,2025Q1,S7,M27,Driver,2,Part-time,2022-04-10,2.7,50+,19.5,10.2,0,13.4,0,2,0,
E10339,2025Q1,S7,M27,Admin,1,Part-time,2021-10-16,3.2,50+,26.0,45.8,0,1.5,1,,0,
E10341,2025Q1,S7,M28,Case Manager,2,Full-time,2018-11-28,6.1,40-49,29.75,20.0,27,37.7,1,3,0,
E10346,2025Q1,S7,M27,Intake Coordinator,1,Full-time,2021-08-07,3.4,Under 30,22.0,18.8,0,19.7,0,,0,
E10348,2025Q1,S7,M28,Case Manager,2,Full-time,2023-03-19,1.8,40-49,26.25,6.6,28,17.0,1,3,0,
E10350,2025Q1,S7,M26,Case Manager,3,Full-time,2022-09-10,2.3,30-39,28.0,21.7,32,23.8,0,3,0,
E10351,2025Q1,S7,M28,Home Health Aide,1,Full-time,2023-09-01,1.3,50+,18.25,13.1,13,14.2,1,4,0,
E10354,2025Q1,S7,M26,Home Health Aide,1,Part-time,2023-08-09,1.4,50+,20.75,30.2,10,11.3,1,,1,
E10355,2025Q1,S7,M28,Nurse,3,Full-time,2007-08-02,17.4,50+,58.75,16.7,19,19.6,1,,0,
E10356,2025Q1,S7,M28,Case Manager,2,Full-time,2023-12-26,1.0,30-39,26.0,8.7,30,28.9,0,3,0,
E10358,2025Q1,S7,M28,Supervisor,4,Full-time,2006-02-18,18.9,30-39,47.0,38.4,0,28.9,1,5,0,
E10359,2025Q1,S7,M26,Supervisor,4,Full-time,2013-02-05,11.9,Under 30,46.0,19.6,0,27.8,0,3,0,
E10360,2025Q1,S7,M28,Case Manager,3,Full-time,2020-05-21,4.6,30-39,27.0,18.6,26,0.0,0,3,0,
E10361,2025Q1,S7,M28,Home Health Aide,1,Full-time,2014-02-27,10.8,40-49,23.25,36.9,18,26.3,1,3,0,
E10363,2025Q1,S7,M26,Nurse,2,Part-time,2022-07-05,2.5,40-49,46.75,18.1,7,0.0,0,4,0,
E10367,2025Q1,S7,M28,Home Health Aide,2,Part-time,2019-08-24,5.4,30-39,20.5,10.0,13,0.0,1,5,0,
E10371,2025Q1,S7,M26,Home Health Aide,1,Part-time,2021-11-26,3.1,30-39,19.75,13.9,8,5.8,0,4,0,
E10372,2025Q1,S7,M27,Nurse,2,Full-time,2023-05-23,1.6,40-49,43.75,43.3,21,35.9,0,,0,
E10373,2025Q1,S7,M28,Nurse,4,Full-time,2022-01-21,2.9,40-49,49.25,26.6,18,19.3,0,4,0,
E10374,2025Q1,S7,M27,Nurse,2,Full-time,2023-11-07,1.2,40-49,45.5,34.1,27,37.3,0,,0,
E10377,2025Q1,S7,M26,Nurse,3,Full-time,2023-02-25,1.9,Under 30,43.5,5.6,25,30.6,0,3,0,
E10424,2025Q1,S7,M26,Home Health Aide,1,Part-time,2024-04-01,0.8,50+,18.0,7.7,7,0.0,0,,0,
E10459,2025Q1,S7,M27,Home Health Aide,1,Full-time,2024-07-01,0.5,30-39,20.0,11.7,18,16.9,0,,0,
E10501,2025Q1,S7,M26,Supervisor,3,Full-time,2024-07-04,0.5,30-39,33.5,12.2,0,24.5,0,3,0,
E10502,2025Q1,S7,M28,Case Manager,2,Full-time,2024-08-15,0.4,40-49,25.75,18.5,34,26.2,0,3,0,
E10503,2025Q1,S7,M26,Case Manager,2,Full-time,2024-07-17,0.5,Under 30,26.75,22.6,20,14.9,0,3,0,
E10504,2025Q1,S7,M27,Nurse,2,Full-time,2024-07-11,0.5,40-49,46.0,18.6,18,23.4,1,3,0,
E10505,2025Q1,S7,M27,Nurse,3,Part-time,2024-08-01,0.4,30-39,47.5,16.3,8,18.5,1,3,0,
E10515,2025Q1,S7,M27,Case Manager,2,Full-time,2024-10-01,0.3,40-49,26.75,11.4,35,34.9,1,,0,
E10550,2025Q1,S7,M28,Case Manager,2,Full-time,2024-10-28,0.2,40-49,27.0,42.5,25,13.9,0,4,0,
E10551,2025Q1,S7,M27,Home Health Aide,1,Full-time,2024-10-08,0.2,30-39,19.5,38.8,16,13.6,1,,0,
E10554,2025Q1,S7,M26,Home Health Aide,1,Full-time,2024-11-24,0.1,Under 30,18.75,28.6,15,14.5,0,,0,
E10564,2025Q1,S7,M27,Home Health Aide,1,Part-time,2025-01-01,0.0,40-49,18.75,5.9,9,13.3,1,,0,
E10605,2025Q1,S7,M26,Admin,1,Full-time,2025-02-26,0.0,Under 30,21.75,11.5,0,7.9,0,4,0,
E10606,2025Q1,S7,M27,Admin,2,Full-time,2025-02-28,0.0,40-49,23.5,15.5,0,34.6,1,,0,
E10607,2025Q1,S7,M28,Admin,2,Full-time,2025-01-15,0.0,40-49,22.75,21.5,0,18.5,1,3,0,
E10608,2025Q1,S7,M28,Home Health Aide,1,Full-time,2025-03-13,0.0,40-49,19.0,37.0,19,22.5,0,4,0,
E10609,2025Q1,S7,M27,Supervisor,3,Full-time,2025-01-09,0.0,50+,38.0,48.7,0,18.1,0,4,0,
E10610,2025Q1,S7,M27,Nurse,2,Full-time,2025-03-09,0.0,Under 30,45.75,21.3,16,1.9,1,4,0,
E10611,2025Q1,S7,M28,Intake Coordinator,1,Full-time,2025-02-23,0.0,50+,21.0,19.9,0,20.9,1,3,0,
E10612,2025Q1,S7,M28,Home Health Aide,1,Part-time,2025-01-20,0.0,Under 30,19.0,32.6,11,19.4,0,,1,
E10382,2025Q1,S8,M30,Home Health Aide,2,Part-time,2006-10-12,18.2,50+,22.25,66.0,12,17.2,1,3,0,
E10385,2025Q1,S8,M30,Home Health Aide,1,Part-time,2023-10-27,1.2,50+,19.25,84.4,10,0.0,0,4,0,
E10387,2025Q1,S8,M30,Home Health Aide,1,Part-time,2023-05-26,1.6,40-49,19.5,16.2,8,3.9,1,4,0,
E10388,2025Q1,S8,M29,Nurse,3,Part-time,2022-03-23,2.8,Under 30,40.75,6.1,10,0.0,1,2,0,
E10389,2025Q1,S8,M30,Home Health Aide,2,Part-time,2022-08-11,2.4,Under 30,18.5,18.6,9,0.0,0,3,0,
E10390,2025Q1,S8,M30,Home Health Aide,1,Full-time,2010-06-08,14.6,50+,24.5,37.0,15,48.2,1,,0,
E10391,2025Q1,S8,M31,Home Health Aide,1,Part-time,2022-07-13,2.5,30-39,20.0,79.9,10,25.4,0,2,0,
E10393,2025Q1,S8,M29,Driver,1,Part-time,2023-01-02,2.0,30-39,19.0,36.8,0,15.5,1,,0,
E10394,2025Q1,S8,M31,Driver,2,Part-time,2022-07-04,2.5,Under 30,20.25,19.3,0,0.0,0,4,0,
E10395,2025Q1,S8,M30,Home Health Aide,2,Part-time,2023-01-26,1.9,40-49,20.25,17.9,9,0.0,0,3,0,
E10398,2025Q1,S8,M29,Nurse,2,Full-time,2020-01-08,5.0,40-49,49.25,15.3,22,50.6,0,1,0,
E10399,2025Q1,S8,M31,Supervisor,3,Full-time,2023-07-28,1.4,Under 30,38.0,31.8,0,49.0,0,2,0,
E10401,2025Q1,S8,M31,Home Health Aide,1,Part-time,2022-06-01,2.6,30-39,21.25,13.3,12,11.4,1,,1,Workload or schedule
E10402,2025Q1,S8,M30,Admin,1,Full-time,2016-09-12,8.3,30-39,24.0,8.9,0,26.6,0,4,0,
E10404,2025Q1,S8,M29,Nurse,2,Full-time,2022-09-12,2.3,50+,51.75,61.3,15,0.0,0,3,0,
E10406,2025Q1,S8,M30,Case Manager,2,Full-time,2013-10-30,11.2,30-39,32.5,4.2,24,0.0,1,3,0,
E10407,2025Q1,S8,M29,Home Health Aide,2,Full-time,2023-07-14,1.5,40-49,20.75,11.5,15,38.1,0,3,0,
E10408,2025Q1,S8,M31,Nurse,2,Part-time,2023-09-28,1.3,Under 30,47.25,15.2,15,10.2,0,,0,
E10410,2025Q1,S8,M30,Case Manager,2,Full-time,2023-03-07,1.8,30-39,24.75,11.1,31,47.3,0,3,0,
E10411,2025Q1,S8,M29,Nurse,3,Full-time,2022-08-26,2.4,30-39,46.75,24.9,28,26.2,0,,0,
E10412,2025Q1,S8,M29,Case Manager,2,Part-time,2021-07-01,3.5,30-39,29.5,49.5,27,48.1,0,3,0,
E10414,2025Q1,S8,M31,Admin,3,Part-time,2017-03-10,7.8,30-39,25.25,14.7,0,13.2,1,5,0,
E10416,2025Q1,S8,M30,Nurse,4,Full-time,2018-10-23,6.2,50+,44.75,11.3,24,34.4,1,4,0,
E10419,2025Q1,S8,M30,Driver,1,Full-time,2022-05-27,2.6,30-39,19.75,12.8,0,39.1,1,,1,
E10429,2025Q1,S8,M29,Intake Coordinator,2,Full-time,2024-04-01,0.8,40-49,20.25,7.6,0,12.7,1,1,0,
E10506,2025Q1,S8,M30,Supervisor,3,Full-time,2024-08-09,0.4,30-39,36.75,13.5,0,38.6,1,4,0,
E10508,2025Q1,S8,M30,Supervisor,3,Full-time,2024-08-25,0.4,Under 30,39.25,9.7,0,30.2,1,,0,
E10556,2025Q1,S8,M29,Intake Coordinator,1,Full-time,2024-11-12,0.1,Under 30,21.25,19.4,0,53.6,0,4,0,
E10557,2025Q1,S8,M30,Nurse,2,Full-time,2024-12-18,0.0,30-39,48.25,28.8,27,21.8,1,4,0,
E10558,2025Q1,S8,M31,Home Health Aide,1,Full-time,2024-10-05,0.2,Under 30,20.0,25.2,16,36.8,0,2,0,
E10559,2025Q1,S8,M29,Supervisor,3,Full-time,2024-12-20,0.0,30-39,37.75,27.3,0,55.0,0,,0,
E10560,2025Q1,S8,M30,Case Manager,2,Full-time,2024-11-11,0.1,40-49,27.5,72.9,35,51.6,0,,1,Workload or schedule
E10561,2025Q1,S8,M31,Nurse,2,Part-time,2024-11-13,0.1,Under 30,40.75,14.2,8,0.0,1,4,0,
E10566,2025Q1,S8,M30,Admin,1,Part-time,2025-01-01,0.0,30-39,24.25,15.4,0,15.0,1,,0,
E10613,2025Q1,S8,M31,Nurse,2,Full-time,2025-01-26,0.0,40-49,41.25,19.7,17,3.0,0,3,0,
E10614,2025Q1,S8,M31,Case Manager,2,Full-time,2025-02-01,0.0,40-49,25.5,10.6,29,40.5,1,4,0,
E10615,2025Q1,S8,M30,Case Manager,2,Full-time,2025-02-10,0.0,40-49,27.25,16.7,36,54.9,0,,1,Pay
E10616,2025Q1,S8,M29,Admin,2,Full-time,2025-01-25,0.0,Under 30,21.5,16.2,0,39.5,0,,0,
E10001,2025Q2,S1,M03,Case Manager,2,Full-time,2021-08-03,3.7,50+,35.25,9.3,38,25.0,1,4,0,
E10002,2025Q2,S1,M01,Case Manager,2,Full-time,2022-06-13,2.8,30-39,33.5,3.1,31,35.0,0,3,0,
E10003,2025Q2,S1,M01,Home Health Aide,2,Part-time,2011-05-25,13.9,40-49,28.5,17.1,14,18.9,1,4,0,
E10004,2025Q2,S1,M05,Driver,2,Part-time,2023-09-06,1.6,50+,24.5,7.0,0,0.0,0,5,1,Career change
E10005,2025Q2,S1,M02,Nurse,2,Full-time,2022-10-30,2.4,Under 30,53.25,9.9,36,27.3,1,,0,
E10006,2025Q2,S1,M05,Nurse,4,Full-time,2012-11-23,12.4,40-49,67.5,3.7,25,22.7,1,4,0,
E10008,2025Q2,S1,M01,Supervisor,4,Full-time,2020-08-09,4.6,40-49,47.0,19.3,0,16.9,0,4,0,
E10011,2025Q2,S1,M05,Driver,1,Part-time,2023-12-31,1.3,30-39,22.0,4.8,0,0.0,1,3,0,
E10012,2025Q2,S1,M04,Admin,2,Full-time,2021-05-16,3.9,50+,26.0,5.8,0,19.0,0,,0,
E10015,2025Q2,S1,M01,Admin,1,Full-time,2019-12-01,5.3,Under 30,30.0,10.6,0,26.2,0,,0,
E10016,2025Q2,S1,M05,Driver,2,Part-time,2019-12-28,5.3,Under 30,26.0,18.1,0,0.0,1,4,0,
E10017,2025Q2,S1,M04,Driver,1,Full-time,2022-12-06,2.3,30-39,24.0,2.6,0,19.6,0,,0,
E10018,2025Q2,S1,M03,Driver,2,Part-time,2021-09-30,3.5,Under 30,25.75,8.6,0,14.2,0,,0,
E10019,2025Q2,S1,M05,Admin,1,Part-time,2023-04-23,1.9,30-39,28.5,5.1,0,6.0,1,5,0,
E10021,2025Q2,S1,M05,Home Health Aide,1,Full-time,2012-02-19,13.1,40-49,24.75,2.2,19,27.7,1,4,0,
E10022,2025Q2,S1,M02,Intake Coordinator,2,Full-time,2023-05-20,1.9,30-39,27.0,4.9,0,8.4,1,5,0,
E10023,2025Q2,S1,M02,Admin,3,Part-time,2020-02-05,5.2,30-39,32.25,6.3,0,6.0,1,,0,
E10024,2025Q2,S1,M05,Home Health Aide,1,Part-time,2023-03-18,2.0,Under 30,21.75,5.1,16,23.5,1,3,0,
E10025,2025Q2,S1,M04,Case Manager,3,Full-time,2019-06-24,5.8,Under 30,32.75,10.7,42,42.0,1,4,0,
E10026,2025Q2,S1,M04,Nurse,3,Full-time,2019-02-17,6.1,40-49,62.0,7.5,29,36.9,0,3,0,
E10027,2025Q2,S1,M01,Nurse,3,Part-time,2022-12-13,2.3,Under 30,50.75,23.1,15,6.5,0,4,0,
E10028,2025Q2,S1,M01,Nurse,2,Full-time,2023-05-18,1.9,40-49,52.5,9.7,23,30.8,0,4,0,
E10029,2025Q2,S1,M01,Home Health Aide,1,Full-time,2022-03-20,3.0,50+,22.25,8.9,19,22.6,1,,0,
E10032,2025Q2,S1,M03,Home Health Aide,2,Full-time,2016-12-21,8.3,Under 30,23.5,12.9,24,29.3,1,4,0,
E10035,2025Q2,S1,M04,Nurse,2,Full-time,2022-12-23,2.3,40-49,52.5,16.2,20,6.0,0,4,0,
E10036,2025Q2,S1,M02,Home Health Aide,1,Part-time,2022-03-18,3.0,30-39,21.25,7.0,15,15.7,1,5,1,Relocation
E10037,2025Q2,S1,M03,Supervisor,4,Full-time,2020-02-18,5.1,40-49,44.5,16.5,0,9.8,1,,0,
E10038,2025Q2,S1,M03,Admin,1,Full-time,2022-09-11,2.6,40-49,27.0,10.9,0,26.0,1,4,0,
E10039,2025Q2,S1,M04,Case Manager,2,Full-time,2023-04-11,2.0,30-39,30.5,27.2,28,17.9,0,4,0,
E10040,2025Q2,S1,M01,Case Manager,2,Full-time,2018-09-10,6.6,Under 30,36.75,4.4,39,26.7,0,3,0,
E10041,2025Q2,S1,M03,Admin,3,Part-time,2016-04-30,8.9,40-49,30.5,10.1,0,11.5,0,4,0,
E10042,2025Q2,S1,M04,Supervisor,3,Full-time,2019-04-23,5.9,30-39,43.0,2.6,0,14.6,1,5,0,
E10043,2025Q2,S1,M01,Home Health Aide,1,Full-time,2015-03-06,10.1,30-39,24.75,15.2,12,3.2,1,4,0,
E10044,2025Q2,S1,M05,Case Manager,2,Full-time,2020-07-17,4.7,30-39,32.5,5.0,43,34.4,1,4,0,
E10045,2025Q2,S1,M01,Home Health Aide,1,Full-time,2019-08-02,5.7,40-49,27.0,1.9,20,38.2,1,4,0,
E10046,2025Q2,S1,M05,Nurse,3,Part-time,2023-08-30,1.6,30-39,49.5,3.4,17,8.0,1,4,0,
E10049,2025Q2,S1,M02,Driver,2,Full-time,2011-10-20,13.4,Under 30,28.75,5.0,0,12.6,1,5,0,
E10051,2025Q2,S1,M03,Nurse,2,Full-time,2023-03-14,2.1,40-49,52.25,3.7,32,46.4,1,,0,
E10052,2025Q2,S1,M01,Nurse,3,Full-time,2020-09-02,4.6,40-49,57.0,5.6,20,14.4,1,,0,
E10053,2025Q2,S1,M05,Case Manager,2,Full-time,2021-09-11,3.6,40-49,31.75,5.9,33,19.1,1,5,0,
E10054,2025Q2,S1,M03,Driver,1,Part-time,2012-03-07,13.1,30-39,26.25,5.3,0,12.8,1,3,0,
E10056,2025Q2,S1,M02,Intake Coordinator,3,Full-time,2018-08-14,6.6,50+,26.25,6.1,0,29.5,1,5,0,
E10057,2025Q2,S1,M02,Home Health Aide,1,Full-time,2023-07-08,1.7,30-39,21.5,11.2,27,23.2,1,5,0,
E10058,2025Q2,S1,M04,Nurse,2,Full-time,2022-08-25,2.6,Under 30,58.0,14.1,29,43.3,0,3,0,
E10060,2025Q2,S1,M02,Supervisor,4,Full-time,2021-06-17,3.8,40-49,37.75,5.9,0,17.7,1,5,0,
E10061,2025Q2,S1,M01,Home Health Aide,1,Full-time,2019-02-15,6.1,30-39,26.25,6.3,17,20.6,1,4,0,
E10062,2025Q2,S1,M03,Home Health Aide,1,Full-time,2023-06-07,1.8,30-39,19.25,37.1,16,8.7,0,3,0,
E10063,2025Q2,S1,M03,Home Health Aide,2,Part-time,2016-09-08,8.6,50+,24.5,27.9,13,0.0,1,4,0,
E10064,2025Q2,S1,M02,Admin,3,Full-time,2019-07-19,5.7,50+,29.25,3.1,0,25.0,1,5,0,
E10065,2025Q2,S1,M03,Admin,1,Part-time,2011-06-26,13.8,40-49,37.5,2.5,0,12.1,0,4,0,
E10068,2025Q2,S1,M04,Driver,2,Full-time,2020-05-14,4.9,40-49,24.5,2.5,0,22.4,0,4,0,
E10070,2025Q2,S1,M05,Admin,1,Full-time,2021-12-28,3.3,40-49,26.5,6.3,0,22.3,0,4,0,
E10458,2025Q2,S1,M04,Nurse,2,Full-time,2024-07-01,0.8,50+,53.5,4.5,33,34.6,1,4,0,
E10464,2025Q2,S1,M05,Nurse,2,Full-time,2024-07-01,0.8,40-49,57.5,15.1,25,14.5,1,3,0,
E10467,2025Q2,S1,M02,Admin,2,Full-time,2024-08-09,0.6,Under 30,27.5,16.2,0,24.2,1,4,0,
E10469,2025Q2,S1,M05,Admin,1,Full-time,2024-08-13,0.6,30-39,27.5,9.4,0,26.8,1,3,0,
E10513,2025Q2,S1,M02,Home Health Aide,1,Full-time,2024-10-01,0.5,30-39,22.25,4.9,18,0.0,0,5,0,
E10518,2025Q2,S1,M04,Home Health Aide,1,Full-time,2024-10-01,0.5,50+,23.75,9.7,24,46.5,0,,0,
E10519,2025Q2,S1,M05,Nurse,3,Full-time,2024-10-26,0.4,40-49,50.5,8.7,40,56.6,1,4,0,
E10520,2025Q2,S1,M01,Driver,1,Full-time,2024-11-03,0.4,Under 30,21.25,10.3,0,21.3,0,4,0,
E10567,2025Q2,S1,M03,Intake Coordinator,1,Full-time,2025-01-01,0.2,40-49,22.5,4.2,0,16.4,0,3,0,
E10568,2025Q2,S1,M05,Nurse,2,Full-time,2025-01-01,0.2,40-49,56.75,7.9,34,56.2,0,,1,Personal or family
E10573,2025Q2,S1,M02,Home Health Aide,1,Part-time,2025-01-12,0.2,40-49,21.75,6.7,15,17.0,1,5,0,
E10574,2025Q2,S1,M03,Home Health Aide,1,Full-time,2025-01-22,0.2,30-39,22.25,7.8,25,22.0,0,4,0,
E10575,2025Q2,S1,M03,Home Health Aide,1,Part-time,2025-01-27,0.2,40-49,21.5,5.8,13,3.9,1,4,0,
E10526,2025Q2,S1,M04,Driver,1,Part-time,2024-10-06,0.5,40-49,22.0,5.2,0,0.0,1,4,0,
E10617,2025Q2,S1,M02,Home Health Aide,1,Full-time,2025-05-11,0.0,50+,21.5,12.1,21,26.0,1,5,0,
E10618,2025Q2,S1,M03,Intake Coordinator,1,Part-time,2025-05-16,0.0,50+,22.75,4.4,0,1.8,1,4,0,
E10072,2025Q2,S2,M07,Driver,1,Full-time,2020-08-07,4.6,30-39,24.25,9.0,0,19.0,1,,0,
E10074,2025Q2,S2,M07,Supervisor,3,Full-time,2023-11-27,1.3,50+,39.75,6.0,0,39.3,0,3,0,
E10075,2025Q2,S2,M07,Intake Coordinator,1,Full-time,2023-08-24,1.6,30-39,25.0,11.3,0,54.4,0,4,0,
E10076,2025Q2,S2,M08,Driver,2,Part-time,2020-08-24,4.6,40-49,25.5,5.6,0,37.1,0,3,0,
E10077,2025Q2,S2,M09,Home Health Aide,1,Part-time,2020-01-16,5.2,40-49,23.75,3.9,18,14.1,0,3,0,
E10078,2025Q2,S2,M09,Supervisor,4,Full-time,2018-08-27,6.6,Under 30,42.25,12.0,0,45.3,1,5,0,
E10080,2025Q2,S2,M09,Home Health Aide,1,Full-time,2022-05-25,2.9,Under 30,23.0,3.6,26,56.3,1,,0,
E10083,2025Q2,S2,M07,Supervisor,4,Full-time,2023-07-13,1.7,40-49,39.25,7.7,0,65.1,1,4,0,
E10084,2025Q2,S2,M08,Nurse,2,Full-time,2023-03-14,2.1,30-39,51.25,4.1,21,34.4,0,,0,
E10086,2025Q2,S2,M10,Admin,3,Part-time,2015-04-14,10.0,30-39,31.25,21.0,0,16.7,0,,0,
E10088,2025Q2,S2,M09,Home Health Aide,2,Full-time,2021-03-10,4.1,50+,20.75,4.4,30,86.2,1,,0,
E10090,2025Q2,S2,M10,Supervisor,4,Full-time,2022-06-26,2.8,50+,40.75,8.4,0,42.0,1,3,0,
E10092,2025Q2,S2,M06,Home Health Aide,1,Full-time,2021-05-18,3.9,30-39,24.0,5.1,30,82.8,1,2,1,Workload or schedule
E10095,2025Q2,S2,M10,Home Health Aide,1,Full-time,2022-07-14,2.7,30-39,22.25,5.5,27,89.7,0,2,0,
E10096,2025Q2,S2,M08,Driver,2,Full-time,2020-06-24,4.8,30-39,23.0,4.8,0,38.7,0,1,0,
E10098,2025Q2,S2,M09,Nurse,3,Full-time,2020-09-08,4.6,Under 30,58.25,10.0,28,61.2,0,3,0,
E10099,2025Q2,S2,M08,Nurse,3,Full-time,2019-06-09,5.8,30-39,59.25,11.0,23,46.6,0,2,0,
E10101,2025Q2,S2,M10,Nurse,3,Full-time,2021-10-02,3.5,Under 30,55.75,4.7,26,57.9,1,4,0,
E10103,2025Q2,S2,M07,Case Manager,2,Full-time,2021-10-17,3.5,30-39,33.75,11.6,38,55.7,1,,0,
E10104,2025Q2,S2,M10,Case Manager,3,Full-time,2015-10-27,9.4,40-49,36.5,3.7,32,57.4,0,,1,Personal or family
E10107,2025Q2,S2,M10,Case Manager,3,Full-time,2016-08-11,8.6,40-49,38.0,2.4,46,79.4,1,,0,
E10108,2025Q2,S2,M07,Home Health Aide,1,Full-time,2023-05-30,1.8,30-39,23.5,6.2,23,46.9,0,4,0,
E10110,2025Q2,S2,M10,Admin,1,Part-time,2016-08-26,8.6,Under 30,30.5,19.6,0,24.0,0,3,0,
E10114,2025Q2,S2,M10,Driver,2,Full-time,2023-09-10,1.6,Under 30,20.5,15.4,0,50.2,1,4,0,
E10117,2025Q2,S2,M06,Nurse,2,Full-time,2021-09-12,3.6,30-39,54.25,4.8,22,75.4,0,,0,
E10118,2025Q2,S2,M07,Home Health Aide,2,Full-time,2015-12-15,9.3,30-39,24.0,2.8,26,54.1,0,1,1,
E10119,2025Q2,S2,M10,Nurse,3,Full-time,2022-07-26,2.7,50+,48.25,11.2,25,57.7,0,2,0,
E10121,2025Q2,S2,M09,Case Manager,2,Full-time,2019-06-11,5.8,50+,33.75,2.4,38,82.2,0,,0,
E10124,2025Q2,S2,M07,Supervisor,3,Full-time,2018-07-09,6.7,40-49,46.25,7.3,0,36.2,0,3,0,
E10127,2025Q2,S2,M09,Driver,2,Full-time,2019-07-09,5.7,50+,24.25,9.9,0,65.9,0,4,0,
E10130,2025Q2,S2,M10,Home Health Aide,2,Part-time,2019-02-18,6.1,30-39,24.0,11.5,17,23.8,0,,0,
E10133,2025Q2,S2,M08,Home Health Aide,1,Part-time,2019-04-22,5.9,30-39,24.5,2.8,11,24.0,0,,0,
E10135,2025Q2,S2,M06,Home Health Aide,2,Part-time,2020-11-05,4.4,50+,21.25,17.2,2,0.0,1,2,0,
E10461,2025Q2,S2,M09,Nurse,3,Full-time,2024-07-01,0.8,30-39,55.25,5.5,27,12.6,1,4,0,
E10465,2025Q2,S2,M10,Admin,2,Full-time,2024-07-01,0.8,40-49,27.25,14.6,0,55.0,0,,0,
E10470,2025Q2,S2,M09,Case Manager,2,Full-time,2024-08-19,0.6,Under 30,29.0,8.3,27,33.7,0,2,0,
E10471,2025Q2,S2,M07,Nurse,2,Part-time,2024-08-10,0.6,40-49,51.25,21.4,17,4.7,1,,0,
E10472,2025Q2,S2,M07,Intake Coordinator,1,Part-time,2024-09-14,0.5,50+,24.25,7.9,0,25.8,0,,0,
E10473,2025Q2,S2,M09,Nurse,3,Full-time,2024-08-27,0.6,50+,48.25,6.7,21,28.8,1,4,0,
E10474,2025Q2,S2,M07,Driver,1,Part-time,2024-09-02,0.6,40-49,23.0,8.9,0,15.1,1,5,0,
E10522,2025Q2,S2,M06,Home Health Aide,1,Part-time,2024-12-08,0.3,50+,21.25,11.5,12,10.3,0,4,0,
E10524,2025Q2,S2,M10,Nurse,3,Full-time,2024-10-25,0.4,40-49,53.75,12.1,28,59.1,0,,0,
E10527,2025Q2,S2,M10,Supervisor,3,Full-time,2024-10-28,0.4,40-49,44.25,7.0,0,32.1,1,,1,
E10576,2025Q2,S2,M07,Home Health Aide,1,Full-time,2025-01-08,0.2,40-49,19.5,6.1,21,56.5,1,2,1,
E10577,2025Q2,S2,M07,Home Health Aide,1,Full-time,2025-02-25,0.1,50+,20.25,3.5,26,79.5,1,,0,
E10578,2025Q2,S2,M07,Home Health Aide,1,Part-time,2025-02-23,0.1,30-39,21.5,4.4,11,34.6,0,3,0,
E10580,2025Q2,S2,M06,Home Health Aide,1,Part-time,2025-01-18,0.2,30-39,23.5,7.4,17,31.5,0,,0,
E10581,2025Q2,S2,M06,Home Health Aide,1,Part-time,2025-02-05,0.2,50+,22.5,10.6,16,16.5,1,3,1,
E10382,2025Q2,S2,M06,Home Health Aide,2,Part-time,2006-10-12,18.5,50+,25.25,66.0,20,62.8,1,,1,
E10619,2025Q2,S2,M08,Case Manager,2,Full-time,2025-06-04,0.0,30-39,27.0,3.5,43,67.7,0,,1,Career change
E10620,2025Q2,S2,M07,Case Manager,2,Full-time,2025-05-12,0.0,Under 30,29.75,2.7,47,101.6,1,,0,
E10621,2025Q2,S2,M07,Home Health Aide,1,Part-time,2025-05-30,0.0,30-39,22.0,23.8,15,15.5,1,4,0,
E10622,2025Q2,S2,M07,Home Health Aide,1,Full-time,2025-06-12,0.0,Under 30,22.25,3.1,24,50.6,0,3,0,
E10623,2025Q2,S2,M08,Intake Coordinator,1,Full-time,2025-06-02,0.0,40-49,26.25,3.1,0,44.8,1,2,0,
E10624,2025Q2,S2,M09,Nurse,2,Full-time,2025-04-19,0.0,30-39,54.75,37.4,28,67.7,1,,1,
E10625,2025Q2,S2,M07,Home Health Aide,1,Full-time,2025-04-29,0.0,40-49,20.75,4.8,26,68.2,1,3,0,
E10626,2025Q2,S2,M07,Nurse,2,Full-time,2025-04-04,0.0,Under 30,56.0,17.3,27,31.0,1,,0,
E10627,2025Q2,S2,M09,Case Manager,2,Full-time,2025-04-08,0.0,30-39,34.5,9.3,37,53.7,1,,0,
E10628,2025Q2,S2,M08,Nurse,2,Full-time,2025-04-20,0.0,Under 30,48.25,7.2,28,50.4,0,1,1,
E10137,2025Q2,S3,M12,Home Health Aide,2,Full-time,2019-02-21,6.1,50+,20.25,7.4,24,61.3,0,,0,
E10138,2025Q2,S3,M14,Case Manager,3,Full-time,2022-06-23,2.8,Under 30,28.75,23.1,23,8.8,1,,0,
E10140,2025Q2,S3,M14,Nurse,3,Full-time,2022-07-07,2.7,40-49,49.0,22.6,31,33.4,0,3,0,
E10144,2025Q2,S3,M11,Home Health Aide,1,Part-time,2014-11-30,10.3,Under 30,20.5,6.1,10,5.1,1,4,0,
E10146,2025Q2,S3,M14,Home Health Aide,2,Full-time,2018-07-13,6.7,40-49,22.25,25.1,19,41.8,1,3,0,
E10148,2025Q2,S3,M11,Driver,1,Full-time,2020-06-23,4.8,Under 30,23.0,24.2,0,20.8,0,4,0,
E10149,2025Q2,S3,M14,Admin,1,Full-time,2023-06-07,1.8,40-49,26.25,14.6,0,38.9,0,,0,
E10152,2025Q2,S3,M11,Intake Coordinator,1,Full-time,2023-06-03,1.8,30-39,22.25,4.9,0,35.3,0,3,0,
E10156,2025Q2,S3,M12,Home Health Aide,1,Part-time,2018-07-14,6.7,40-49,22.5,30.9,11,34.0,0,2,0,
E10157,2025Q2,S3,M13,Home Health Aide,2,Part-time,2018-07-18,6.7,30-39,22.5,5.4,7,0.0,1,4,0,
E10158,2025Q2,S3,M13,Case Manager,3,Full-time,2020-10-15,4.5,50+,28.0,5.2,33,53.2,0,1,0,
E10159,2025Q2,S3,M11,Home Health Aide,1,Full-time,2010-05-30,14.8,Under 30,25.75,2.7,14,52.6,0,3,0,
E10160,2025Q2,S3,M12,Driver,1,Part-time,2020-10-23,4.4,40-49,19.5,8.3,0,18.5,0,3,0,
E10161,2025Q2,S3,M11,Supervisor,4,Full-time,2022-08-28,2.6,50+,36.75,4.6,0,42.6,1,2,0,
E10162,2025Q2,S3,M13,Home Health Aide,1,Full-time,2021-08-04,3.7,Under 30,18.0,8.1,15,16.9,0,,0,
E10164,2025Q2,S3,M13,Case Manager,3,Full-time,2022-03-20,3.0,30-39,29.75,5.8,28,21.4,0,1,0,
E10165,2025Q2,S3,M11,Driver,1,Full-time,2021-11-03,3.4,30-39,22.5,15.8,0,30.3,0,3,0,
E10169,2025Q2,S3,M12,Home Health Aide,2,Part-time,2019-10-18,5.5,Under 30,21.0,8.2,8,0.0,0,,0,
E10172,2025Q2,S3,M14,Intake Coordinator,1,Full-time,2021-05-27,3.8,50+,24.25,6.8,0,63.6,0,2,0,
E10176,2025Q2,S3,M11,Nurse,3,Full-time,2021-12-30,3.3,50+,54.0,3.1,26,84.2,0,,0,
E10182,2025Q2,S3,M13,Supervisor,4,Full-time,2023-04-26,1.9,Under 30,41.25,10.5,0,37.9,0,2,0,
E10185,2025Q2,S3,M12,Supervisor,4,Full-time,2020-06-18,4.8,50+,36.25,8.3,0,44.7,0,1,0,
E10186,2025Q2,S3,M14,Nurse,4,Part-time,2020-03-25,5.0,Under 30,49.25,13.7,12,11.4,1,3,0,
E10187,2025Q2,S3,M12,Case Manager,2,Full-time,2016-10-10,8.5,Under 30,29.75,9.5,21,38.3,1,3,0,
E10189,2025Q2,S3,M13,Home Health Aide,1,Part-time,2022-01-18,3.2,50+,20.0,6.6,8,0.0,0,3,0,
E10437,2025Q2,S3,M13,Home Health Aide,1,Full-time,2024-04-05,1.0,Under 30,18.5,5.5,14,41.9,0,3,0,
E10438,2025Q2,S3,M14,Home Health Aide,1,Full-time,2024-04-06,1.0,40-49,18.0,21.6,22,28.6,0,,0,
E10466,2025Q2,S3,M11,Home Health Aide,1,Part-time,2024-07-01,0.8,50+,20.25,19.0,12,10.6,0,3,0,
E10480,2025Q2,S3,M11,Home Health Aide,1,Full-time,2024-09-06,0.6,40-49,20.0,1.0,20,25.4,1,3,0,
E10514,2025Q2,S3,M11,Nurse,2,Full-time,2024-10-01,0.5,30-39,50.25,7.0,20,46.9,0,3,0,
E10516,2025Q2,S3,M13,Home Health Aide,1,Part-time,2024-10-01,0.5,40-49,20.75,9.9,9,0.0,0,2,0,
E10528,2025Q2,S3,M13,Home Health Aide,1,Full-time,2024-10-24,0.4,40-49,17.5,10.6,19,55.6,0,3,0,
E10529,2025Q2,S3,M11,Nurse,3,Full-time,2024-11-23,0.4,40-49,48.5,18.0,23,52.0,0,3,0,
E10530,2025Q2,S3,M14,Nurse,2,Full-time,2024-10-17,0.5,40-49,48.75,8.3,16,37.3,1,,0,
E10533,2025Q2,S3,M13,Home Health Aide,1,Full-time,2024-11-30,0.3,30-39,21.0,4.1,22,56.1,1,,0,
E10534,2025Q2,S3,M11,Case Manager,2,Full-time,2024-11-04,0.4,40-49,28.0,7.2,31,46.4,0,3,0,
E10536,2025Q2,S3,M12,Home Health Aide,1,Full-time,2024-10-01,0.5,30-39,19.5,7.2,17,36.4,1,3,0,
E10537,2025Q2,S3,M13,Driver,1,Part-time,2024-11-02,0.4,30-39,20.0,20.5,0,16.4,1,4,0,
E10565,2025Q2,S3,M14,Case Manager,2,Full-time,2025-01-01,0.2,Under 30,29.0,37.7,30,55.6,1,3,0,
E10570,2025Q2,S3,M13,Home Health Aide,1,Full-time,2025-01-01,0.2,40-49,19.75,8.7,19,48.3,0,,0,
E10572,2025Q2,S3,M13,Intake Coordinator,1,Full-time,2025-01-01,0.2,40-49,22.25,3.5,0,38.2,0,3,0,
E10582,2025Q2,S3,M12,Case Manager,2,Full-time,2025-03-09,0.1,40-49,26.75,16.8,31,23.3,0,3,0,
E10583,2025Q2,S3,M12,Home Health Aide,1,Part-time,2025-01-04,0.2,30-39,18.5,11.2,20,39.0,0,2,0,
E10585,2025Q2,S3,M13,Home Health Aide,1,Full-time,2025-01-05,0.2,Under 30,20.75,19.7,24,57.0,0,2,0,
E10586,2025Q2,S3,M14,Driver,1,Full-time,2025-03-04,0.1,30-39,23.75,9.0,0,57.7,0,1,0,
E10587,2025Q2,S3,M13,Driver,1,Full-time,2025-02-18,0.1,40-49,20.75,7.7,0,37.3,0,,1,
E10588,2025Q2,S3,M12,Case Manager,2,Full-time,2025-02-22,0.1,40-49,28.75,3.2,37,69.3,0,2,1,
E10629,2025Q2,S3,M11,Nurse,2,Full-time,2025-04-28,0.0,Under 30,46.75,10.9,24,53.2,0,3,0,
E10630,2025Q2,S3,M14,Home Health Aide,1,Full-time,2025-04-19,0.0,30-39,18.0,6.0,19,38.0,0,3,0,
E10631,2025Q2,S3,M11,Nurse,2,Full-time,2025-04-17,0.0,40-49,50.0,22.2,23,16.9,0,4,0,
E10632,2025Q2,S3,M13,Home Health Aide,1,Full-time,2025-06-18,0.0,40-49,18.5,17.7,23,53.0,0,,0,
E10633,2025Q2,S3,M12,Home Health Aide,1,Full-time,2025-04-19,0.0,40-49,21.25,20.1,28,85.5,1,,0,
E10192,2025Q2,S4,M18,Admin,2,Full-time,2020-07-28,4.7,30-39,25.0,7.6,0,31.6,0,,0,
E10193,2025Q2,S4,M17,Case Manager,2,Full-time,2018-04-28,6.9,50+,30.0,26.9,21,10.3,0,,0,
E10195,2025Q2,S4,M18,Driver,1,Full-time,2023-02-01,2.2,Under 30,21.75,41.3,0,15.2,0,4,0,
E10196,2025Q2,S4,M15,Driver,1,Full-time,2017-04-03,8.0,40-49,27.0,20.1,0,15.0,1,4,0,
E10199,2025Q2,S4,M16,Nurse,2,Full-time,2018-06-11,6.8,30-39,49.0,11.0,22,28.6,1,3,0,
E10200,2025Q2,S4,M15,Home Health Aide,1,Part-time,2022-04-20,2.9,Under 30,19.5,31.8,7,0.0,0,4,0,
E10201,2025Q2,S4,M16,Admin,3,Full-time,2021-06-23,3.8,Under 30,28.0,3.3,0,24.6,0,4,0,
E10203,2025Q2,S4,M15,Nurse,3,Part-time,2022-09-29,2.5,Under 30,48.25,27.3,18,2.0,1,4,0,
E10205,2025Q2,S4,M16,Home Health Aide,2,Part-time,2000-11-26,24.3,40-49,26.0,53.6,13,4.3,1,,0,
E10206,2025Q2,S4,M15,Case Manager,3,Full-time,2022-07-13,2.7,40-49,28.5,23.3,23,16.8,1,4,0,
E10207,2025Q2,S4,M15,Home Health Aide,1,Full-time,2023-03-08,2.1,50+,22.5,21.5,13,16.9,1,,0,
E10209,2025Q2,S4,M15,Intake Coordinator,1,Full-time,2020-04-08,5.0,40-49,26.0,1.4,0,26.1,1,5,0,
E10210,2025Q2,S4,M17,Driver,2,Full-time,2023-02-18,2.1,50+,21.75,14.8,0,17.4,1,4,0,
E10211,2025Q2,S4,M18,Nurse,3,Full-time,2019-02-24,6.1,Under 30,50.0,9.0,37,57.4,1,,0,
E10212,2025Q2,S4,M16,Case Manager,3,Full-time,2023-10-13,1.5,50+,28.75,27.8,32,13.4,1,3,0,
E10213,2025Q2,S4,M18,Home Health Aide,1,Full-time,2022-05-13,2.9,30-39,21.25,15.2,22,33.0,0,3,0,
E10214,2025Q2,S4,M17,Admin,3,Full-time,2019-05-05,5.9,30-39,26.75,8.6,0,22.0,1,4,1,Workload or schedule
E10216,2025Q2,S4,M18,Home Health Aide,1,Full-time,2016-02-19,9.1,50+,24.5,9.4,12,7.1,0,,0,
E10217,2025Q2,S4,M18,Nurse,2,Full-time,2017-08-08,7.6,40-49,64.75,67.5,23,17.3,0,3,0,
E10218,2025Q2,S4,M17,Home Health Aide,2,Part-time,2012-04-03,13.0,40-49,23.75,13.6,8,0.0,1,4,0,
E10219,2025Q2,S4,M17,Intake Coordinator,3,Full-time,2020-11-29,4.3,30-39,25.5,1.7,0,15.8,0,4,0,
E10220,2025Q2,S4,M15,Supervisor,4,Full-time,2017-09-02,7.6,Under 30,45.25,4.2,0,25.7,0,3,0,
E10222,2025Q2,S4,M18,Case Manager,2,Full-time,2019-02-01,6.2,40-49,31.75,8.1,41,30.1,1,2,0,
E10226,2025Q2,S4,M16,Case Manager,3,Full-time,2022-11-09,2.4,50+,31.75,10.7,27,25.8,1,3,0,
E10227,2025Q2,S4,M18,Case Manager,2,Full-time,2022-02-01,3.2,30-39,28.5,12.1,36,34.5,0,3,0,
E10228,2025Q2,S4,M17,Home Health Aide,1,Full-time,2020-08-12,4.6,Under 30,20.5,9.0,30,38.9,0,3,0,
E10230,2025Q2,S4,M18,Admin,3,Part-time,2017-12-05,7.3,50+,28.5,8.7,0,16.4,1,2,0,
E10231,2025Q2,S4,M15,Home Health Aide,1,Full-time,2020-11-01,4.4,30-39,18.75,12.8,18,16.2,1,3,1,Career change
E10232,2025Q2,S4,M16,Driver,2,Full-time,2022-04-14,3.0,40-49,19.5,19.8,0,18.9,0,3,0,
E10233,2025Q2,S4,M17,Case Manager,3,Full-time,2013-01-14,12.2,30-39,32.25,7.6,38,37.3,0,3,0,
E10234,2025Q2,S4,M15,Home Health Aide,1,Full-time,2015-02-04,10.2,30-39,23.0,32.8,14,27.0,0,3,0,
E10237,2025Q2,S4,M15,Admin,3,Full-time,2021-08-15,3.6,30-39,28.25,10.1,0,28.6,0,4,0,
E10240,2025Q2,S4,M17,Nurse,2,Full-time,2021-07-21,3.7,50+,49.75,19.0,31,29.2,0,3,0,
E10425,2025Q2,S4,M17,Intake Coordinator,1,Full-time,2024-04-01,1.0,30-39,20.5,4.4,0,9.3,1,4,0,
E10440,2025Q2,S4,M16,Case Manager,2,Full-time,2024-04-13,1.0,Under 30,28.0,11.0,30,37.8,1,4,0,
E10456,2025Q2,S4,M17,Intake Coordinator,1,Full-time,2024-07-01,0.8,Under 30,25.0,7.3,0,24.6,1,4,0,
E10460,2025Q2,S4,M17,Nurse,3,Full-time,2024-07-01,0.8,30-39,50.0,30.2,30,42.2,0,4,0,
E10482,2025Q2,S4,M17,Home Health Aide,1,Part-time,2024-09-10,0.6,40-49,20.5,21.7,9,0.0,0,2,0,
E10483,2025Q2,S4,M16,Case Manager,2,Full-time,2024-07-13,0.7,Under 30,28.75,47.7,30,25.1,1,,0,
E10484,2025Q2,S4,M18,Case Manager,2,Full-time,2024-07-02,0.7,40-49,30.75,13.1,29,12.8,1,4,0,
E10517,2025Q2,S4,M18,Admin,1,Full-time,2024-10-01,0.5,Under 30,24.25,17.6,0,32.1,0,,0,
E10538,2025Q2,S4,M16,Home Health Aide,1,Part-time,2024-10-23,0.4,50+,17.25,11.0,13,12.4,0,,0,
E10562,2025Q2,S4,M18,Nurse,2,Full-time,2025-01-01,0.2,30-39,44.5,5.4,18,20.2,0,2,0,
E10563,2025Q2,S4,M17,Nurse,2,Full-time,2025-01-01,0.2,30-39,49.25,13.3,24,42.3,1,3,0,
E10589,2025Q2,S4,M18,Case Manager,2,Full-time,2025-01-26,0.2,50+,29.25,4.7,39,43.9,0,1,1,
E10590,2025Q2,S4,M17,Driver,1,Full-time,2025-01-29,0.2,30-39,22.0,7.0,0,36.0,0,2,0,
E10591,2025Q2,S4,M16,Intake Coordinator,1,Full-time,2025-03-09,0.1,Under 30,19.5,7.5,0,12.5,1,4,0,
E10593,2025Q2,S4,M17,Intake Coordinator,1,Full-time,2025-01-19,0.2,50+,22.5,7.0,0,11.7,0,3,0,
E10066,2025Q2,S4,M17,Case Manager,3,Full-time,2018-01-31,7.2,Under 30,31.25,6.4,28,37.6,1,2,0,
E10634,2025Q2,S4,M17,Home Health Aide,1,Full-time,2025-04-27,0.0,50+,20.25,13.0,19,13.9,0,3,0,
E10242,2025Q2,S5,M20,Nurse,4,Full-time,2017-02-05,8.2,30-39,56.0,31.5,20,20.5,0,1,0,
E10243,2025Q2,S5,M20,Nurse,3,Full-time,2019-06-02,5.8,30-39,56.75,13.7,20,54.4,0,,0,
E10244,2025Q2,S5,M22,Nurse,2,Full-time,2022-01-09,3.2,40-49,50.25,9.7,22,60.8,0,1,0,
E10245,2025Q2,S5,M21,Home Health Aide,1,Part-time,2023-09-09,1.6,40-49,20.25,33.0,13,11.4,0,2,0,
E10248,2025Q2,S5,M19,Nurse,2,Full-time,2016-08-29,8.6,Under 30,55.0,35.4,19,69.4,0,,0,
E10253,2025Q2,S5,M19,Home Health Aide,2,Full-time,2023-09-24,1.5,40-49,20.75,10.0,21,54.5,0,1,1,
E10260,2025Q2,S5,M22,Admin,2,Part-time,2023-09-26,1.5,30-39,23.25,15.7,0,30.0,0,,0,
E10263,2025Q2,S5,M21,Home Health Aide,2,Part-time,2019-04-12,6.0,40-49,22.0,7.9,14,56.6,0,,0,
E10265,2025Q2,S5,M22,Case Manager,3,Full-time,2016-10-01,8.5,30-39,34.0,12.8,30,47.7,0,,0,
E10267,2025Q2,S5,M20,Case Manager,3,Full-time,2014-12-23,10.3,40-49,34.5,6.8,33,52.6,0,1,1,
E10268,2025Q2,S5,M19,Case Manager,2,Full-time,2022-02-22,3.1,40-49,30.5,6.8,31,49.1,1,,0,
E10271,2025Q2,S5,M19,Home Health Aide,1,Full-time,2021-03-26,4.0,Under 30,19.25,16.6,21,48.6,0,,0,
E10278,2025Q2,S5,M19,Case Manager,2,Full-time,2022-08-26,2.6,Under 30,31.5,2.9,32,42.1,0,,0,
E10281,2025Q2,S5,M22,Driver,1,Part-time,2018-10-19,6.5,40-49,23.25,3.8,0,15.4,0,3,0,
E10282,2025Q2,S5,M20,Admin,1,Full-time,2019-12-27,5.3,30-39,31.5,18.8,0,63.8,1,2,0,
E10286,2025Q2,S5,M22,Home Health Aide,1,Part-time,2023-07-24,1.7,30-39,20.5,19.5,12,19.3,0,4,0,
E10441,2025Q2,S5,M20,Driver,1,Full-time,2024-04-22,0.9,30-39,19.0,9.8,0,61.7,0,,0,
E10446,2025Q2,S5,M20,Home Health Aide,1,Part-time,2024-05-24,0.9,30-39,19.75,3.3,11,1.1,0,,0,
E10486,2025Q2,S5,M19,Nurse,2,Full-time,2024-09-02,0.6,40-49,47.0,3.5,21,56.4,0,3,0,
E10487,2025Q2,S5,M21,Nurse,3,Full-time,2024-08-13,0.6,50+,48.25,13.4,19,36.8,0,,0,
E10488,2025Q2,S5,M22,Nurse,2,Full-time,2024-08-10,0.6,30-39,46.25,8.6,31,67.1,0,,0,
E10489,2025Q2,S5,M22,Home Health Aide,1,Part-time,2024-08-08,0.6,40-49,20.5,30.1,12,54.7,0,,0,
E10491,2025Q2,S5,M22,Case Manager,2,Full-time,2024-07-16,0.7,30-39,27.5,23.0,27,39.1,0,,0,
E10492,2025Q2,S5,M20,Case Manager,2,Full-time,2024-08-25,0.6,40-49,29.5,31.3,24,48.8,0,,0,
E10493,2025Q2,S5,M19,Home Health Aide,1,Full-time,2024-09-18,0.5,Under 30,22.75,15.9,20,43.1,0,3,1,Career change
E10539,2025Q2,S5,M22,Intake Coordinator,1,Full-time,2024-11-20,0.4,30-39,22.75,20.2,0,41.6,0,2,0,
E10540,2025Q2,S5,M21,Home Health Aide,1,Full-time,2024-10-29,0.4,50+,19.5,11.9,16,60.1,1,,0,
E10541,2025Q2,S5,M19,Home Health Aide,1,Full-time,2024-10-03,0.5,50+,19.0,11.3,11,20.9,0,,0,
E10543,2025Q2,S5,M19,Case Manager,2,Full-time,2024-11-30,0.3,30-39,27.25,12.9,30,31.0,0,,0,
E10544,2025Q2,S5,M19,Supervisor,3,Full-time,2024-10-15,0.5,40-49,38.25,16.6,0,17.7,1,,0,
E10545,2025Q2,S5,M19,Case Manager,2,Full-time,2024-12-01,0.3,30-39,26.0,24.6,28,37.1,0,3,0,
E10546,2025Q2,S5,M19,Home Health Aide,1,Full-time,2024-10-15,0.5,40-49,21.5,8.0,17,10.1,1,5,0,
E10571,2025Q2,S5,M21,Home Health Aide,1,Part-time,2025-01-01,0.2,50+,18.25,6.0,9,1.3,0,2,0,
E10594,2025Q2,S5,M20,Driver,1,Full-time,2025-02-26,0.1,30-39,21.25,15.2,0,55.9,0,,0,
E10595,2025Q2,S5,M20,Case Manager,2,Full-time,2025-02-06,0.1,50+,27.75,37.7,35,36.0,0,,1,
E10596,2025Q2,S5,M19,Home Health Aide,1,Part-time,2025-03-14,0.0,Under 30,20.5,15.1,11,6.5,1,3,0,
E10597,2025Q2,S5,M19,Nurse,2,Full-time,2025-03-10,0.1,30-39,46.5,4.0,31,50.2,0,,0,
E10599,2025Q2,S5,M22,Supervisor,3,Full-time,2025-01-19,0.2,Under 30,35.0,10.3,0,67.3,0,,0,
E10600,2025Q2,S5,M19,Home Health Aide,1,Full-time,2025-03-16,0.0,50+,19.0,19.8,15,48.0,1,,1,
E10100,2025Q2,S5,M19,Home Health Aide,1,Full-time,2022-10-11,2.5,40-49,19.75,3.6,19,47.1,0,,0,
E10635,2025Q2,S5,M20,Home Health Aide,1,Full-time,2025-05-21,0.0,50+,18.5,9.5,18,46.5,0,3,1,Workload or schedule
E10636,2025Q2,S5,M22,Admin,1,Full-time,2025-04-09,0.0,30-39,28.0,7.1,0,54.4,0,1,1,Workload or schedule
E10637,2025Q2,S5,M20,Admin,2,Full-time,2025-05-09,0.0,50+,24.0,8.7,0,49.6,0,2,0,
E10638,2025Q2,S5,M19,Case Manager,2,Full-time,2025-04-27,0.0,50+,28.5,5.8,42,63.6,0,,0,
E10639,2025Q2,S5,M21,Nurse,2,Full-time,2025-04-18,0.0,30-39,49.0,4.7,27,58.2,0,1,1,
E10640,2025Q2,S5,M22,Home Health Aide,1,Full-time,2025-04-29,0.0,40-49,19.25,10.8,14,40.3,0,3,0,
E10641,2025Q2,S5,M19,Nurse,2,Full-time,2025-04-19,0.0,40-49,46.5,30.5,25,53.5,0,,0,
E10293,2025Q2,S6,M25,Intake Coordinator,3,Full-time,2022-02-13,3.1,50+,22.25,12.0,0,19.1,0,,0,
E10296,2025Q2,S6,M24,Intake Coordinator,3,Full-time,2022-02-18,3.1,50+,23.75,5.2,0,38.5,1,4,0,
E10298,2025Q2,S6,M24,Admin,1,Full-time,2019-04-21,5.9,40-49,25.75,12.0,0,17.4,0,5,0,
E10306,2025Q2,S6,M23,Home Health Aide,2,Full-time,2020-05-17,4.9,30-39,19.75,29.8,17,53.0,0,,1,Personal or family
E10307,2025Q2,S6,M24,Case Manager,2,Full-time,2022-12-16,2.3,30-39,27.25,6.0,23,23.7,1,3,1,Workload or schedule
E10308,2025Q2,S6,M23,Nurse,3,Full-time,2023-03-24,2.0,Under 30,49.75,105.2,21,58.7,0,,0,
E10309,2025Q2,S6,M23,Home Health Aide,1,Part-time,2023-10-16,1.5,Under 30,19.5,108.2,11,20.2,0,4,0,
E10310,2025Q2,S6,M25,Driver,1,Part-time,2023-05-03,1.9,40-49,17.5,17.6,0,22.0,0,2,0,
E10311,2025Q2,S6,M23,Supervisor,4,Full-time,2017-07-06,7.7,30-39,40.0,10.3,0,27.3,0,,0,
E10313,2025Q2,S6,M25,Home Health Aide,1,Part-time,2012-05-08,12.9,Under 30,22.25,13.3,8,0.0,1,3,0,
E10314,2025Q2,S6,M24,Nurse,2,Part-time,2021-11-28,3.3,50+,54.0,13.3,11,16.9,1,4,0,
E10316,2025Q2,S6,M25,Home Health Aide,1,Full-time,2022-05-05,2.9,30-39,20.25,46.7,22,52.6,0,,0,
E10317,2025Q2,S6,M23,Intake Coordinator,1,Full-time,2021-07-01,3.8,50+,19.75,52.4,0,27.0,0,,1,Retirement
E10318,2025Q2,S6,M24,Nurse,2,Full-time,2016-05-14,8.9,50+,47.75,30.8,30,51.4,0,,1,Workload or schedule
E10320,2025Q2,S6,M25,Home Health Aide,1,Full-time,2021-12-10,3.3,50+,20.25,43.3,23,67.4,0,3,0,
E10321,2025Q2,S6,M23,Driver,1,Full-time,2018-10-22,6.4,50+,23.0,34.2,0,26.6,0,,0,
E10323,2025Q2,S6,M23,Home Health Aide,1,Part-time,2019-06-08,5.8,40-49,19.25,12.4,13,15.7,0,5,0,
E10324,2025Q2,S6,M24,Home Health Aide,1,Full-time,2019-11-16,5.4,Under 30,20.0,5.6,21,53.0,1,,0,
E10325,2025Q2,S6,M25,Driver,2,Full-time,2023-05-30,1.8,30-39,20.0,23.8,0,14.4,0,,0,
E10326,2025Q2,S6,M24,Case Manager,2,Full-time,2014-03-22,11.0,50+,28.25,22.8,21,21.7,0,4,1,Personal or family
E10328,2025Q2,S6,M25,Admin,2,Full-time,2013-05-14,11.9,50+,30.75,40.5,0,18.9,0,,0,
E10329,2025Q2,S6,M24,Driver,2,Full-time,2013-02-08,12.1,30-39,23.0,21.6,0,32.2,0,3,0,
E10330,2025Q2,S6,M25,Home Health Aide,1,Part-time,2017-05-03,7.9,40-49,22.0,9.1,12,42.8,1,,0,
E10332,2025Q2,S6,M23,Home Health Aide,1,Full-time,2023-06-05,1.8,50+,19.5,6.0,13,8.8,0,4,0,
E10333,2025Q2,S6,M25,Home Health Aide,2,Part-time,2017-03-13,8.1,Under 30,22.5,10.5,15,0.0,0,3,0,
E10334,2025Q2,S6,M25,Nurse,2,Full-time,2023-08-27,1.6,40-49,46.25,14.4,21,31.5,0,3,0,
E10447,2025Q2,S6,M24,Supervisor,3,Full-time,2024-05-06,0.9,50+,33.25,10.9,0,17.0,0,4,0,
E10448,2025Q2,S6,M23,Case Manager,2,Full-time,2024-06-18,0.8,40-49,26.0,34.5,24,20.8,0,3,0,
E10494,2025Q2,S6,M23,Admin,1,Part-time,2024-07-03,0.7,30-39,25.0,20.1,0,3.3,0,,0,
E10495,2025Q2,S6,M25,Home Health Aide,1,Part-time,2024-08-15,0.6,Under 30,19.0,12.8,8,42.1,0,,0,
E10496,2025Q2,S6,M23,Case Manager,2,Full-time,2024-08-08,0.6,30-39,28.5,46.3,25,29.1,1,3,0,
E10497,2025Q2,S6,M24,Nurse,2,Full-time,2024-07-08,0.7,Under 30,45.75,33.9,26,49.3,0,3,1,Workload or schedule
E10498,2025Q2,S6,M25,Driver,1,Full-time,2024-09-12,0.6,Under 30,20.0,14.8,0,55.9,0,,0,
E10499,2025Q2,S6,M25,Nurse,2,Full-time,2024-07-27,0.7,Under 30,43.75,7.8,14,32.3,1,3,0,
E10511,2025Q2,S6,M25,Case Manager,2,Full-time,2024-10-01,0.5,30-39,27.5,16.7,30,43.7,1,,0,
E10512,2025Q2,S6,M23,Admin,1,Full-time,2024-10-01,0.5,30-39,25.75,20.1,0,47.9,1,2,0,
E10548,2025Q2,S6,M23,Home Health Aide,1,Part-time,2024-10-14,0.5,30-39,19.0,8.5,8,0.0,0,,0,
E10569,2025Q2,S6,M24,Home Health Aide,1,Full-time,2025-01-01,0.2,50+,17.5,18.1,14,43.2,0,3,0,
E10601,2025Q2,S6,M24,Admin,1,Full-time,2025-03-03,0.1,30-39,22.75,4.6,0,34.6,1,3,1,Pay
E10602,2025Q2,S6,M23,Nurse,2,Full-time,2025-02-15,0.1,50+,40.0,19.2,17,31.0,0,1,0,
E10603,2025Q2,S6,M23,Driver,1,Part-time,2025-03-15,0.0,50+,21.0,40.1,0,11.7,1,2,0,
E10604,2025Q2,S6,M25,Driver,1,Part-time,2025-01-06,0.2,Under 30,21.25,10.0,0,19.0,0,,1,Pay
E10592,2025Q2,S6,M23,Admin,1,Part-time,2025-03-11,0.1,50+,23.0,7.0,0,10.7,1,3,0,
E10336,2025Q2,S7,M28,Driver,1,Full-time,2018-10-03,6.5,50+,20.75,25.2,0,17.5,0,4,0,
E10338,2025Q2,S7,M27,Driver,2,Part-time,2022-04-10,3.0,50+,19.5,10.2,0,18.1,0,2,0,
E10339,2025Q2,S7,M27,Admin,1,Part-time,2021-10-16,3.5,50+,26.25,45.8,0,24.0,0,2,1,
E10341,2025Q2,S7,M28,Case Manager,2,Full-time,2018-11-28,6.3,40-49,30.0,20.0,37,51.0,0,3,0,
E10346,2025Q2,S7,M27,Intake Coordinator,1,Full-time,2021-08-07,3.6,Under 30,22.0,18.8,0,33.0,0,,0,
E10348,2025Q2,S7,M28,Case Manager,2,Full-time,2023-03-19,2.0,40-49,26.25,6.6,30,31.4,1,,0,
E10350,2025Q2,S7,M26,Case Manager,3,Full-time,2022-09-10,2.6,30-39,28.0,21.7,35,45.2,0,2,0,
E10351,2025Q2,S7,M28,Home Health Aide,1,Full-time,2023-09-01,1.6,50+,18.25,13.1,12,6.7,1,,0,
E10355,2025Q2,S7,M28,Nurse,3,Full-time,2007-08-02,17.7,50+,58.75,16.7,21,15.7,0,2,0,
E10356,2025Q2,S7,M28,Case Manager,2,Full-time,2023-12-26,1.3,30-39,26.25,8.7,23,1.7,0,,1,Workload or schedule
E10358,2025Q2,S7,M28,Supervisor,4,Full-time,2006-02-18,19.1,30-39,47.0,38.4,0,24.3,0,5,0,
E10359,2025Q2,S7,M26,Supervisor,4,Full-time,2013-02-05,12.2,Under 30,46.25,19.6,0,25.3,1,2,0,
E10360,2025Q2,S7,M28,Case Manager,3,Full-time,2020-05-21,4.9,30-39,27.25,18.6,27,22.3,1,3,0,
E10361,2025Q2,S7,M28,Home Health Aide,1,Full-time,2014-02-27,11.1,40-49,23.5,36.9,13,6.9,1,4,1,Workload or schedule
E10363,2025Q2,S7,M26,Nurse,2,Part-time,2022-07-05,2.7,40-49,47.0,18.1,15,11.9,1,4,0,
E10367,2025Q2,S7,M28,Home Health Aide,2,Part-time,2019-08-24,5.6,30-39,20.5,10.0,11,0.0,1,4,0,
E10371,2025Q2,S7,M26,Home Health Aide,1,Part-time,2021-11-26,3.3,30-39,19.75,13.9,11,25.5,1,4,0,
E10372,2025Q2,S7,M27,Nurse,2,Full-time,2023-05-23,1.9,40-49,44.0,43.3,10,0.0,0,4,0,
E10373,2025Q2,S7,M28,Nurse,4,Full-time,2022-01-21,3.2,40-49,49.5,26.6,16,8.6,1,4,0,
E10374,2025Q2,S7,M27,Nurse,2,Full-time,2023-11-07,1.4,40-49,45.75,34.1,12,7.0,0,4,0,
E10377,2025Q2,S7,M26,Nurse,3,Full-time,2023-02-25,2.1,Under 30,43.5,5.6,20,26.1,1,4,0,
E10424,2025Q2,S7,M26,Home Health Aide,1,Part-time,2024-04-01,1.0,50+,18.0,7.7,5,0.0,1,4,0,
E10459,2025Q2,S7,M27,Home Health Aide,1,Full-time,2024-07-01,0.8,30-39,20.0,11.7,15,19.2,0,,0,
E10501,2025Q2,S7,M26,Supervisor,3,Full-time,2024-07-04,0.7,30-39,33.5,12.2,0,21.6,1,2,0,
E10502,2025Q2,S7,M28,Case Manager,2,Full-time,2024-08-15,0.6,40-49,25.75,18.5,27,19.5,1,4,0,
E10503,2025Q2,S7,M26,Case Manager,2,Full-time,2024-07-17,0.7,Under 30,26.75,22.6,29,25.2,0,3,0,
E10504,2025Q2,S7,M27,Nurse,2,Full-time,2024-07-11,0.7,40-49,46.25,18.6,19,12.2,0,,0,
E10505,2025Q2,S7,M27,Nurse,3,Part-time,2024-08-01,0.7,30-39,47.75,16.3,11,11.3,1,4,0,
E10515,2025Q2,S7,M27,Case Manager,2,Full-time,2024-10-01,0.5,40-49,26.75,11.4,30,31.4,0,,0,
E10550,2025Q2,S7,M28,Case Manager,2,Full-time,2024-10-28,0.4,40-49,27.25,42.5,28,28.2,1,4,0,
E10551,2025Q2,S7,M27,Home Health Aide,1,Full-time,2024-10-08,0.5,30-39,19.5,38.8,14,21.2,1,3,0,
E10554,2025Q2,S7,M26,Home Health Aide,1,Full-time,2024-11-24,0.4,Under 30,18.75,28.6,10,15.4,0,,0,
E10564,2025Q2,S7,M27,Home Health Aide,1,Part-time,2025-01-01,0.2,40-49,19.0,5.9,8,10.7,0,3,0,
E10605,2025Q2,S7,M26,Admin,1,Full-time,2025-02-26,0.1,Under 30,21.75,11.5,0,40.3,0,3,0,
E10606,2025Q2,S7,M27,Admin,2,Full-time,2025-02-28,0.1,40-49,23.75,15.5,0,21.7,0,3,1,Personal or family
E10607,2025Q2,S7,M28,Admin,2,Full-time,2025-01-15,0.2,40-49,22.75,21.5,0,28.1,0,2,0,
E10608,2025Q2,S7,M28,Home Health Aide,1,Full-time,2025-03-13,0.1,40-49,19.0,37.0,16,20.4,0,3,0,
E10609,2025Q2,S7,M27,Supervisor,3,Full-time,2025-01-09,0.2,50+,38.25,48.7,0,18.7,0,4,0,
E10610,2025Q2,S7,M27,Nurse,2,Full-time,2025-03-09,0.1,Under 30,45.75,21.3,22,16.2,1,4,1,Career change
E10611,2025Q2,S7,M28,Intake Coordinator,1,Full-time,2025-02-23,0.1,50+,21.0,19.9,0,26.9,0,3,0,
E10490,2025Q2,S7,M28,Admin,1,Full-time,2024-09-09,0.6,30-39,24.5,9.5,0,23.1,0,2,0,
E10642,2025Q2,S7,M27,Case Manager,2,Full-time,2025-04-26,0.0,40-49,27.5,3.5,33,41.2,0,,0,
E10643,2025Q2,S7,M27,Home Health Aide,1,Full-time,2025-04-12,0.0,50+,19.75,31.2,10,12.6,1,,0,
E10644,2025Q2,S7,M27,Driver,1,Part-time,2025-06-04,0.0,30-39,17.25,30.5,0,0.0,0,,0,
E10385,2025Q2,S8,M30,Home Health Aide,1,Part-time,2023-10-27,1.4,50+,19.25,84.4,12,0.0,1,4,0,
E10387,2025Q2,S8,M30,Home Health Aide,1,Part-time,2023-05-26,1.9,40-49,19.5,16.2,5,0.0,1,5,0,
E10388,2025Q2,S8,M29,Nurse,3,Part-time,2022-03-23,3.0,Under 30,41.0,6.1,11,5.4,0,,0,
E10389,2025Q2,S8,M30,Home Health Aide,2,Part-time,2022-08-11,2.6,Under 30,18.75,18.6,9,8.9,1,3,0,
E10390,2025Q2,S8,M30,Home Health Aide,1,Full-time,2010-06-08,14.8,50+,24.5,37.0,16,24.2,1,,0,
E10391,2025Q2,S8,M31,Home Health Aide,2,Part-time,2022-07-13,2.7,30-39,20.0,79.9,15,3.3,0,,0,
E10393,2025Q2,S8,M29,Driver,1,Part-time,2023-01-02,2.2,30-39,19.0,36.8,0,3.3,0,3,0,
E10394,2025Q2,S8,M31,Driver,2,Part-time,2022-07-04,2.7,Under 30,20.25,19.3,0,45.7,0,4,0,
E10395,2025Q2,S8,M30,Home Health Aide,2,Part-time,2023-01-26,2.2,40-49,20.25,17.9,8,0.0,0,3,0,
E10398,2025Q2,S8,M29,Nurse,2,Full-time,2020-01-08,5.2,40-49,49.5,15.3,14,9.1,0,,0,
E10399,2025Q2,S8,M31,Supervisor,3,Full-time,2023-07-28,1.7,Under 30,38.25,31.8,0,71.5,1,,0,
E10402,2025Q2,S8,M30,Admin,1,Full-time,2016-09-12,8.6,30-39,24.0,8.9,0,27.6,1,4,0,
E10404,2025Q2,S8,M29,Nurse,2,Full-time,2022-09-12,2.6,50+,52.0,61.3,16,27.8,0,3,0,
E10406,2025Q2,S8,M30,Case Manager,2,Full-time,2013-10-30,11.4,30-39,32.5,4.2,26,20.6,1,3,0,
E10407,2025Q2,S8,M29,Home Health Aide,2,Full-time,2023-07-14,1.7,40-49,20.75,11.5,14,0.0,1,4,0,
E10408,2025Q2,S8,M31,Nurse,2,Part-time,2023-09-28,1.5,Under 30,47.5,15.2,11,20.0,0,,0,
E10410,2025Q2,S8,M30,Case Manager,3,Full-time,2023-03-07,2.1,30-39,25.0,11.1,35,50.5,0,2,1,
E10411,2025Q2,S8,M29,Nurse,3,Full-time,2022-08-26,2.6,30-39,47.0,24.9,16,39.1,1,,0,
E10412,2025Q2,S8,M29,Case Manager,2,Part-time,2021-07-01,3.8,30-39,29.75,49.5,7,0.0,0,2,0,
E10414,2025Q2,S8,M31,Admin,3,Part-time,2017-03-10,8.1,30-39,25.5,14.7,0,25.1,1,4,0,
E10416,2025Q2,S8,M30,Nurse,4,Full-time,2018-10-23,6.4,50+,45.0,11.3,20,21.0,1,4,0,
E10429,2025Q2,S8,M29,Intake Coordinator,2,Full-time,2024-04-01,1.0,40-49,20.25,7.6,0,60.9,0,,0,
E10506,2025Q2,S8,M30,Supervisor,3,Full-time,2024-08-09,0.6,30-39,37.0,13.5,0,19.5,1,4,0,
E10508,2025Q2,S8,M30,Supervisor,3,Full-time,2024-08-25,0.6,Under 30,39.5,9.7,0,19.6,1,,0,
E10556,2025Q2,S8,M29,Intake Coordinator,1,Full-time,2024-11-12,0.4,Under 30,21.5,19.4,0,50.7,0,4,0,
E10557,2025Q2,S8,M30,Nurse,2,Full-time,2024-12-18,0.3,30-39,48.5,28.8,21,22.6,1,4,0,
E10558,2025Q2,S8,M31,Home Health Aide,1,Full-time,2024-10-05,0.5,Under 30,20.25,25.2,14,47.5,0,2,0,
E10559,2025Q2,S8,M29,Supervisor,3,Full-time,2024-12-20,0.3,30-39,38.0,27.3,0,50.4,0,2,1,Pay
E10561,2025Q2,S8,M31,Nurse,2,Part-time,2024-11-13,0.4,Under 30,41.0,14.2,13,7.2,1,3,0,
E10566,2025Q2,S8,M30,Admin,1,Part-time,2025-01-01,0.2,30-39,24.5,15.4,0,29.8,1,4,0,
E10613,2025Q2,S8,M31,Nurse,2,Full-time,2025-01-26,0.2,40-49,41.5,19.7,23,38.0,1,3,0,
E10614,2025Q2,S8,M31,Case Manager,2,Full-time,2025-02-01,0.2,40-49,25.5,10.6,24,22.0,1,4,0,
E10616,2025Q2,S8,M29,Admin,2,Full-time,2025-01-25,0.2,Under 30,21.5,16.2,0,41.5,1,2,1,
E10184,2025Q2,S8,M29,Admin,1,Part-time,2023-11-02,1.4,30-39,22.5,26.5,0,12.2,0,3,0,
E10645,2025Q2,S8,M30,Driver,1,Part-time,2025-04-20,0.0,50+,19.5,4.0,0,13.1,0,3,0,
E10646,2025Q2,S8,M29,Nurse,3,Full-time,2025-04-17,0.0,Under 30,41.75,14.5,17,9.0,0,4,0,
E10647,2025Q2,S8,M30,Nurse,2,Part-time,2025-05-29,0.0,40-49,42.0,23.7,14,11.4,1,,0,
E10648,2025Q2,S8,M29,Case Manager,2,Full-time,2025-06-12,0.0,50+,24.25,29.6,29,38.6,0,2,0,
E10001,2025Q3,S1,M03,Case Manager,2,Full-time,2021-08-03,3.9,50+,35.25,9.3,40,29.7,0,3,0,
E10002,2025Q3,S1,M01,Case Manager,2,Full-time,2022-06-13,3.0,30-39,33.75,3.1,41,30.4,0,2,0,
E10003,2025Q3,S1,M01,Home Health Aide,2,Part-time,2011-05-25,14.1,40-49,28.75,17.1,13,6.6,0,,0,
E10005,2025Q3,S1,M02,Nurse,2,Full-time,2022-10-30,2.7,Under 30,53.5,9.9,23,11.9,1,5,0,
E10006,2025Q3,S1,M05,Nurse,4,Full-time,2012-11-23,12.6,40-49,67.75,3.7,23,24.2,0,5,0,
E10008,2025Q3,S1,M01,Supervisor,4,Full-time,2020-08-09,4.9,40-49,47.25,19.3,0,23.7,0,4,0,
E10011,2025Q3,S1,M05,Driver,1,Part-time,2023-12-31,1.5,30-39,22.0,4.8,0,2.0,1,3,0,
E10012,2025Q3,S1,M04,Admin,2,Full-time,2021-05-16,4.1,50+,26.0,5.8,0,15.6,1,,0,
E10015,2025Q3,S1,M01,Admin,1,Full-time,2019-12-01,5.6,Under 30,30.25,10.6,0,31.5,0,,0,
E10016,2025Q3,S1,M05,Driver,2,Part-time,2019-12-28,5.5,Under 30,26.25,18.1,0,1.5,1,4,0,
E10017,2025Q3,S1,M04,Driver,1,Full-time,2022-12-06,2.6,30-39,24.25,2.6,0,26.1,1,4,0,
E10018,2025Q3,S1,M03,Driver,2,Part-time,2021-09-30,3.8,Under 30,25.75,8.6,0,6.2,0,,0,
E10019,2025Q3,S1,M05,Admin,1,Part-time,2023-04-23,2.2,30-39,28.5,5.1,0,0.0,1,5,0,
E10021,2025Q3,S1,M05,Home Health Aide,1,Full-time,2012-02-19,13.4,40-49,25.0,2.2,25,30.4,1,4,0,
E10022,2025Q3,S1,M02,Intake Coordinator,2,Full-time,2023-05-20,2.1,30-39,27.25,4.9,0,16.6,1,5,0,
E10023,2025Q3,S1,M02,Admin,3,Part-time,2020-02-05,5.4,30-39,32.5,6.3,0,7.3,1,5,0,
E10024,2025Q3,S1,M05,Home Health Aide,1,Part-time,2023-03-18,2.3,Under 30,21.75,5.1,13,6.0,0,4,0,
E10025,2025Q3,S1,M04,Case Manager,3,Full-time,2019-06-24,6.0,Under 30,33.0,10.7,31,11.8,1,5,0,
E10026,2025Q3,S1,M04,Nurse,3,Full-time,2019-02-17,6.4,40-49,62.25,7.5,19,11.8,1,4,0,
E10027,2025Q3,S1,M01,Nurse,4,Part-time,2022-12-13,2.5,Under 30,51.0,23.1,17,18.2,0,4,0,
E10028,2025Q3,S1,M01,Nurse,2,Full-time,2023-05-18,2.1,40-49,52.75,9.7,27,24.7,1,4,0,
E10029,2025Q3,S1,M01,Home Health Aide,1,Full-time,2022-03-20,3.3,50+,22.5,8.9,23,37.6,0,2,0,
E10032,2025Q3,S1,M03,Home Health Aide,2,Full-time,2016-12-21,8.5,Under 30,23.75,12.9,20,18.2,1,5,0,
E10035,2025Q3,S1,M04,Nurse,2,Full-time,2022-12-23,2.5,40-49,52.75,16.2,30,39.6,0,3,0,
E10037,2025Q3,S1,M03,Supervisor,4,Full-time,2020-02-18,5.4,40-49,44.75,16.5,0,17.8,1,4,0,
E10038,2025Q3,S1,M03,Admin,1,Full-time,2022-09-11,2.8,40-49,27.25,10.9,0,17.7,0,4,0,
E10039,2025Q3,S1,M04,Case Manager,3,Full-time,2023-04-11,2.2,30-39,30.75,27.2,46,37.7,0,3,0,
E10040,2025Q3,S1,M01,Case Manager,2,Full-time,2018-09-10,6.8,Under 30,37.0,4.4,40,37.9,0,3,0,
E10041,2025Q3,S1,M03,Admin,3,Part-time,2016-04-30,9.2,40-49,30.5,10.1,0,0.0,0,4,0,
E10042,2025Q3,S1,M04,Supervisor,3,Full-time,2019-04-23,6.2,30-39,43.25,2.6,0,17.5,0,4,0,
E10044,2025Q3,S1,M05,Case Manager,2,Full-time,2020-07-17,5.0,30-39,32.5,5.0,37,34.0,1,5,0,
E10045,2025Q3,S1,M01,Home Health Aide,1,Full-time,2019-08-02,5.9,40-49,27.25,1.9,19,14.5,1,5,0,
E10046,2025Q3,S1,M05,Nurse,3,Part-time,2023-08-30,1.8,30-39,49.75,3.4,10,0.1,0,3,0,
E10049,2025Q3,S1,M02,Driver,2,Full-time,2011-10-20,13.7,Under 30,29.0,5.0,0,12.9,1,5,0,
E10051,2025Q3,S1,M03,Nurse,2,Full-time,2023-03-14,2.3,40-49,52.5,3.7,24,20.4,0,2,0,
E10052,2025Q3,S1,M01,Nurse,3,Full-time,2020-09-02,4.8,40-49,57.25,5.6,28,31.9,0,,0,
E10053,2025Q3,S1,M05,Case Manager,2,Full-time,2021-09-11,3.8,40-49,32.0,5.9,26,5.6,1,4,0,
E10054,2025Q3,S1,M03,Driver,1,Part-time,2012-03-07,13.3,30-39,26.5,5.3,0,7.0,0,4,0,
E10056,2025Q3,S1,M02,Intake Coordinator,3,Full-time,2018-08-14,6.9,50+,26.25,6.1,0,20.7,1,5,0,
E10057,2025Q3,S1,M02,Home Health Aide,1,Full-time,2023-07-08,2.0,30-39,21.75,11.2,23,28.4,1,4,0,
E10058,2025Q3,S1,M04,Nurse,2,Full-time,2022-08-25,2.9,Under 30,58.25,14.1,23,18.0,1,3,0,
E10061,2025Q3,S1,M01,Home Health Aide,1,Full-time,2019-02-15,6.4,30-39,26.25,6.3,25,34.4,0,,0,
E10062,2025Q3,S1,M03,Home Health Aide,1,Full-time,2023-06-07,2.1,30-39,19.25,37.1,19,25.3,1,3,0,
E10063,2025Q3,S1,M03,Home Health Aide,2,Part-time,2016-09-08,8.8,50+,24.5,27.9,9,3.6,0,4,0,
E10064,2025Q3,S1,M02,Admin,3,Full-time,2019-07-19,6.0,50+,29.25,3.1,0,28.3,0,5,0,
E10065,2025Q3,S1,M03,Admin,1,Part-time,2011-06-26,14.0,40-49,37.75,2.5,0,8.9,1,5,0,
E10068,2025Q3,S1,M04,Driver,2,Full-time,2020-05-14,5.1,40-49,24.5,2.5,0,14.5,1,4,0,
E10070,2025Q3,S1,M05,Admin,1,Full-time,2021-12-28,3.5,40-49,26.75,6.3,0,12.7,1,4,0,
E10458,2025Q3,S1,M04,Nurse,2,Full-time,2024-07-01,1.0,50+,53.75,4.5,20,9.1,1,,0,
E10464,2025Q3,S1,M05,Nurse,2,Full-time,2024-07-01,1.0,40-49,57.75,15.1,31,35.0,1,3,0,
E10467,2025Q3,S1,M02,Admin,2,Full-time,2024-08-09,0.9,Under 30,27.5,16.2,0,20.0,1,4,0,
E10469,2025Q3,S1,M05,Admin,1,Full-time,2024-08-13,0.9,30-39,27.75,9.4,0,15.6,1,4,0,
E10513,2025Q3,S1,M02,Home Health Aide,1,Full-time,2024-10-01,0.7,30-39,22.25,4.9,24,31.3,1,4,0,
E10518,2025Q3,S1,M04,Home Health Aide,1,Full-time,2024-10-01,0.7,50+,24.0,9.7,22,17.7,0,,0,
E10519,2025Q3,S1,M05,Nurse,3,Full-time,2024-10-26,0.7,40-49,50.75,8.7,31,50.1,1,5,0,
E10520,2025Q3,S1,M01,Driver,1,Full-time,2024-11-03,0.7,Under 30,21.25,10.3,0,36.0,0,4,0,
E10567,2025Q3,S1,M03,Intake Coordinator,2,Full-time,2025-01-01,0.5,40-49,22.5,4.2,0,34.1,0,2,0,
E10574,2025Q3,S1,M03,Home Health Aide,1,Full-time,2025-01-22,0.4,30-39,22.25,7.8,16,17.8,1,5,0,
E10575,2025Q3,S1,M03,Home Health Aide,1,Part-time,2025-01-27,0.4,40-49,21.75,5.8,11,0.0,0,4,0,
E10526,2025Q3,S1,M04,Driver,1,Part-time,2024-10-06,0.7,40-49,22.25,5.2,0,5.5,1,4,0,
E10617,2025Q3,S1,M02,Home Health Aide,1,Full-time,2025-05-11,0.1,50+,21.5,12.1,12,2.7,1,5,0,
E10618,2025Q3,S1,M03,Intake Coordinator,1,Part-time,2025-05-16,0.1,50+,22.75,4.4,0,22.1,0,4,0,
E10480,2025Q3,S1,M02,Home Health Aide,1,Full-time,2024-09-06,0.8,40-49,21.75,1.0,21,24.2,1,5,0,
E10649,2025Q3,S1,M05,Intake Coordinator,1,Full-time,2025-07-24,0.0,30-39,21.5,7.4,0,24.3,1,4,0,
E10650,2025Q3,S1,M05,Intake Coordinator,1,Full-time,2025-08-04,0.0,Under 30,23.5,4.9,0,21.5,0,4,0,
E10651,2025Q3,S1,M02,Case Manager,2,Full-time,2025-07-07,0.0,30-39,32.75,21.6,35,19.6,0,3,0,
E10652,2025Q3,S1,M04,Case Manager,2,Full-time,2025-08-09,0.0,30-39,28.5,3.4,34,21.9,0,4,0,
E10653,2025Q3,S1,M01,Case Manager,2,Full-time,2025-08-20,0.0,Under 30,32.25,6.9,44,34.8,0,2,0,
E10072,2025Q3,S2,M07,Driver,1,Full-time,2020-08-07,4.9,30-39,24.25,9.0,0,49.0,0,3,0,
E10074,2025Q3,S2,M07,Supervisor,3,Full-time,2023-11-27,1.6,50+,40.0,6.0,0,29.1,0,2,0,
E10075,2025Q3,S2,M07,Intake Coordinator,1,Full-time,2023-08-24,1.9,30-39,25.25,11.3,0,35.1,1,,0,
E10076,2025Q3,S2,M08,Driver,2,Part-time,2020-08-24,4.9,40-49,25.5,5.6,0,7.4,0,4,0,
E10077,2025Q3,S2,M09,Home Health Aide,1,Part-time,2020-01-16,5.5,40-49,23.75,3.9,17,52.6,0,3,1,Relocation
E10078,2025Q3,S2,M09,Supervisor,4,Full-time,2018-08-27,6.8,Under 30,42.5,12.0,0,58.3,0,4,0,
E10080,2025Q3,S2,M09,Home Health Aide,1,Full-time,2022-05-25,3.1,Under 30,23.0,3.6,19,37.5,0,1,0,
E10083,2025Q3,S2,M07,Supervisor,4,Full-time,2023-07-13,2.0,40-49,39.5,7.7,0,44.5,1,4,0,
E10084,2025Q3,S2,M08,Nurse,2,Full-time,2023-03-14,2.3,30-39,51.5,4.1,35,76.1,0,1,1,
E10086,2025Q3,S2,M10,Admin,3,Part-time,2015-04-14,10.2,30-39,31.25,21.0,0,10.2,0,3,0,
E10088,2025Q3,S2,M09,Home Health Aide,2,Full-time,2021-03-10,4.3,50+,21.0,4.4,28,91.7,0,,0,
E10090,2025Q3,S2,M10,Supervisor,4,Full-time,2022-06-26,3.0,50+,41.0,8.4,0,71.3,0,,0,
E10095,2025Q3,S2,M10,Home Health Aide,1,Full-time,2022-07-14,3.0,30-39,22.25,5.5,20,58.6,0,,0,
E10096,2025Q3,S2,M08,Driver,2,Full-time,2020-06-24,5.0,30-39,23.0,4.8,0,37.1,0,,0,
E10098,2025Q3,S2,M09,Nurse,3,Full-time,2020-09-08,4.8,Under 30,58.5,10.0,22,31.1,1,4,1,Relocation
E10099,2025Q3,S2,M08,Nurse,3,Full-time,2019-06-09,6.1,30-39,59.5,11.0,23,57.8,0,2,0,
E10101,2025Q3,S2,M10,Nurse,3,Full-time,2021-10-02,3.7,Under 30,56.0,4.7,18,36.4,0,4,0,
E10103,2025Q3,S2,M07,Case Manager,2,Full-time,2021-10-17,3.7,30-39,34.0,11.6,34,43.9,0,,0,
E10107,2025Q3,S2,M10,Case Manager,3,Full-time,2016-08-11,8.9,40-49,38.25,2.4,35,53.2,0,2,1,Workload or schedule
E10108,2025Q3,S2,M07,Home Health Aide,1,Full-time,2023-05-30,2.1,30-39,23.5,6.2,20,38.5,0,,0,
E10110,2025Q3,S2,M10,Admin,1,Part-time,2016-08-26,8.8,Under 30,30.75,19.6,0,23.9,0,,0,
E10114,2025Q3,S2,M10,Driver,2,Full-time,2023-09-10,1.8,Under 30,20.75,15.4,0,50.2,0,4,0,
E10117,2025Q3,S2,M06,Nurse,2,Full-time,2021-09-12,3.8,30-39,54.5,4.8,22,35.7,0,,0,
E10119,2025Q3,S2,M10,Nurse,3,Full-time,2022-07-26,2.9,50+,48.5,11.2,30,76.0,0,,0,
E10121,2025Q3,S2,M09,Case Manager,2,Full-time,2019-06-11,6.1,50+,33.75,2.4,49,79.3,0,2,0,
E10124,2025Q3,S2,M07,Supervisor,3,Full-time,2018-07-09,7.0,40-49,46.5,7.3,0,54.0,0,,0,
E10127,2025Q3,S2,M09,Driver,2,Full-time,2019-07-09,6.0,50+,24.5,9.9,0,47.2,1,4,0,
E10133,2025Q3,S2,M08,Home Health Aide,1,Part-time,2019-04-22,6.2,30-39,24.5,2.8,16,20.6,1,,0,
E10135,2025Q3,S2,M06,Home Health Aide,2,Part-time,2020-11-05,4.7,50+,21.25,17.2,20,28.5,1,,0,
E10465,2025Q3,S2,M10,Admin,2,Full-time,2024-07-01,1.0,40-49,27.25,14.6,0,47.6,0,2,0,
E10470,2025Q3,S2,M09,Case Manager,2,Full-time,2024-08-19,0.9,Under 30,29.0,8.3,42,83.6,1,1,0,
E10471,2025Q3,S2,M07,Nurse,2,Part-time,2024-08-10,0.9,40-49,51.5,21.4,19,27.1,1,,0,
E10472,2025Q3,S2,M07,Intake Coordinator,1,Part-time,2024-09-14,0.8,50+,24.25,7.9,0,0.0,0,2,0,
E10473,2025Q3,S2,M09,Nurse,3,Full-time,2024-08-27,0.8,50+,48.5,6.7,30,63.6,0,3,1,
E10474,2025Q3,S2,M07,Driver,1,Part-time,2024-09-02,0.8,40-49,23.25,8.9,0,12.5,1,5,0,
E10522,2025Q3,S2,M06,Home Health Aide,1,Part-time,2024-12-08,0.6,50+,21.25,11.5,8,6.2,0,4,0,
E10524,2025Q3,S2,M10,Nurse,3,Full-time,2024-10-25,0.7,40-49,54.0,12.1,21,31.7,0,,1,
E10577,2025Q3,S2,M07,Home Health Aide,1,Full-time,2025-02-25,0.3,50+,20.5,3.5,17,23.9,0,2,0,
E10578,2025Q3,S2,M07,Home Health Aide,1,Part-time,2025-02-23,0.4,30-39,21.75,4.4,15,37.7,1,,0,
E10580,2025Q3,S2,M06,Home Health Aide,1,Part-time,2025-01-18,0.4,30-39,23.75,7.4,17,16.4,0,,0,
E10620,2025Q3,S2,M07,Case Manager,2,Full-time,2025-05-12,0.1,Under 30,30.0,2.7,36,68.7,0,,0,
E10621,2025Q3,S2,M07,Home Health Aide,1,Part-time,2025-05-30,0.1,30-39,22.0,23.8,13,8.2,1,4,0,
E10622,2025Q3,S2,M07,Home Health Aide,1,Full-time,2025-06-12,0.1,Under 30,22.25,3.1,24,31.8,1,4,0,
E10623,2025Q3,S2,M08,Intake Coordinator,1,Full-time,2025-06-02,0.1,40-49,26.25,3.1,0,53.1,0,,0,
E10625,2025Q3,S2,M07,Home Health Aide,1,Full-time,2025-04-29,0.2,40-49,21.0,4.8,24,59.6,0,3,0,
E10627,2025Q3,S2,M09,Case Manager,2,Full-time,2025-04-08,0.2,30-39,34.75,9.3,39,85.3,0,2,1,Workload or schedule
E10043,2025Q3,S2,M10,Home Health Aide,1,Full-time,2015-03-06,10.3,30-39,25.0,15.2,18,61.5,0,,0,
E10544,2025Q3,S2,M10,Supervisor,3,Full-time,2024-10-15,0.7,40-49,41.5,16.6,0,36.7,0,2,0,
E10654,2025Q3,S2,M10,Case Manager,2,Full-time,2025-07-14,0.0,30-39,32.0,5.5,40,43.0,0,1,0,
E10655,2025Q3,S2,M08,Home Health Aide,1,Part-time,2025-08-27,0.0,Under 30,20.0,8.0,10,8.4,0,2,0,
E10656,2025Q3,S2,M07,Case Manager,2,Full-time,2025-08-17,0.0,40-49,29.25,5.8,45,78.7,0,,1,Relocation
E10657,2025Q3,S2,M10,Home Health Aide,1,Part-time,2025-09-15,0.0,Under 30,22.0,10.0,12,10.9,0,3,0,
E10658,2025Q3,S2,M07,Intake Coordinator,1,Full-time,2025-09-17,0.0,30-39,25.25,6.8,0,36.8,1,4,0,
E10659,2025Q3,S2,M06,Intake Coordinator,1,Full-time,2025-07-17,0.0,30-39,23.75,13.5,0,30.7,0,3,0,
E10660,2025Q3,S2,M08,Home Health Aide,1,Part-time,2025-08-09,0.0,40-49,21.25,16.9,12,0.0,0,,0,
E10661,2025Q3,S2,M07,Case Manager,2,Part-time,2025-07-06,0.0,30-39,28.0,13.0,25,14.0,0,4,0,
E10662,2025Q3,S2,M08,Home Health Aide,1,Part-time,2025-08-15,0.0,Under 30,22.0,6.8,18,40.0,0,,0,
E10663,2025Q3,S2,M06,Nurse,2,Full-time,2025-07-19,0.0,50+,50.75,8.0,33,78.0,0,,0,
E10664,2025Q3,S2,M08,Intake Coordinator,1,Full-time,2025-08-21,0.0,50+,23.0,19.1,0,41.0,0,1,1,Retirement
E10665,2025Q3,S2,M06,Home Health Aide,1,Part-time,2025-08-14,0.0,Under 30,20.5,7.3,14,41.9,0,1,1,
E10137,2025Q3,S3,M12,Home Health Aide,2,Full-time,2019-02-21,6.4,50+,20.5,7.4,14,41.5,0,,0,
E10138,2025Q3,S3,M14,Case Manager,3,Full-time,2022-06-23,3.0,Under 30,28.75,23.1,32,50.8,0,,1,
E10140,2025Q3,S3,M14,Nurse,3,Full-time,2022-07-07,3.0,40-49,49.25,22.6,20,29.3,0,3,0,
E10144,2025Q3,S3,M11,Home Health Aide,1,Part-time,2014-11-30,10.6,Under 30,20.5,6.1,12,22.2,0,4,1,Relocation
E10146,2025Q3,S3,M14,Home Health Aide,2,Full-time,2018-07-13,7.0,40-49,22.25,25.1,18,25.7,0,,0,
E10148,2025Q3,S3,M11,Driver,1,Full-time,2020-06-23,5.0,Under 30,23.25,24.2,0,48.3,1,,0,
E10149,2025Q3,S3,M14,Admin,1,Full-time,2023-06-07,2.1,40-49,26.25,14.6,0,56.4,0,,0,
E10152,2025Q3,S3,M11,Intake Coordinator,1,Full-time,2023-06-03,2.1,30-39,22.25,4.9,0,31.6,1,3,0,
E10156,2025Q3,S3,M12,Home Health Aide,1,Part-time,2018-07-14,7.0,40-49,22.5,30.9,14,2.8,1,4,0,
E10157,2025Q3,S3,M13,Home Health Aide,2,Part-time,2018-07-18,7.0,30-39,22.5,5.4,12,3.1,1,4,0,
E10158,2025Q3,S3,M13,Case Manager,3,Full-time,2020-10-15,4.7,50+,28.25,5.2,41,70.3,0,,1,
E10159,2025Q3,S3,M11,Home Health Aide,1,Full-time,2010-05-30,15.1,Under 30,25.75,2.7,13,44.1,0,4,0,
E10160,2025Q3,S3,M12,Driver,1,Part-time,2020-10-23,4.7,40-49,19.75,8.3,0,24.3,0,,0,
E10161,2025Q3,S3,M11,Supervisor,4,Full-time,2022-08-28,2.8,50+,37.0,4.6,0,45.0,0,1,0,
E10162,2025Q3,S3,M13,Home Health Aide,1,Full-time,2021-08-04,3.9,Under 30,18.0,8.1,16,58.1,0,,0,
E10164,2025Q3,S3,M13,Case Manager,3,Full-time,2022-03-20,3.3,30-39,30.0,5.8,39,58.5,0,,1,
E10165,2025Q3,S3,M11,Driver,1,Full-time,2021-11-03,3.7,30-39,22.75,15.8,0,57.9,1,3,0,
E10169,2025Q3,S3,M12,Home Health Aide,2,Part-time,2019-10-18,5.7,Under 30,21.25,8.2,14,18.4,0,,0,
E10172,2025Q3,S3,M14,Intake Coordinator,1,Full-time,2021-05-27,4.1,50+,24.5,6.8,0,51.3,0,3,0,
E10176,2025Q3,S3,M11,Nurse,3,Full-time,2021-12-30,3.5,50+,54.25,3.1,26,58.4,1,,0,
E10182,2025Q3,S3,M13,Supervisor,4,Full-time,2023-04-26,2.2,Under 30,41.5,10.5,0,49.0,1,2,0,
E10185,2025Q3,S3,M12,Supervisor,4,Full-time,2020-06-18,5.0,50+,36.5,8.3,0,56.0,0,2,1,Retirement
E10186,2025Q3,S3,M14,Nurse,4,Part-time,2020-03-25,5.3,Under 30,49.5,13.7,10,0.1,1,2,0,
E10187,2025Q3,S3,M12,Case Manager,2,Full-time,2016-10-10,8.7,Under 30,29.75,9.5,41,61.3,0,2,0,
E10189,2025Q3,S3,M13,Home Health Aide,1,Part-time,2022-01-18,3.4,50+,20.0,6.6,9,49.9,0,,0,
E10437,2025Q3,S3,M13,Home Health Aide,1,Full-time,2024-04-05,1.2,Under 30,18.75,5.5,13,5.4,1,3,0,
E10438,2025Q3,S3,M14,Home Health Aide,1,Full-time,2024-04-06,1.2,40-49,18.25,21.6,19,32.7,0,,0,
E10466,2025Q3,S3,M11,Home Health Aide,1,Part-time,2024-07-01,1.0,50+,20.25,19.0,20,48.2,0,2,0,
E10514,2025Q3,S3,M11,Nurse,2,Full-time,2024-10-01,0.7,30-39,50.5,7.0,28,57.3,0,,0,
E10516,2025Q3,S3,M13,Home Health Aide,1,Part-time,2024-10-01,0.7,40-49,20.75,9.9,11,6.9,0,,0,
E10528,2025Q3,S3,M13,Home Health Aide,1,Full-time,2024-10-24,0.7,40-49,17.75,10.6,21,81.2,0,2,0,
E10529,2025Q3,S3,M11,Nurse,3,Full-time,2024-11-23,0.6,40-49,48.75,18.0,28,54.5,0,3,1,Pay
E10530,2025Q3,S3,M14,Nurse,2,Full-time,2024-10-17,0.7,40-49,49.0,8.3,14,23.0,1,2,0,
E10533,2025Q3,S3,M13,Home Health Aide,1,Full-time,2024-11-30,0.6,30-39,21.0,4.1,25,57.7,0,,0,
E10534,2025Q3,S3,M11,Case Manager,2,Full-time,2024-11-04,0.7,40-49,28.0,7.2,29,39.2,1,3,0,
E10536,2025Q3,S3,M12,Home Health Aide,1,Full-time,2024-10-01,0.7,30-39,19.5,7.2,20,43.6,0,,0,
E10537,2025Q3,S3,M13,Driver,1,Part-time,2024-11-02,0.7,30-39,20.25,20.5,0,40.3,1,,0,
E10565,2025Q3,S3,M14,Case Manager,2,Full-time,2025-01-01,0.5,Under 30,29.0,37.7,33,59.0,0,2,0,
E10570,2025Q3,S3,M13,Home Health Aide,1,Full-time,2025-01-01,0.5,40-49,19.75,8.7,12,34.8,0,3,0,
E10572,2025Q3,S3,M13,Intake Coordinator,1,Full-time,2025-01-01,0.5,40-49,22.25,3.5,0,54.2,0,3,0,
E10582,2025Q3,S3,M12,Case Manager,2,Full-time,2025-03-09,0.3,40-49,26.75,16.8,38,67.0,0,1,0,
E10583,2025Q3,S3,M12,Home Health Aide,1,Part-time,2025-01-04,0.5,30-39,18.5,11.2,13,29.0,0,,0,
E10585,2025Q3,S3,M13,Home Health Aide,1,Full-time,2025-01-05,0.5,Under 30,21.0,19.7,22,41.8,0,,0,
E10586,2025Q3,S3,M14,Driver,1,Full-time,2025-03-04,0.3,30-39,23.75,9.0,0,22.3,0,2,0,
E10629,2025Q3,S3,M11,Nurse,2,Full-time,2025-04-28,0.2,Under 30,46.75,10.9,25,54.8,0,2,1,Workload or schedule
E10630,2025Q3,S3,M14,Home Health Aide,1,Full-time,2025-04-19,0.2,30-39,18.0,6.0,18,32.1,0,,0,
E10631,2025Q3,S3,M11,Nurse,2,Full-time,2025-04-17,0.2,40-49,50.25,22.2,29,98.7,1,1,0,
E10632,2025Q3,S3,M13,Home Health Aide,1,Full-time,2025-06-18,0.0,40-49,18.5,17.7,13,23.9,0,1,0,
E10633,2025Q3,S3,M12,Home Health Aide,1,Full-time,2025-04-19,0.2,40-49,21.25,20.1,13,54.7,0,,0,
E10265,2025Q3,S3,M14,Case Manager,3,Full-time,2016-10-01,8.7,30-39,34.25,12.8,23,37.6,0,,0,
E10666,2025Q3,S3,M14,Driver,1,Part-time,2025-07-10,0.0,40-49,19.75,6.0,0,18.5,1,,0,
E10667,2025Q3,S3,M11,Home Health Aide,1,Full-time,2025-09-15,0.0,40-49,19.75,7.4,19,54.1,0,,1,Career change
E10192,2025Q3,S4,M18,Admin,2,Full-time,2020-07-28,4.9,30-39,25.0,7.6,0,24.1,0,,0,
E10193,2025Q3,S4,M17,Case Manager,2,Full-time,2018-04-28,7.2,50+,30.0,26.9,30,9.6,1,4,0,
E10195,2025Q3,S4,M18,Driver,1,Full-time,2023-02-01,2.4,Under 30,21.75,41.3,0,16.9,0,4,1,Personal or family
E10196,2025Q3,S4,M15,Driver,1,Full-time,2017-04-03,8.2,40-49,27.0,20.1,0,6.3,0,4,0,
E10199,2025Q3,S4,M16,Nurse,2,Full-time,2018-06-11,7.1,30-39,49.0,11.0,18,3.9,0,4,0,
E10200,2025Q3,S4,M15,Home Health Aide,1,Part-time,2022-04-20,3.2,Under 30,19.5,31.8,8,0.0,1,4,0,
E10201,2025Q3,S4,M16,Admin,3,Full-time,2021-06-23,4.0,Under 30,28.25,3.3,0,30.8,1,3,0,
E10203,2025Q3,S4,M15,Nurse,3,Part-time,2022-09-29,2.8,Under 30,48.5,27.3,10,0.0,0,3,0,
E10205,2025Q3,S4,M16,Home Health Aide,2,Part-time,2000-11-26,24.6,40-49,26.0,53.6,9,2.7,0,3,0,
E10206,2025Q3,S4,M15,Case Manager,3,Full-time,2022-07-13,3.0,40-49,28.5,23.3,23,7.0,0,4,0,
E10207,2025Q3,S4,M15,Home Health Aide,1,Full-time,2023-03-08,2.3,50+,22.5,21.5,17,4.9,1,4,0,
E10209,2025Q3,S4,M15,Intake Coordinator,1,Full-time,2020-04-08,5.2,40-49,26.0,1.4,0,15.8,0,4,0,
E10210,2025Q3,S4,M17,Driver,2,Full-time,2023-02-18,2.4,50+,21.75,14.8,0,16.1,1,4,0,
E10211,2025Q3,S4,M18,Nurse,3,Full-time,2019-02-24,6.3,Under 30,50.25,9.0,19,19.7,1,4,0,
E10212,2025Q3,S4,M16,Case Manager,3,Full-time,2023-10-13,1.7,50+,29.0,27.8,22,6.6,1,3,1,
E10213,2025Q3,S4,M18,Home Health Aide,1,Full-time,2022-05-13,3.1,30-39,21.5,15.2,14,5.8,0,4,0,
E10216,2025Q3,S4,M18,Home Health Aide,1,Full-time,2016-02-19,9.4,50+,24.5,9.4,14,18.8,0,,0,
E10217,2025Q3,S4,M18,Nurse,2,Full-time,2017-08-08,7.9,40-49,65.0,67.5,18,35.0,1,,0,
E10218,2025Q3,S4,M17,Home Health Aide,2,Part-time,2012-04-03,13.2,40-49,24.0,13.6,10,0.0,0,3,1,Personal or family
E10219,2025Q3,S4,M17,Intake Coordinator,3,Full-time,2020-11-29,4.6,30-39,25.5,1.7,0,21.3,0,4,0,
E10220,2025Q3,S4,M15,Supervisor,4,Full-time,2017-09-02,7.8,Under 30,45.5,4.2,0,28.4,1,,0,
E10222,2025Q3,S4,M18,Case Manager,2,Full-time,2019-02-01,6.4,40-49,32.0,8.1,28,22.4,0,3,0,
E10226,2025Q3,S4,M16,Case Manager,3,Full-time,2022-11-09,2.6,50+,32.0,10.7,36,26.3,1,3,0,
E10227,2025Q3,S4,M18,Case Manager,2,Full-time,2022-02-01,3.4,30-39,28.5,12.1,36,36.9,0,,0,
E10228,2025Q3,S4,M17,Home Health Aide,1,Full-time,2020-08-12,4.9,Under 30,20.5,9.0,19,31.0,1,3,0,
E10230,2025Q3,S4,M18,Admin,3,Part-time,2017-12-05,7.6,50+,28.5,8.7,0,3.1,0,,1,Workload or schedule
E10232,2025Q3,S4,M16,Driver,2,Full-time,2022-04-14,3.2,40-49,19.5,19.8,0,9.6,1,3,0,
E10233,2025Q3,S4,M17,Case Manager,3,Full-time,2013-01-14,12.5,30-39,32.5,7.6,26,18.1,0,3,0,
E10234,2025Q3,S4,M15,Home Health Aide,1,Full-time,2015-02-04,10.4,30-39,23.0,32.8,15,20.7,1,3,0,
E10237,2025Q3,S4,M15,Admin,3,Full-time,2021-08-15,3.9,30-39,28.5,10.1,0,18.7,0,4,0,
E10240,2025Q3,S4,M17,Nurse,2,Full-time,2021-07-21,3.9,50+,50.0,19.0,21,14.7,1,,0,
E10425,2025Q3,S4,M17,Intake Coordinator,1,Full-time,2024-04-01,1.2,30-39,20.75,4.4,0,8.8,1,4,0,
E10440,2025Q3,S4,M16,Case Manager,2,Full-time,2024-04-13,1.2,Under 30,28.0,11.0,28,27.4,1,4,0,
E10456,2025Q3,S4,M17,Intake Coordinator,2,Full-time,2024-07-01,1.0,Under 30,25.25,7.3,0,13.0,0,4,0,
E10460,2025Q3,S4,M17,Nurse,3,Full-time,2024-07-01,1.0,30-39,50.25,30.2,15,16.0,0,4,0,
E10482,2025Q3,S4,M17,Home Health Aide,1,Part-time,2024-09-10,0.8,40-49,20.75,21.7,8,0.0,0,,0,
E10483,2025Q3,S4,M16,Case Manager,2,Full-time,2024-07-13,1.0,Under 30,29.0,47.7,31,30.2,0,3,0,
E10517,2025Q3,S4,M18,Admin,1,Full-time,2024-10-01,0.7,Under 30,24.25,17.6,0,11.8,1,3,0,
E10538,2025Q3,S4,M16,Home Health Aide,1,Part-time,2024-10-23,0.7,50+,17.25,11.0,19,2.6,1,,0,
E10562,2025Q3,S4,M18,Nurse,2,Full-time,2025-01-01,0.5,30-39,44.75,5.4,22,28.6,0,2,0,
E10563,2025Q3,S4,M17,Nurse,2,Full-time,2025-01-01,0.5,30-39,49.5,13.3,23,30.0,0,,0,
E10590,2025Q3,S4,M17,Driver,1,Full-time,2025-01-29,0.4,30-39,22.0,7.0,0,13.9,0,2,0,
E10591,2025Q3,S4,M16,Intake Coordinator,1,Full-time,2025-03-09,0.3,Under 30,19.75,7.5,0,21.1,0,3,0,
E10593,2025Q3,S4,M17,Intake Coordinator,1,Full-time,2025-01-19,0.4,50+,22.75,7.0,0,16.3,1,4,0,
E10066,2025Q3,S4,M17,Case Manager,3,Full-time,2018-01-31,7.4,Under 30,31.5,6.4,26,20.1,0,3,0,
E10634,2025Q3,S4,M17,Home Health Aide,1,Full-time,2025-04-27,0.2,50+,20.5,13.0,21,27.0,1,3,0,
E10626,2025Q3,S4,M18,Nurse,2,Full-time,2025-04-04,0.2,Under 30,52.0,17.3,32,31.6,0,2,0,
E10668,2025Q3,S4,M17,Supervisor,3,Full-time,2025-07-23,0.0,30-39,36.0,5.9,0,16.5,1,,0,
E10669,2025Q3,S4,M16,Home Health Aide,1,Full-time,2025-09-07,0.0,Under 30,19.25,16.9,21,15.1,0,3,0,
E10242,2025Q3,S5,M20,Nurse,4,Full-time,2017-02-05,8.4,30-39,56.25,31.5,21,54.4,0,,0,
E10243,2025Q3,S5,M20,Nurse,3,Full-time,2019-06-02,6.1,30-39,57.0,13.7,29,66.2,0,,0,
E10244,2025Q3,S5,M22,Nurse,2,Full-time,2022-01-09,3.5,40-49,50.5,9.7,22,31.8,1,3,0,
E10245,2025Q3,S5,M21,Home Health Aide,1,Part-time,2023-09-09,1.8,40-49,20.25,33.0,8,17.6,0,2,0,
E10248,2025Q3,S5,M19,Nurse,2,Full-time,2016-08-29,8.8,Under 30,55.25,35.4,23,45.6,0,,0,
E10260,2025Q3,S5,M22,Admin,2,Part-time,2023-09-26,1.8,30-39,23.5,15.7,0,36.2,0,,1,
E10263,2025Q3,S5,M21,Home Health Aide,2,Part-time,2019-04-12,6.2,40-49,22.0,7.9,11,21.9,0,3,0,
E10268,2025Q3,S5,M19,Case Manager,2,Full-time,2022-02-22,3.4,40-49,30.75,6.8,47,97.2,0,1,0,
E10271,2025Q3,S5,M19,Home Health Aide,1,Full-time,2021-03-26,4.3,Under 30,19.25,16.6,18,47.1,0,1,0,
E10278,2025Q3,S5,M19,Case Manager,2,Full-time,2022-08-26,2.8,Under 30,31.75,2.9,31,78.4,0,,1,
E10281,2025Q3,S5,M22,Driver,1,Part-time,2018-10-19,6.7,40-49,23.5,3.8,0,7.7,0,2,0,
E10282,2025Q3,S5,M20,Admin,1,Full-time,2019-12-27,5.5,30-39,31.5,18.8,0,31.9,0,,0,
E10286,2025Q3,S5,M22,Home Health Aide,1,Part-time,2023-07-24,1.9,30-39,20.75,19.5,18,17.6,0,4,0,
E10441,2025Q3,S5,M20,Driver,1,Full-time,2024-04-22,1.2,30-39,19.0,9.8,0,44.5,1,,0,
E10486,2025Q3,S5,M19,Nurse,2,Full-time,2024-09-02,0.8,40-49,47.25,3.5,23,38.1,0,3,1,Workload or schedule
E10487,2025Q3,S5,M21,Nurse,3,Full-time,2024-08-13,0.9,50+,48.5,13.4,22,52.6,0,,1,Workload or schedule
E10488,2025Q3,S5,M22,Nurse,2,Full-time,2024-08-10,0.9,30-39,46.5,8.6,16,24.1,0,3,0,
E10489,2025Q3,S5,M22,Home Health Aide,2,Part-time,2024-08-08,0.9,40-49,20.5,30.1,10,10.1,0,2,0,
E10491,2025Q3,S5,M22,Case Manager,2,Full-time,2024-07-16,1.0,30-39,27.5,23.0,45,69.2,0,1,0,
E10492,2025Q3,S5,M20,Case Manager,2,Full-time,2024-08-25,0.8,40-49,29.5,31.3,26,35.3,0,4,0,
E10539,2025Q3,S5,M22,Intake Coordinator,1,Full-time,2024-11-20,0.6,30-39,22.75,20.2,0,18.8,0,3,0,
E10540,2025Q3,S5,M21,Home Health Aide,1,Full-time,2024-10-29,0.7,50+,19.75,11.9,15,52.5,1,,0,
E10541,2025Q3,S5,M19,Home Health Aide,1,Full-time,2024-10-03,0.7,50+,19.25,11.3,25,46.3,0,2,0,
E10543,2025Q3,S5,M19,Case Manager,2,Full-time,2024-11-30,0.6,30-39,27.25,12.9,25,11.2,0,2,0,
E10545,2025Q3,S5,M19,Case Manager,2,Full-time,2024-12-01,0.6,30-39,26.0,24.6,36,45.4,1,,0,
E10546,2025Q3,S5,M19,Home Health Aide,1,Full-time,2024-10-15,0.7,40-49,21.75,8.0,21,42.1,0,4,1,
E10571,2025Q3,S5,M21,Home Health Aide,1,Part-time,2025-01-01,0.5,50+,18.5,6.0,13,36.5,0,,0,
E10594,2025Q3,S5,M20,Driver,1,Full-time,2025-02-26,0.3,30-39,21.25,15.2,0,29.5,0,,0,
E10596,2025Q3,S5,M19,Home Health Aide,1,Part-time,2025-03-14,0.3,Under 30,20.75,15.1,19,49.5,0,3,0,
E10597,2025Q3,S5,M19,Nurse,2,Full-time,2025-03-10,0.3,30-39,46.75,4.0,31,69.2,1,,0,
E10599,2025Q3,S5,M22,Supervisor,3,Full-time,2025-01-19,0.4,Under 30,35.25,10.3,0,65.8,1,,1,Career change
E10100,2025Q3,S5,M19,Home Health Aide,1,Full-time,2022-10-11,2.7,40-49,19.75,3.6,26,61.9,0,3,0,
E10637,2025Q3,S5,M20,Admin,2,Full-time,2025-05-09,0.1,50+,24.25,8.7,0,47.8,0,4,0,
E10638,2025Q3,S5,M19,Case Manager,2,Full-time,2025-04-27,0.2,50+,28.75,5.8,36,31.1,1,,1,Workload or schedule
E10640,2025Q3,S5,M22,Home Health Aide,1,Full-time,2025-04-29,0.2,40-49,19.25,10.8,16,13.5,1,4,0,
E10641,2025Q3,S5,M19,Nurse,3,Full-time,2025-04-19,0.2,40-49,46.75,30.5,18,18.1,0,3,0,
E10060,2025Q3,S5,M21,Supervisor,4,Full-time,2021-06-17,4.0,40-49,35.25,5.9,0,29.2,0,3,0,
E10461,2025Q3,S5,M22,Nurse,3,Full-time,2024-07-01,1.0,30-39,51.25,5.5,33,57.4,0,2,0,
E10484,2025Q3,S5,M20,Case Manager,2,Full-time,2024-07-02,1.0,40-49,30.75,13.1,28,61.1,0,3,0,
E10670,2025Q3,S5,M19,Home Health Aide,1,Full-time,2025-08-15,0.0,30-39,20.25,5.0,21,52.2,0,1,0,
E10671,2025Q3,S5,M21,Case Manager,2,Full-time,2025-07-15,0.0,30-39,26.5,5.7,24,40.6,0,2,0,
E10672,2025Q3,S5,M19,Supervisor,3,Full-time,2025-08-25,0.0,50+,36.25,17.2,0,30.6,0,,0,
E10673,2025Q3,S5,M20,Driver,1,Full-time,2025-09-01,0.0,40-49,21.0,20.1,0,35.0,1,1,0,
E10674,2025Q3,S5,M22,Supervisor,3,Full-time,2025-08-09,0.0,50+,42.25,7.3,0,61.5,0,,1,
E10675,2025Q3,S5,M21,Home Health Aide,1,Full-time,2025-08-16,0.0,30-39,19.75,10.3,29,74.4,0,,0,
E10676,2025Q3,S5,M20,Driver,1,Full-time,2025-08-05,0.0,30-39,19.0,22.9,0,39.7,0,2,0,
E10293,2025Q3,S6,M25,Intake Coordinator,3,Full-time,2022-02-13,3.4,50+,22.25,12.0,0,44.2,1,,0,
E10296,2025Q3,S6,M24,Intake Coordinator,3,Full-time,2022-02-18,3.4,50+,23.75,5.2,0,23.4,0,5,0,
E10298,2025Q3,S6,M24,Admin,1,Full-time,2019-04-21,6.2,40-49,26.0,12.0,0,35.4,1,5,0,
E10308,2025Q3,S6,M23,Nurse,3,Full-time,2023-03-24,2.3,Under 30,50.0,105.2,23,47.8,1,1,0,
E10309,2025Q3,S6,M23,Home Health Aide,1,Part-time,2023-10-16,1.7,Under 30,19.5,108.2,6,25.1,0,3,0,
E10310,2025Q3,S6,M25,Driver,1,Part-time,2023-05-03,2.2,40-49,17.5,17.6,0,21.5,0,3,0,
E10311,2025Q3,S6,M23,Supervisor,4,Full-time,2017-07-06,8.0,30-39,40.25,10.3,0,41.0,0,2,0,
E10313,2025Q3,S6,M25,Home Health Aide,1,Part-time,2012-05-08,13.1,Under 30,22.5,13.3,13,32.0,0,,0,
E10314,2025Q3,S6,M24,Nurse,2,Part-time,2021-11-28,3.6,50+,54.25,13.3,9,0.0,0,,0,
E10316,2025Q3,S6,M25,Home Health Aide,1,Full-time,2022-05-05,3.2,30-39,20.5,46.7,25,73.0,0,,0,
E10320,2025Q3,S6,M25,Home Health Aide,1,Full-time,2021-12-10,3.6,50+,20.25,43.3,11,19.6,0,4,0,
E10321,2025Q3,S6,M23,Driver,1,Full-time,2018-10-22,6.7,50+,23.0,34.2,0,36.0,0,3,0,
E10323,2025Q3,S6,M23,Home Health Aide,1,Part-time,2019-06-08,6.1,40-49,19.5,12.4,21,45.3,0,4,0,
E10324,2025Q3,S6,M24,Home Health Aide,1,Full-time,2019-11-16,5.6,Under 30,20.25,5.6,22,53.0,1,5,0,
E10325,2025Q3,S6,M25,Driver,2,Full-time,2023-05-30,2.1,30-39,20.0,23.8,0,33.2,0,2,0,
E10328,2025Q3,S6,M25,Admin,2,Full-time,2013-05-14,12.1,50+,31.0,40.5,0,34.3,0,2,0,
E10329,2025Q3,S6,M24,Driver,2,Full-time,2013-02-08,12.4,30-39,23.25,21.6,0,25.5,0,,0,
E10330,2025Q3,S6,M25,Home Health Aide,1,Part-time,2017-05-03,8.2,40-49,22.25,9.1,5,0.0,0,,0,
E10332,2025Q3,S6,M23,Home Health Aide,1,Full-time,2023-06-05,2.1,50+,19.5,6.0,18,53.9,1,3,0,
E10333,2025Q3,S6,M25,Home Health Aide,2,Part-time,2017-03-13,8.3,Under 30,22.75,10.5,10,13.0,0,,0,
E10334,2025Q3,S6,M25,Nurse,2,Full-time,2023-08-27,1.8,40-49,46.5,14.4,23,34.1,1,3,0,
E10447,2025Q3,S6,M24,Supervisor,3,Full-time,2024-05-06,1.2,50+,33.5,10.9,0,23.5,1,4,0,
E10448,2025Q3,S6,M23,Case Manager,2,Full-time,2024-06-18,1.0,40-49,26.0,34.5,29,35.7,1,3,0,
E10494,2025Q3,S6,M23,Admin,1,Part-time,2024-07-03,1.0,30-39,25.0,20.1,0,15.9,0,,0,
E10495,2025Q3,S6,M25,Home Health Aide,1,Part-time,2024-08-15,0.9,Under 30,19.0,12.8,15,18.6,0,3,0,
E10496,2025Q3,S6,M23,Case Manager,2,Full-time,2024-08-08,0.9,30-39,28.75,46.3,33,36.3,1,3,0,
E10498,2025Q3,S6,M25,Driver,1,Full-time,2024-09-12,0.8,Under 30,20.0,14.8,0,24.8,0,,0,
E10499,2025Q3,S6,M25,Nurse,2,Full-time,2024-07-27,0.9,Under 30,44.0,7.8,17,37.5,0,4,0,
E10511,2025Q3,S6,M25,Case Manager,2,Full-time,2024-10-01,0.7,30-39,27.5,16.7,19,15.6,0,,0,
E10512,2025Q3,S6,M23,Admin,1,Full-time,2024-10-01,0.7,30-39,26.0,20.1,0,0.0,1,3,0,
E10548,2025Q3,S6,M23,Home Health Aide,1,Part-time,2024-10-14,0.7,30-39,19.0,8.5,16,27.5,0,,0,
E10569,2025Q3,S6,M24,Home Health Aide,1,Full-time,2025-01-01,0.5,50+,17.5,18.1,21,49.3,0,3,1,Pay
E10602,2025Q3,S6,M23,Nurse,2,Full-time,2025-02-15,0.4,50+,40.25,19.2,21,55.6,0,2,0,
E10603,2025Q3,S6,M23,Driver,1,Part-time,2025-03-15,0.3,50+,21.25,40.1,0,7.6,0,,0,
E10592,2025Q3,S6,M23,Admin,1,Part-time,2025-03-11,0.3,50+,23.25,7.0,0,8.3,1,3,0,
E10677,2025Q3,S6,M24,Case Manager,2,Full-time,2025-07-13,0.0,50+,25.5,39.4,27,17.4,0,4,0,
E10678,2025Q3,S6,M23,Driver,1,Full-time,2025-09-16,0.0,50+,19.5,19.8,0,53.9,1,1,1,
E10679,2025Q3,S6,M25,Case Manager,2,Full-time,2025-09-13,0.0,50+,25.5,17.5,38,81.0,1,2,0,
E10680,2025Q3,S6,M23,Nurse,2,Part-time,2025-07-13,0.0,40-49,44.5,6.4,12,0.0,0,2,0,
E10681,2025Q3,S6,M23,Home Health Aide,1,Part-time,2025-08-13,0.0,30-39,17.5,11.6,9,10.4,0,,0,
E10682,2025Q3,S6,M23,Nurse,3,Full-time,2025-07-22,0.0,Under 30,44.5,25.1,27,59.2,0,2,0,
E10683,2025Q3,S6,M25,Nurse,2,Part-time,2025-07-14,0.0,50+,49.25,12.2,14,36.6,0,1,0,
E10336,2025Q3,S7,M28,Driver,1,Full-time,2018-10-03,6.7,50+,20.75,25.2,0,16.6,0,4,0,
E10338,2025Q3,S7,M27,Driver,2,Part-time,2022-04-10,3.2,50+,19.75,10.2,0,12.5,0,,0,
E10341,2025Q3,S7,M28,Case Manager,2,Full-time,2018-11-28,6.6,40-49,30.0,20.0,28,31.0,0,5,0,
E10346,2025Q3,S7,M27,Intake Coordinator,1,Full-time,2021-08-07,3.9,Under 30,22.25,18.8,0,17.7,0,,0,
E10348,2025Q3,S7,M28,Case Manager,2,Full-time,2023-03-19,2.3,40-49,26.5,6.6,19,13.3,0,3,0,
E10350,2025Q3,S7,M26,Case Manager,3,Full-time,2022-09-10,2.8,30-39,28.25,21.7,30,34.7,0,,0,
E10351,2025Q3,S7,M28,Home Health Aide,1,Full-time,2023-09-01,1.8,50+,18.5,13.1,18,27.9,0,4,1,Personal or family
E10355,2025Q3,S7,M28,Nurse,3,Full-time,2007-08-02,17.9,50+,58.75,16.7,18,17.0,0,,0,
E10358,2025Q3,S7,M28,Supervisor,4,Full-time,2006-02-18,19.4,30-39,47.0,38.4,0,13.2,1,5,0,
E10359,2025Q3,S7,M26,Supervisor,4,Full-time,2013-02-05,12.4,Under 30,46.5,19.6,0,13.9,0,3,0,
E10360,2025Q3,S7,M28,Case Manager,3,Full-time,2020-05-21,5.1,30-39,27.25,18.6,27,32.7,0,,0,
E10363,2025Q3,S7,M26,Nurse,2,Part-time,2022-07-05,3.0,40-49,47.25,18.1,9,0.0,0,5,0,
E10367,2025Q3,S7,M28,Home Health Aide,2,Part-time,2019-08-24,5.9,30-39,20.75,10.0,10,12.2,0,4,0,
E10371,2025Q3,S7,M26,Home Health Aide,1,Part-time,2021-11-26,3.6,30-39,19.75,13.9,11,16.3,0,4,0,
E10372,2025Q3,S7,M27,Nurse,2,Full-time,2023-05-23,2.1,40-49,44.0,43.3,17,25.8,0,4,0,
E10373,2025Q3,S7,M28,Nurse,4,Full-time,2022-01-21,3.4,40-49,49.75,26.6,20,20.1,1,4,0,
E10374,2025Q3,S7,M27,Nurse,2,Full-time,2023-11-07,1.6,40-49,46.0,34.1,20,21.0,1,4,0,
E10377,2025Q3,S7,M26,Nurse,3,Full-time,2023-02-25,2.3,Under 30,43.75,5.6,8,0.0,0,4,0,
E10424,2025Q3,S7,M26,Home Health Aide,1,Part-time,2024-04-01,1.2,50+,18.0,7.7,13,4.7,1,4,0,
E10459,2025Q3,S7,M27,Home Health Aide,1,Full-time,2024-07-01,1.0,30-39,20.25,11.7,24,49.9,1,,1,Career change
E10501,2025Q3,S7,M26,Supervisor,3,Full-time,2024-07-04,1.0,30-39,33.75,12.2,0,30.2,0,,1,
E10502,2025Q3,S7,M28,Case Manager,2,Full-time,2024-08-15,0.9,40-49,26.0,18.5,31,26.4,0,,0,
E10503,2025Q3,S7,M26,Case Manager,2,Full-time,2024-07-17,1.0,Under 30,27.0,22.6,25,16.9,0,3,0,
E10504,2025Q3,S7,M27,Nurse,2,Full-time,2024-07-11,1.0,40-49,46.5,18.6,23,11.0,0,,0,
E10505,2025Q3,S7,M27,Nurse,3,Part-time,2024-08-01,0.9,30-39,48.0,16.3,16,8.1,0,3,0,
E10515,2025Q3,S7,M27,Case Manager,2,Full-time,2024-10-01,0.7,40-49,27.0,11.4,33,22.8,1,3,0,
E10550,2025Q3,S7,M28,Case Manager,2,Full-time,2024-10-28,0.7,40-49,27.25,42.5,25,6.7,1,5,0,
E10551,2025Q3,S7,M27,Home Health Aide,1,Full-time,2024-10-08,0.7,30-39,19.5,38.8,17,10.4,0,3,0,
E10554,2025Q3,S7,M26,Home Health Aide,1,Full-time,2024-11-24,0.6,Under 30,18.75,28.6,20,33.8,0,1,1,
E10564,2025Q3,S7,M27,Home Health Aide,1,Part-time,2025-01-01,0.5,40-49,19.0,5.9,6,14.2,0,,0,
E10605,2025Q3,S7,M26,Admin,1,Full-time,2025-02-26,0.3,Under 30,21.75,11.5,0,25.3,1,,0,
E10607,2025Q3,S7,M28,Admin,2,Full-time,2025-01-15,0.5,40-49,23.0,21.5,0,19.5,0,,0,
E10608,2025Q3,S7,M28,Home Health Aide,1,Full-time,2025-03-13,0.3,40-49,19.0,37.0,15,10.9,1,4,0,
E10609,2025Q3,S7,M27,Supervisor,3,Full-time,2025-01-09,0.5,50+,38.25,48.7,0,22.7,0,4,0,
E10611,2025Q3,S7,M28,Intake Coordinator,1,Full-time,2025-02-23,0.4,50+,21.0,19.9,0,20.7,0,,0,
E10490,2025Q3,S7,M28,Admin,1,Full-time,2024-09-09,0.8,30-39,24.5,9.5,0,18.6,1,4,0,
E10642,2025Q3,S7,M27,Case Manager,2,Full-time,2025-04-26,0.2,40-49,27.5,3.5,23,11.1,1,,0,
E10643,2025Q3,S7,M27,Home Health Aide,1,Full-time,2025-04-12,0.2,50+,19.75,31.2,17,22.7,0,2,0,
E10644,2025Q3,S7,M27,Driver,1,Part-time,2025-06-04,0.1,30-39,17.25,30.5,0,14.9,1,1,0,
E10573,2025Q3,S7,M27,Home Health Aide,1,Part-time,2025-01-12,0.5,40-49,19.25,6.7,8,7.3,0,4,0,
E10130,2025Q3,S7,M27,Home Health Aide,2,Part-time,2019-02-18,6.4,30-39,21.0,11.5,10,0.0,0,4,0,
E10684,2025Q3,S7,M27,Home Health Aide,1,Full-time,2025-09-19,0.0,30-39,18.25,15.3,17,14.5,0,,0,
E10685,2025Q3,S7,M28,Intake Coordinator,1,Part-time,2025-09-04,0.0,Under 30,21.75,20.2,0,0.0,0,5,0,
E10686,2025Q3,S7,M28,Case Manager,2,Full-time,2025-07-01,0.0,40-49,26.5,83.9,24,18.0,1,2,0,
E10385,2025Q3,S8,M30,Home Health Aide,1,Part-time,2023-10-27,1.7,50+,19.25,84.4,14,11.5,0,4,0,
E10387,2025Q3,S8,M30,Home Health Aide,1,Part-time,2023-05-26,2.1,40-49,19.5,16.2,7,0.0,0,4,1,Pay
E10388,2025Q3,S8,M29,Nurse,3,Part-time,2022-03-23,3.3,Under 30,41.0,6.1,10,27.2,0,2,1,
E10389,2025Q3,S8,M30,Home Health Aide,2,Part-time,2022-08-11,2.9,Under 30,18.75,18.6,13,28.4,1,2,0,
E10390,2025Q3,S8,M30,Home Health Aide,1,Full-time,2010-06-08,15.1,50+,24.75,37.0,14,25.3,0,5,0,
E10391,2025Q3,S8,M31,Home Health Aide,2,Part-time,2022-07-13,3.0,30-39,20.0,79.9,13,4.5,1,,0,
E10393,2025Q3,S8,M29,Driver,2,Part-time,2023-01-02,2.5,30-39,19.25,36.8,0,23.2,0,,0,
E10394,2025Q3,S8,M31,Driver,2,Part-time,2022-07-04,3.0,Under 30,20.25,19.3,0,6.7,1,4,0,
E10395,2025Q3,S8,M30,Home Health Aide,2,Part-time,2023-01-26,2.4,40-49,20.5,17.9,6,3.1,1,,0,
E10398,2025Q3,S8,M29,Nurse,2,Full-time,2020-01-08,5.5,40-49,49.75,15.3,26,41.3,0,2,0,
E10399,2025Q3,S8,M31,Supervisor,3,Full-time,2023-07-28,1.9,Under 30,38.5,31.8,0,45.8,0,2,0,
E10402,2025Q3,S8,M30,Admin,1,Full-time,2016-09-12,8.8,30-39,24.25,8.9,0,41.4,0,4,0,
E10404,2025Q3,S8,M29,Nurse,2,Full-time,2022-09-12,2.8,50+,52.25,61.3,20,42.7,0,1,0,
E10406,2025Q3,S8,M30,Case Manager,2,Full-time,2013-10-30,11.7,30-39,32.75,4.2,30,44.4,1,,0,
E10407,2025Q3,S8,M29,Home Health Aide,2,Full-time,2023-07-14,2.0,40-49,21.0,11.5,18,68.4,0,,1,Pay
E10408,2025Q3,S8,M31,Nurse,2,Part-time,2023-09-28,1.8,Under 30,47.75,15.2,17,23.9,0,2,0,
E10411,2025Q3,S8,M29,Nurse,3,Full-time,2022-08-26,2.8,30-39,47.25,24.9,16,19.4,1,3,0,
E10412,2025Q3,S8,M29,Case Manager,2,Part-time,2021-07-01,4.0,30-39,29.75,49.5,14,15.1,1,3,0,
E10414,2025Q3,S8,M31,Admin,3,Part-time,2017-03-10,8.3,30-39,25.5,14.7,0,17.2,1,4,0,
E10416,2025Q3,S8,M30,Nurse,4,Full-time,2018-10-23,6.7,50+,45.25,11.3,13,9.2,0,4,0,
E10429,2025Q3,S8,M29,Intake Coordinator,2,Full-time,2024-04-01,1.2,40-49,20.25,7.6,0,57.0,0,1,1,
E10506,2025Q3,S8,M30,Supervisor,3,Full-time,2024-08-09,0.9,30-39,37.0,13.5,0,31.1,1,5,0,
E10508,2025Q3,S8,M30,Supervisor,3,Full-time,2024-08-25,0.8,Under 30,39.75,9.7,0,37.0,0,3,0,
E10556,2025Q3,S8,M29,Intake Coordinator,1,Full-time,2024-11-12,0.6,Under 30,21.5,19.4,0,51.5,0,3,0,
E10557,2025Q3,S8,M30,Nurse,2,Full-time,2024-12-18,0.5,30-39,48.75,28.8,23,31.7,0,4,0,
E10558,2025Q3,S8,M31,Home Health Aide,1,Full-time,2024-10-05,0.7,Under 30,20.25,25.2,22,39.8,0,1,0,
E10561,2025Q3,S8,M31,Nurse,2,Part-time,2024-11-13,0.6,Under 30,41.0,14.2,10,0.0,1,,0,
E10566,2025Q3,S8,M30,Admin,1,Part-time,2025-01-01,0.5,30-39,24.5,15.4,0,8.5,0,4,0,
E10613,2025Q3,S8,M31,Nurse,2,Full-time,2025-01-26,0.4,40-49,41.75,19.7,17,63.9,0,,1,Workload or schedule
E10614,2025Q3,S8,M31,Case Manager,2,Full-time,2025-02-01,0.4,40-49,25.75,10.6,28,43.2,1,3,0,
E10184,2025Q3,S8,M29,Admin,1,Part-time,2023-11-02,1.7,30-39,22.5,26.5,0,18.9,0,4,0,
E10645,2025Q3,S8,M30,Driver,1,Part-time,2025-04-20,0.2,50+,19.5,4.0,0,22.8,0,,0,
E10646,2025Q3,S8,M29,Nurse,3,Full-time,2025-04-17,0.2,Under 30,42.0,14.5,23,30.1,1,3,0,
E10647,2025Q3,S8,M30,Nurse,2,Part-time,2025-05-29,0.1,40-49,42.0,23.7,16,41.5,0,,0,
E10648,2025Q3,S8,M29,Case Manager,2,Full-time,2025-06-12,0.1,50+,24.25,29.6,29,26.9,1,2,0,
E10446,2025Q3,S8,M30,Home Health Aide,1,Part-time,2024-05-24,1.1,30-39,19.0,3.3,15,10.0,1,2,0,
E10687,2025Q3,S8,M30,Driver,1,Full-time,2025-07-21,0.0,40-49,20.0,19.7,0,49.1,0,4,0,
E10688,2025Q3,S8,M31,Nurse,2,Full-time,2025-07-09,0.0,Under 30,49.75,8.1,19,17.1,0,4,0,
E10689,2025Q3,S8,M29,Nurse,2,Full-time,2025-07-15,0.0,50+,43.5,47.3,18,36.8,0,,1,
E10001,2025Q4,S1,M03,Case Manager,2,Full-time,2021-08-03,4.2,50+,35.5,9.3,26,8.4,1,,0,
E10002,2025Q4,S1,M01,Case Manager,2,Full-time,2022-06-13,3.3,30-39,33.75,3.1,24,8.4,0,3,0,
E10003,2025Q4,S1,M01,Home Health Aide,2,Part-time,2011-05-25,14.4,40-49,28.75,17.1,18,20.2,0,3,0,
E10005,2025Q4,S1,M02,Nurse,2,Full-time,2022-10-30,2.9,Under 30,53.75,9.9,26,29.1,0,5,0,
E10006,2025Q4,S1,M05,Nurse,4,Full-time,2012-11-23,12.9,40-49,68.0,3.7,28,13.3,1,,0,
E10008,2025Q4,S1,M01,Supervisor,4,Full-time,2020-08-09,5.1,40-49,47.5,19.3,0,38.7,1,3,0,
E10011,2025Q4,S1,M05,Driver,1,Part-time,2023-12-31,1.8,30-39,22.25,4.8,0,5.3,1,4,0,
E10012,2025Q4,S1,M04,Admin,2,Full-time,2021-05-16,4.4,50+,26.25,5.8,0,7.1,0,,0,
E10015,2025Q4,S1,M01,Admin,1,Full-time,2019-12-01,5.8,Under 30,30.25,10.6,0,18.0,0,2,0,
E10016,2025Q4,S1,M05,Driver,2,Part-time,2019-12-28,5.8,Under 30,26.25,18.1,0,0.0,1,5,0,
E10017,2025Q4,S1,M04,Driver,1,Full-time,2022-12-06,2.8,30-39,24.25,2.6,0,26.3,1,3,0,
E10018,2025Q4,S1,M03,Driver,2,Part-time,2021-09-30,4.0,Under 30,26.0,8.6,0,12.5,1,,0,
E10019,2025Q4,S1,M05,Admin,1,Part-time,2023-04-23,2.4,30-39,28.75,5.1,0,0.0,0,4,0,
E10021,2025Q4,S1,M05,Home Health Aide,1,Full-time,2012-02-19,13.6,40-49,25.0,2.2,21,26.7,0,4,0,
E10022,2025Q4,S1,M02,Intake Coordinator,2,Full-time,2023-05-20,2.4,30-39,27.25,4.9,0,11.9,1,5,0,
E10023,2025Q4,S1,M02,Admin,3,Part-time,2020-02-05,5.7,30-39,32.75,6.3,0,0.0,1,4,0,
E10024,2025Q4,S1,M05,Home Health Aide,1,Part-time,2023-03-18,2.5,Under 30,22.0,5.1,9,9.6,1,4,0,
E10025,2025Q4,S1,M04,Case Manager,3,Full-time,2019-06-24,6.3,Under 30,33.0,10.7,28,36.1,1,4,0,
E10026,2025Q4,S1,M04,Nurse,3,Full-time,2019-02-17,6.6,40-49,62.5,7.5,29,25.1,1,4,0,
E10027,2025Q4,S1,M01,Nurse,4,Part-time,2022-12-13,2.8,Under 30,51.25,23.1,18,6.3,0,4,0,
E10028,2025Q4,S1,M01,Nurse,2,Full-time,2023-05-18,2.4,40-49,53.0,9.7,24,37.8,1,4,0,
E10029,2025Q4,S1,M01,Home Health Aide,1,Full-time,2022-03-20,3.5,50+,22.5,8.9,19,36.8,0,,1,Retirement
E10035,2025Q4,S1,M04,Nurse,2,Full-time,2022-12-23,2.8,40-49,53.0,16.2,21,18.1,0,3,0,
E10037,2025Q4,S1,M03,Supervisor,4,Full-time,2020-02-18,5.6,40-49,45.0,16.5,0,4.9,1,4,0,
E10038,2025Q4,S1,M03,Admin,1,Full-time,2022-09-11,3.1,40-49,27.25,10.9,0,28.0,1,4,0,
E10039,2025Q4,S1,M04,Case Manager,3,Full-time,2023-04-11,2.5,30-39,30.75,27.2,36,36.2,0,3,0,
E10040,2025Q4,S1,M01,Case Manager,2,Full-time,2018-09-10,7.1,Under 30,37.25,4.4,37,34.6,1,3,0,
E10041,2025Q4,S1,M03,Admin,3,Part-time,2016-04-30,9.4,40-49,30.75,10.1,0,20.1,0,4,0,
E10042,2025Q4,S1,M04,Supervisor,3,Full-time,2019-04-23,6.4,30-39,43.5,2.6,0,23.0,1,5,0,
E10044,2025Q4,S1,M05,Case Manager,2,Full-time,2020-07-17,5.2,30-39,32.75,5.0,35,30.1,1,4,0,
E10045,2025Q4,S1,M01,Home Health Aide,1,Full-time,2019-08-02,6.2,40-49,27.25,1.9,27,49.0,0,,0,
E10046,2025Q4,S1,M05,Nurse,3,Part-time,2023-08-30,2.1,30-39,50.0,3.4,11,0.0,1,4,0,
E10049,2025Q4,S1,M02,Driver,2,Full-time,2011-10-20,13.9,Under 30,29.0,5.0,0,9.5,1,5,0,
E10051,2025Q4,S1,M03,Nurse,2,Full-time,2023-03-14,2.6,40-49,52.75,3.7,30,23.6,1,1,0,
E10052,2025Q4,S1,M01,Nurse,3,Full-time,2020-09-02,5.1,40-49,57.5,5.6,24,35.4,0,2,0,
E10053,2025Q4,S1,M05,Case Manager,2,Full-time,2021-09-11,4.1,40-49,32.25,5.9,30,33.0,1,4,0,
E10054,2025Q4,S1,M03,Driver,1,Part-time,2012-03-07,13.6,30-39,26.5,5.3,0,7.4,0,3,0,
E10056,2025Q4,S1,M02,Intake Coordinator,3,Full-time,2018-08-14,7.1,50+,26.5,6.1,0,17.6,1,5,0,
E10057,2025Q4,S1,M02,Home Health Aide,2,Full-time,2023-07-08,2.2,30-39,21.75,11.2,16,11.2,1,5,0,
E10061,2025Q4,S1,M01,Home Health Aide,1,Full-time,2019-02-15,6.6,30-39,26.5,6.3,22,29.9,1,4,0,
E10062,2025Q4,S1,M03,Home Health Aide,1,Full-time,2023-06-07,2.3,30-39,19.25,37.1,17,10.3,1,3,0,
E10063,2025Q4,S1,M03,Home Health Aide,2,Part-time,2016-09-08,9.1,50+,24.75,27.9,18,11.8,0,,0,
E10064,2025Q4,S1,M02,Admin,3,Full-time,2019-07-19,6.2,50+,29.5,3.1,0,24.8,1,5,0,
E10065,2025Q4,S1,M03,Admin,1,Part-time,2011-06-26,14.3,40-49,37.75,2.5,0,15.7,0,4,0,
E10068,2025Q4,S1,M04,Driver,2,Full-time,2020-05-14,5.4,40-49,24.75,2.5,0,32.5,1,4,0,
E10070,2025Q4,S1,M05,Admin,1,Full-time,2021-12-28,3.8,40-49,26.75,6.3,0,14.8,1,,0,
E10458,2025Q4,S1,M04,Nurse,2,Full-time,2024-07-01,1.3,50+,54.0,4.5,24,39.0,1,4,0,
E10464,2025Q4,S1,M05,Nurse,2,Full-time,2024-07-01,1.3,40-49,58.0,15.1,37,45.0,1,3,0,
E10467,2025Q4,S1,M02,Admin,2,Full-time,2024-08-09,1.1,Under 30,27.75,16.2,0,22.6,1,4,0,
E10469,2025Q4,S1,M05,Admin,1,Full-time,2024-08-13,1.1,30-39,27.75,9.4,0,25.6,1,4,0,
E10513,2025Q4,S1,M02,Home Health Aide,1,Full-time,2024-10-01,1.0,30-39,22.25,4.9,21,21.9,0,4,0,
E10518,2025Q4,S1,M04,Home Health Aide,1,Full-time,2024-10-01,1.0,50+,24.0,9.7,15,24.3,1,,0,
E10519,2025Q4,S1,M05,Nurse,3,Full-time,2024-10-26,0.9,40-49,51.0,8.7,36,52.4,1,3,0,
E10520,2025Q4,S1,M01,Driver,1,Full-time,2024-11-03,0.9,Under 30,21.5,10.3,0,23.3,1,,0,
E10567,2025Q4,S1,M03,Intake Coordinator,2,Full-time,2025-01-01,0.7,40-49,22.5,4.2,0,21.6,0,3,0,
E10574,2025Q4,S1,M03,Home Health Aide,1,Full-time,2025-01-22,0.7,30-39,22.25,7.8,24,22.6,0,4,0,
E10575,2025Q4,S1,M03,Home Health Aide,1,Part-time,2025-01-27,0.7,40-49,21.75,5.8,14,7.9,0,3,0,
E10526,2025Q4,S1,M04,Driver,2,Part-time,2024-10-06,1.0,40-49,22.25,5.2,0,15.6,1,4,0,
E10617,2025Q4,S1,M02,Home Health Aide,1,Full-time,2025-05-11,0.4,50+,21.75,12.1,21,28.5,1,5,0,
E10618,2025Q4,S1,M03,Intake Coordinator,1,Part-time,2025-05-16,0.4,50+,22.75,4.4,0,14.5,1,4,0,
E10480,2025Q4,S1,M02,Home Health Aide,1,Full-time,2024-09-06,1.1,40-49,21.75,1.0,17,17.1,0,4,0,
E10649,2025Q4,S1,M05,Intake Coordinator,1,Full-time,2025-07-24,0.2,30-39,21.5,7.4,0,12.3,0,4,1,Relocation
E10650,2025Q4,S1,M05,Intake Coordinator,1,Full-time,2025-08-04,0.2,Under 30,23.5,4.9,0,9.7,1,4,0,
E10651,2025Q4,S1,M02,Case Manager,2,Full-time,2025-07-07,0.2,30-39,33.0,21.6,35,15.7,0,3,0,
E10652,2025Q4,S1,M04,Case Manager,2,Full-time,2025-08-09,0.1,30-39,28.5,3.4,42,31.2,0,4,0,
E10653,2025Q4,S1,M01,Case Manager,2,Full-time,2025-08-20,0.1,Under 30,32.25,6.9,35,17.2,0,2,0,
E10395,2025Q4,S1,M01,Home Health Aide,2,Part-time,2023-01-26,2.7,40-49,23.25,17.9,11,0.5,1,,0,
E10690,2025Q4,S1,M03,Admin,1,Full-time,2025-11-27,0.0,40-49,26.0,5.7,0,27.4,0,,0,
E10072,2025Q4,S2,M07,Driver,1,Full-time,2020-08-07,5.1,30-39,24.5,9.0,0,31.1,0,4,0,
E10074,2025Q4,S2,M07,Supervisor,3,Full-time,2023-11-27,1.8,50+,40.0,6.0,0,40.0,0,,0,
E10075,2025Q4,S2,M07,Intake Coordinator,1,Full-time,2023-08-24,2.1,30-39,25.25,11.3,0,4.0,0,4,0,
E10076,2025Q4,S2,M08,Driver,2,Part-time,2020-08-24,5.1,40-49,25.75,5.6,0,19.2,1,5,0,
E10078,2025Q4,S2,M09,Supervisor,4,Full-time,2018-08-27,7.1,Under 30,42.5,12.0,0,31.3,0,5,1,
E10080,2025Q4,S2,M09,Home Health Aide,1,Full-time,2022-05-25,3.4,Under 30,23.0,3.6,25,37.2,0,2,0,
E10083,2025Q4,S2,M07,Supervisor,4,Full-time,2023-07-13,2.2,40-49,39.5,7.7,0,49.9,1,3,0,
E10086,2025Q4,S2,M10,Admin,3,Part-time,2015-04-14,10.5,30-39,31.5,21.0,0,0.0,1,3,0,
E10088,2025Q4,S2,M09,Home Health Aide,2,Full-time,2021-03-10,4.6,50+,21.0,4.4,21,75.0,0,,0,
E10090,2025Q4,S2,M10,Supervisor,4,Full-time,2022-06-26,3.3,50+,41.25,8.4,0,27.4,1,,0,
E10095,2025Q4,S2,M10,Home Health Aide,1,Full-time,2022-07-14,3.2,30-39,22.5,5.5,16,42.6,0,,0,
E10096,2025Q4,S2,M08,Driver,2,Full-time,2020-06-24,5.3,30-39,23.0,4.8,0,53.5,0,2,0,
E10099,2025Q4,S2,M08,Nurse,3,Full-time,2019-06-09,6.3,30-39,59.75,11.0,31,60.7,0,,1,
E10101,2025Q4,S2,M10,Nurse,3,Full-time,2021-10-02,4.0,Under 30,56.25,4.7,21,42.2,1,4,0,
E10103,2025Q4,S2,M07,Case Manager,2,Full-time,2021-10-17,4.0,30-39,34.0,11.6,32,29.9,0,3,0,
E10108,2025Q4,S2,M07,Home Health Aide,1,Full-time,2023-05-30,2.3,30-39,23.75,6.2,20,43.3,0,2,0,
E10110,2025Q4,S2,M10,Admin,1,Part-time,2016-08-26,9.1,Under 30,30.75,19.6,0,25.3,0,3,1,Personal or family
E10114,2025Q4,S2,M10,Driver,2,Full-time,2023-09-10,2.1,Under 30,20.75,15.4,0,35.8,1,,0,
E10117,2025Q4,S2,M06,Nurse,2,Full-time,2021-09-12,4.1,30-39,54.75,4.8,25,45.1,0,3,0,
E10119,2025Q4,S2,M10,Nurse,3,Full-time,2022-07-26,3.2,50+,48.75,11.2,30,87.9,0,,0,
E10121,2025Q4,S2,M09,Case Manager,2,Full-time,2019-06-11,6.3,50+,34.0,2.4,50,97.8,0,1,1,
E10124,2025Q4,S2,M07,Supervisor,3,Full-time,2018-07-09,7.2,40-49,46.5,7.3,0,51.1,1,3,1,Personal or family
E10127,2025Q4,S2,M09,Driver,2,Full-time,2019-07-09,6.2,50+,24.5,9.9,0,47.7,0,4,0,
E10133,2025Q4,S2,M08,Home Health Aide,1,Part-time,2019-04-22,6.4,30-39,24.75,2.8,11,18.1,0,3,0,
E10135,2025Q4,S2,M06,Home Health Aide,2,Part-time,2020-11-05,4.9,50+,21.5,17.2,17,25.5,0,,0,
E10465,2025Q4,S2,M10,Admin,2,Full-time,2024-07-01,1.3,40-49,27.5,14.6,0,47.0,1,3,0,
E10470,2025Q4,S2,M09,Case Manager,2,Full-time,2024-08-19,1.1,Under 30,29.25,8.3,32,41.4,0,,0,
E10471,2025Q4,S2,M07,Nurse,2,Part-time,2024-08-10,1.1,40-49,51.75,21.4,13,0.0,1,4,0,
E10472,2025Q4,S2,M07,Intake Coordinator,1,Part-time,2024-09-14,1.0,50+,24.5,7.9,0,8.7,1,,0,
E10474,2025Q4,S2,M07,Driver,1,Part-time,2024-09-02,1.1,40-49,23.25,8.9,0,0.0,0,5,0,
E10522,2025Q4,S2,M06,Home Health Aide,1,Part-time,2024-12-08,0.8,50+,21.5,11.5,10,14.4,0,3,0,
E10577,2025Q4,S2,M07,Home Health Aide,1,Full-time,2025-02-25,0.6,50+,20.5,3.5,29,78.4,0,1,1,Pay
E10578,2025Q4,S2,M07,Home Health Aide,1,Part-time,2025-02-23,0.6,30-39,21.75,4.4,23,29.9,1,3,0,
E10580,2025Q4,S2,M06,Home Health Aide,1,Part-time,2025-01-18,0.7,30-39,23.75,7.4,11,24.0,0,,0,
E10620,2025Q4,S2,M07,Case Manager,2,Full-time,2025-05-12,0.4,Under 30,30.0,2.7,36,57.7,1,1,0,
E10621,2025Q4,S2,M07,Home Health Aide,1,Part-time,2025-05-30,0.3,30-39,22.25,23.8,11,0.0,1,4,0,
E10622,2025Q4,S2,M07,Home Health Aide,1,Full-time,2025-06-12,0.3,Under 30,22.25,3.1,23,30.2,1,4,0,
E10623,2025Q4,S2,M08,Intake Coordinator,1,Full-time,2025-06-02,0.3,40-49,26.5,3.1,0,69.8,0,1,0,
E10625,2025Q4,S2,M07,Home Health Aide,1,Full-time,2025-04-29,0.4,40-49,21.0,4.8,21,47.4,1,3,0,
E10043,2025Q4,S2,M10,Home Health Aide,1,Full-time,2015-03-06,10.6,30-39,25.0,15.2,26,80.6,0,2,1,
E10544,2025Q4,S2,M10,Supervisor,3,Full-time,2024-10-15,1.0,40-49,41.75,16.6,0,18.9,0,,0,
E10654,2025Q4,S2,M10,Case Manager,2,Full-time,2025-07-14,0.2,30-39,32.25,5.5,35,35.9,0,,0,
E10655,2025Q4,S2,M08,Home Health Aide,1,Part-time,2025-08-27,0.1,Under 30,20.0,8.0,13,24.5,1,,0,
E10657,2025Q4,S2,M10,Home Health Aide,1,Part-time,2025-09-15,0.0,Under 30,22.0,10.0,17,28.0,0,,0,
E10658,2025Q4,S2,M07,Intake Coordinator,1,Full-time,2025-09-17,0.0,30-39,25.25,6.8,0,8.4,1,4,0,
E10659,2025Q4,S2,M06,Intake Coordinator,1,Full-time,2025-07-17,0.2,30-39,24.0,13.5,0,17.2,0,4,0,
E10660,2025Q4,S2,M08,Home Health Aide,1,Part-time,2025-08-09,0.1,40-49,21.25,16.9,10,17.9,0,,0,
E10661,2025Q4,S2,M07,Case Manager,2,Part-time,2025-07-06,0.2,30-39,28.0,13.0,21,46.1,0,3,1,
E10662,2025Q4,S2,M08,Home Health Aide,1,Part-time,2025-08-15,0.1,Under 30,22.25,6.8,15,0.0,0,,0,
E10663,2025Q4,S2,M06,Nurse,2,Full-time,2025-07-19,0.2,50+,51.0,8.0,18,42.1,0,,1,
E10691,2025Q4,S2,M06,Nurse,2,Part-time,2025-10-11,0.0,50+,51.75,6.7,13,39.7,1,3,1,Career change
E10692,2025Q4,S2,M07,Case Manager,2,Full-time,2025-11-27,0.0,30-39,29.75,4.9,25,46.1,1,,0,
E10693,2025Q4,S2,M06,Nurse,3,Full-time,2025-11-06,0.0,30-39,54.5,4.4,19,24.1,0,2,0,
E10694,2025Q4,S2,M07,Case Manager,2,Full-time,2025-10-22,0.0,30-39,32.25,13.2,41,70.8,0,3,0,
E10695,2025Q4,S2,M06,Home Health Aide,1,Part-time,2025-12-09,0.0,Under 30,22.0,6.1,13,25.1,0,,0,
E10696,2025Q4,S2,M09,Intake Coordinator,1,Full-time,2025-10-18,0.0,Under 30,24.25,3.7,0,42.3,1,3,0,
E10697,2025Q4,S2,M06,Home Health Aide,1,Full-time,2025-11-28,0.0,40-49,20.75,2.9,24,58.0,0,,1,Pay
E10698,2025Q4,S2,M07,Supervisor,3,Full-time,2025-10-18,0.0,40-49,39.75,10.9,0,39.9,0,3,0,
E10699,2025Q4,S2,M06,Case Manager,2,Full-time,2025-11-03,0.0,Under 30,32.0,9.7,32,60.3,0,3,1,
E10700,2025Q4,S2,M06,Home Health Aide,1,Part-time,2025-10-04,0.0,Under 30,19.5,21.1,15,5.7,1,2,0,
E10137,2025Q4,S3,M12,Home Health Aide,2,Full-time,2019-02-21,6.6,50+,20.5,7.4,15,33.6,0,3,0,
E10140,2025Q4,S3,M14,Nurse,3,Full-time,2022-07-07,3.2,40-49,49.5,22.6,28,59.8,1,,0,
E10146,2025Q4,S3,M14,Home Health Aide,2,Full-time,2018-07-13,7.2,40-49,22.25,25.1,16,30.4,0,3,0,
E10148,2025Q4,S3,M11,Driver,1,Full-time,2020-06-23,5.3,Under 30,23.25,24.2,0,30.7,1,,0,
E10149,2025Q4,S3,M14,Admin,1,Full-time,2023-06-07,2.3,40-49,26.5,14.6,0,57.0,0,,1,
E10152,2025Q4,S3,M11,Intake Coordinator,1,Full-time,2023-06-03,2.3,30-39,22.25,4.9,0,20.7,0,3,0,
E10156,2025Q4,S3,M12,Home Health Aide,1,Part-time,2018-07-14,7.2,40-49,22.75,30.9,10,33.7,1,3,1,Pay
E10157,2025Q4,S3,M13,Home Health Aide,2,Part-time,2018-07-18,7.2,30-39,22.75,5.4,11,23.9,1,3,0,
E10159,2025Q4,S3,M11,Home Health Aide,1,Full-time,2010-05-30,15.3,Under 30,25.75,2.7,15,14.5,0,3,0,
E10160,2025Q4,S3,M12,Driver,1,Part-time,2020-10-23,4.9,40-49,19.75,8.3,0,31.5,0,,0,
E10161,2025Q4,S3,M11,Supervisor,4,Full-time,2022-08-28,3.1,50+,37.25,4.6,0,37.2,0,2,0,
E10162,2025Q4,S3,M13,Home Health Aide,1,Full-time,2021-08-04,4.2,Under 30,18.25,8.1,16,19.4,0,2,0,
E10165,2025Q4,S3,M11,Driver,1,Full-time,2021-11-03,3.9,30-39,22.75,15.8,0,51.0,0,3,0,
E10169,2025Q4,S3,M12,Home Health Aide,2,Part-time,2019-10-18,6.0,Under 30,21.25,8.2,9,13.8,0,2,0,
E10172,2025Q4,S3,M14,Intake Coordinator,1,Full-time,2021-05-27,4.3,50+,24.5,6.8,0,50.3,0,,0,
E10176,2025Q4,S3,M11,Nurse,3,Full-time,2021-12-30,3.8,50+,54.5,3.1,22,36.1,0,3,0,
E10182,2025Q4,S3,M13,Supervisor,4,Full-time,2023-04-26,2.4,Under 30,41.75,10.5,0,36.6,0,,0,
E10186,2025Q4,S3,M14,Nurse,4,Part-time,2020-03-25,5.5,Under 30,49.75,13.7,18,15.5,0,2,1,Pay
E10187,2025Q4,S3,M12,Case Manager,2,Full-time,2016-10-10,9.0,Under 30,30.0,9.5,39,46.7,1,3,0,
E10189,2025Q4,S3,M13,Home Health Aide,1,Part-time,2022-01-18,3.7,50+,20.25,6.6,9,0.0,0,3,0,
E10437,2025Q4,S3,M13,Home Health Aide,1,Full-time,2024-04-05,1.5,Under 30,18.75,5.5,13,49.5,1,2,0,
E10438,2025Q4,S3,M14,Home Health Aide,1,Full-time,2024-04-06,1.5,40-49,18.25,21.6,17,10.9,0,2,0,
E10466,2025Q4,S3,M11,Home Health Aide,1,Part-time,2024-07-01,1.3,50+,20.5,19.0,6,0.1,0,3,1,Career change
E10514,2025Q4,S3,M11,Nurse,2,Full-time,2024-10-01,1.0,30-39,50.75,7.0,13,5.2,0,3,0,
E10516,2025Q4,S3,M13,Home Health Aide,1,Part-time,2024-10-01,1.0,40-49,20.75,9.9,10,13.0,0,,0,
E10528,2025Q4,S3,M13,Home Health Aide,1,Full-time,2024-10-24,0.9,40-49,17.75,10.6,25,63.7,0,,0,
E10530,2025Q4,S3,M14,Nurse,2,Full-time,2024-10-17,1.0,40-49,49.25,8.3,21,47.4,0,,1,
E10533,2025Q4,S3,M13,Home Health Aide,1,Full-time,2024-11-30,0.8,30-39,21.25,4.1,19,65.2,0,,0,
E10534,2025Q4,S3,M11,Case Manager,2,Full-time,2024-11-04,0.9,40-49,28.25,7.2,39,85.0,0,2,1,
E10536,2025Q4,S3,M12,Home Health Aide,1,Full-time,2024-10-01,1.0,30-39,19.75,7.2,16,41.9,0,2,0,
E10537,2025Q4,S3,M13,Driver,1,Part-time,2024-11-02,0.9,30-39,20.25,20.5,0,14.7,0,,0,
E10565,2025Q4,S3,M14,Case Manager,2,Full-time,2025-01-01,0.7,Under 30,29.25,37.7,21,37.7,0,,0,
E10570,2025Q4,S3,M13,Home Health Aide,1,Full-time,2025-01-01,0.7,40-49,20.0,8.7,20,61.2,0,1,0,
E10572,2025Q4,S3,M13,Intake Coordinator,1,Full-time,2025-01-01,0.7,40-49,22.5,3.5,0,31.2,0,3,0,
E10582,2025Q4,S3,M12,Case Manager,2,Full-time,2025-03-09,0.6,40-49,27.0,16.8,33,22.1,0,,1,Relocation
E10583,2025Q4,S3,M12,Home Health Aide,1,Part-time,2025-01-04,0.7,30-39,18.75,11.2,17,42.2,0,3,0,
E10585,2025Q4,S3,M13,Home Health Aide,1,Full-time,2025-01-05,0.7,Under 30,21.0,19.7,17,34.7,0,,0,
E10586,2025Q4,S3,M14,Driver,1,Full-time,2025-03-04,0.6,30-39,24.0,9.0,0,26.2,1,,0,
E10630,2025Q4,S3,M14,Home Health Aide,1,Full-time,2025-04-19,0.5,30-39,18.25,6.0,24,62.8,0,,0,
E10631,2025Q4,S3,M11,Nurse,2,Full-time,2025-04-17,0.5,40-49,50.5,22.2,22,39.5,0,3,0,
E10632,2025Q4,S3,M13,Home Health Aide,1,Full-time,2025-06-18,0.3,40-49,18.5,17.7,18,50.0,0,,0,
E10633,2025Q4,S3,M12,Home Health Aide,1,Full-time,2025-04-19,0.5,40-49,21.5,20.1,18,55.6,0,2,0,
E10265,2025Q4,S3,M14,Case Manager,3,Full-time,2016-10-01,9.0,30-39,34.25,12.8,23,39.6,0,1,0,
E10666,2025Q4,S3,M14,Driver,1,Part-time,2025-07-10,0.2,40-49,19.75,6.0,0,16.9,0,3,0,
E10390,2025Q4,S3,M14,Home Health Aide,1,Full-time,2010-06-08,15.3,50+,26.0,37.0,20,47.8,0,2,0,
E10701,2025Q4,S3,M11,Admin,2,Part-time,2025-10-19,0.0,50+,27.0,12.3,0,7.2,0,,0,
E10702,2025Q4,S3,M13,Nurse,2,Full-time,2025-11-07,0.0,Under 30,45.5,20.3,23,34.0,0,,0,
E10703,2025Q4,S3,M11,Case Manager,2,Full-time,2025-11-06,0.0,Under 30,31.5,66.7,41,66.9,1,,0,
E10704,2025Q4,S3,M11,Admin,1,Full-time,2025-12-18,0.0,40-49,26.75,4.1,0,20.0,1,1,0,
E10705,2025Q4,S3,M12,Nurse,2,Full-time,2025-12-19,0.0,50+,46.0,22.6,26,41.3,0,,0,
E10706,2025Q4,S3,M12,Case Manager,2,Full-time,2025-12-16,0.0,40-49,29.0,26.1,34,46.0,0,,0,
E10192,2025Q4,S4,M18,Admin,2,Full-time,2020-07-28,5.2,30-39,25.0,7.6,0,22.5,0,1,0,
E10193,2025Q4,S4,M17,Case Manager,2,Full-time,2018-04-28,7.4,50+,30.25,26.9,34,19.7,1,,0,
E10196,2025Q4,S4,M15,Driver,1,Full-time,2017-04-03,8.5,40-49,27.25,20.1,0,17.8,0,3,0,
E10199,2025Q4,S4,M16,Nurse,2,Full-time,2018-06-11,7.3,30-39,49.25,11.0,20,12.9,1,4,0,
E10200,2025Q4,S4,M15,Home Health Aide,1,Part-time,2022-04-20,3.4,Under 30,19.75,31.8,6,1.8,1,4,0,
E10201,2025Q4,S4,M16,Admin,3,Full-time,2021-06-23,4.3,Under 30,28.25,3.3,0,24.1,0,4,0,
E10203,2025Q4,S4,M15,Nurse,3,Part-time,2022-09-29,3.0,Under 30,48.75,27.3,14,15.3,0,3,0,
E10205,2025Q4,S4,M16,Home Health Aide,2,Part-time,2000-11-26,24.8,40-49,26.0,53.6,11,6.8,1,3,0,
E10206,2025Q4,S4,M15,Case Manager,3,Full-time,2022-07-13,3.2,40-49,28.75,23.3,36,46.5,1,,0,
E10207,2025Q4,S4,M15,Home Health Aide,1,Full-time,2023-03-08,2.6,50+,22.5,21.5,17,22.7,1,3,1,Workload or schedule
E10209,2025Q4,S4,M15,Intake Coordinator,1,Full-time,2020-04-08,5.5,40-49,26.25,1.4,0,29.6,1,4,0,
E10210,2025Q4,S4,M17,Driver,2,Full-time,2023-02-18,2.6,50+,22.0,14.8,0,13.5,0,4,0,
E10211,2025Q4,S4,M18,Nurse,3,Full-time,2019-02-24,6.6,Under 30,50.5,9.0,26,48.9,0,,1,Workload or schedule
E10213,2025Q4,S4,M18,Home Health Aide,1,Full-time,2022-05-13,3.4,30-39,21.5,15.2,17,25.8,1,3,0,
E10216,2025Q4,S4,M18,Home Health Aide,1,Full-time,2016-02-19,9.6,50+,24.75,9.4,19,32.1,0,,0,
E10217,2025Q4,S4,M18,Nurse,2,Full-time,2017-08-08,8.1,40-49,65.25,67.5,23,22.9,0,2,0,
E10219,2025Q4,S4,M17,Intake Coordinator,3,Full-time,2020-11-29,4.8,30-39,25.75,1.7,0,17.6,1,5,0,
E10220,2025Q4,S4,M15,Supervisor,4,Full-time,2017-09-02,8.1,Under 30,45.5,4.2,0,26.5,0,2,0,
E10222,2025Q4,S4,M18,Case Manager,2,Full-time,2019-02-01,6.7,40-49,32.0,8.1,24,26.3,0,2,0,
E10226,2025Q4,S4,M16,Case Manager,3,Full-time,2022-11-09,2.9,50+,32.25,10.7,30,33.4,0,3,0,
E10227,2025Q4,S4,M18,Case Manager,2,Full-time,2022-02-01,3.7,30-39,28.75,12.1,32,31.6,0,,0,
E10228,2025Q4,S4,M17,Home Health Aide,1,Full-time,2020-08-12,5.1,Under 30,20.75,9.0,20,15.3,1,4,0,
E10232,2025Q4,S4,M16,Driver,2,Full-time,2022-04-14,3.5,40-49,19.75,19.8,0,35.4,0,,0,
E10233,2025Q4,S4,M17,Case Manager,3,Full-time,2013-01-14,12.7,30-39,32.5,7.6,34,18.9,1,,0,
E10234,2025Q4,S4,M15,Home Health Aide,1,Full-time,2015-02-04,10.7,30-39,23.0,32.8,20,15.1,0,4,0,
E10237,2025Q4,S4,M15,Admin,3,Full-time,2021-08-15,4.1,30-39,28.75,10.1,0,8.1,1,4,0,
E10240,2025Q4,S4,M17,Nurse,2,Full-time,2021-07-21,4.2,50+,50.25,19.0,31,34.7,0,2,0,
E10425,2025Q4,S4,M17,Intake Coordinator,1,Full-time,2024-04-01,1.5,30-39,20.75,4.4,0,32.3,0,3,1,Career change
E10440,2025Q4,S4,M16,Case Manager,2,Full-time,2024-04-13,1.5,Under 30,28.25,11.0,38,31.1,1,,0,
E10456,2025Q4,S4,M17,Intake Coordinator,2,Full-time,2024-07-01,1.3,Under 30,25.25,7.3,0,15.3,0,4,0,
E10460,2025Q4,S4,M17,Nurse,3,Full-time,2024-07-01,1.3,30-39,50.5,30.2,30,43.6,1,4,1,Relocation
E10482,2025Q4,S4,M17,Home Health Aide,1,Part-time,2024-09-10,1.1,40-49,20.75,21.7,6,0.0,0,,0,
E10483,2025Q4,S4,M16,Case Manager,2,Full-time,2024-07-13,1.2,Under 30,29.0,47.7,37,30.1,0,2,0,
E10517,2025Q4,S4,M18,Admin,1,Full-time,2024-10-01,1.0,Under 30,24.5,17.6,0,39.7,0,2,0,
E10538,2025Q4,S4,M16,Home Health Aide,1,Part-time,2024-10-23,0.9,50+,17.5,11.0,7,0.0,0,2,0,
E10562,2025Q4,S4,M18,Nurse,2,Full-time,2025-01-01,0.7,30-39,45.0,5.4,27,27.8,1,,0,
E10563,2025Q4,S4,M17,Nurse,2,Full-time,2025-01-01,0.7,30-39,49.75,13.3,28,27.1,1,3,1,
E10590,2025Q4,S4,M17,Driver,1,Full-time,2025-01-29,0.7,30-39,22.25,7.0,0,10.2,0,3,0,
E10591,2025Q4,S4,M16,Intake Coordinator,2,Full-time,2025-03-09,0.6,Under 30,19.75,7.5,0,23.9,0,,0,
E10593,2025Q4,S4,M17,Intake Coordinator,1,Full-time,2025-01-19,0.7,50+,22.75,7.0,0,23.8,1,4,0,
E10066,2025Q4,S4,M17,Case Manager,3,Full-time,2018-01-31,7.7,Under 30,31.5,6.4,27,13.9,1,3,0,
E10634,2025Q4,S4,M17,Home Health Aide,1,Full-time,2025-04-27,0.4,50+,20.5,13.0,11,16.8,0,3,0,
E10626,2025Q4,S4,M18,Nurse,2,Full-time,2025-04-04,0.5,Under 30,52.25,17.3,26,36.6,0,1,0,
E10668,2025Q4,S4,M17,Supervisor,3,Full-time,2025-07-23,0.2,30-39,36.25,5.9,0,33.0,0,4,0,
E10669,2025Q4,S4,M16,Home Health Aide,1,Full-time,2025-09-07,0.1,Under 30,19.25,16.9,21,35.4,1,,0,
E10707,2025Q4,S4,M15,Driver,1,Full-time,2025-12-09,0.0,50+,22.25,23.2,0,14.8,0,3,0,
E10708,2025Q4,S4,M18,Intake Coordinator,1,Full-time,2025-12-05,0.0,50+,24.0,7.3,0,16.5,0,4,0,
E10709,2025Q4,S4,M16,Case Manager,2,Full-time,2025-10-23,0.0,30-39,31.0,28.5,32,19.7,0,3,0,
E10242,2025Q4,S5,M20,Nurse,4,Full-time,2017-02-05,8.7,30-39,56.5,31.5,23,53.7,0,,0,
E10243,2025Q4,S5,M20,Nurse,3,Full-time,2019-06-02,6.3,30-39,57.25,13.7,19,39.6,0,,0,
E10244,2025Q4,S5,M22,Nurse,2,Full-time,2022-01-09,3.7,40-49,50.75,9.7,28,55.9,0,2,0,
E10245,2025Q4,S5,M21,Home Health Aide,1,Part-time,2023-09-09,2.1,40-49,20.25,33.0,12,4.0,0,3,0,
E10248,2025Q4,S5,M19,Nurse,2,Full-time,2016-08-29,9.1,Under 30,55.5,35.4,18,20.3,0,2,0,
E10263,2025Q4,S5,M21,Home Health Aide,2,Part-time,2019-04-12,6.5,40-49,22.0,7.9,11,5.6,0,3,0,
E10268,2025Q4,S5,M19,Case Manager,2,Full-time,2022-02-22,3.6,40-49,31.0,6.8,33,27.1,1,,0,
E10271,2025Q4,S5,M19,Home Health Aide,1,Full-time,2021-03-26,4.5,Under 30,19.25,16.6,27,65.5,1,1,1,
E10281,2025Q4,S5,M22,Driver,1,Part-time,2018-10-19,7.0,40-49,23.5,3.8,0,1.3,0,,0,
E10282,2025Q4,S5,M20,Admin,1,Full-time,2019-12-27,5.8,30-39,31.75,18.8,0,42.3,0,,0,
E10286,2025Q4,S5,M22,Home Health Aide,1,Part-time,2023-07-24,2.2,30-39,20.75,19.5,14,25.2,0,3,1,Career change
E10441,2025Q4,S5,M20,Driver,1,Full-time,2024-04-22,1.4,30-39,19.25,9.8,0,58.8,0,,0,
E10488,2025Q4,S5,M22,Nurse,2,Full-time,2024-08-10,1.1,30-39,46.75,8.6,23,54.8,0,2,0,
E10489,2025Q4,S5,M22,Home Health Aide,2,Part-time,2024-08-08,1.1,40-49,20.5,30.1,10,23.8,0,2,0,
E10491,2025Q4,S5,M22,Case Manager,3,Full-time,2024-07-16,1.2,30-39,27.75,23.0,52,101.7,0,1,1,
E10492,2025Q4,S5,M20,Case Manager,2,Full-time,2024-08-25,1.1,40-49,29.75,31.3,48,76.5,1,,0,
E10539,2025Q4,S5,M22,Intake Coordinator,2,Full-time,2024-11-20,0.9,30-39,23.0,20.2,0,48.7,0,,1,
E10540,2025Q4,S5,M21,Home Health Aide,1,Full-time,2024-10-29,0.9,50+,19.75,11.9,21,38.1,0,2,0,
E10541,2025Q4,S5,M19,Home Health Aide,1,Full-time,2024-10-03,1.0,50+,19.25,11.3,19,59.6,0,1,0,
E10543,2025Q4,S5,M19,Case Manager,2,Full-time,2024-11-30,0.8,30-39,27.5,12.9,37,59.5,1,2,0,
E10545,2025Q4,S5,M19,Case Manager,2,Full-time,2024-12-01,0.8,30-39,26.25,24.6,30,58.8,1,2,0,
E10571,2025Q4,S5,M21,Home Health Aide,1,Part-time,2025-01-01,0.7,50+,18.5,6.0,8,36.4,0,2,0,
E10594,2025Q4,S5,M20,Driver,1,Full-time,2025-02-26,0.6,30-39,21.5,15.2,0,47.0,0,,1,Career change
E10596,2025Q4,S5,M19,Home Health Aide,1,Part-time,2025-03-14,0.6,Under 30,20.75,15.1,12,20.8,0,3,0,
E10597,2025Q4,S5,M19,Nurse,2,Full-time,2025-03-10,0.6,30-39,47.0,4.0,25,33.8,0,2,0,
E10100,2025Q4,S5,M19,Home Health Aide,1,Full-time,2022-10-11,3.0,40-49,20.0,3.6,22,57.2,0,2,0,
E10637,2025Q4,S5,M20,Admin,2,Full-time,2025-05-09,0.4,50+,24.25,8.7,0,52.4,0,2,0,
E10640,2025Q4,S5,M22,Home Health Aide,1,Full-time,2025-04-29,0.4,40-49,19.25,10.8,19,50.1,0,2,0,
E10641,2025Q4,S5,M19,Nurse,3,Full-time,2025-04-19,0.5,40-49,47.0,30.5,28,46.3,0,3,1,
E10060,2025Q4,S5,M21,Supervisor,4,Full-time,2021-06-17,4.3,40-49,35.25,5.9,0,56.1,0,2,0,
E10461,2025Q4,S5,M22,Nurse,3,Full-time,2024-07-01,1.3,30-39,51.5,5.5,36,78.3,0,,0,
E10484,2025Q4,S5,M20,Case Manager,2,Full-time,2024-07-02,1.2,40-49,31.0,13.1,28,39.5,1,3,0,
E10670,2025Q4,S5,M19,Home Health Aide,1,Full-time,2025-08-15,0.1,30-39,20.25,5.0,18,49.8,1,2,0,
E10671,2025Q4,S5,M21,Case Manager,2,Full-time,2025-07-15,0.2,30-39,26.5,5.7,31,35.2,0,,1,Personal or family
E10673,2025Q4,S5,M20,Driver,1,Full-time,2025-09-01,0.1,40-49,21.0,20.1,0,16.0,0,1,1,
E10675,2025Q4,S5,M21,Home Health Aide,1,Full-time,2025-08-16,0.1,30-39,19.75,10.3,22,56.7,1,,1,
E10676,2025Q4,S5,M20,Driver,1,Full-time,2025-08-05,0.2,30-39,19.0,22.9,0,57.7,0,,0,
E10710,2025Q4,S5,M19,Supervisor,3,Full-time,2025-11-18,0.0,40-49,36.75,13.2,0,49.4,1,,0,
E10711,2025Q4,S5,M21,Home Health Aide,1,Full-time,2025-10-03,0.0,40-49,19.75,17.1,23,43.5,0,,0,
E10712,2025Q4,S5,M20,Driver,1,Part-time,2025-12-12,0.0,30-39,21.25,6.6,0,33.4,1,,0,
E10713,2025Q4,S5,M19,Driver,1,Full-time,2025-11-27,0.0,30-39,20.0,14.6,0,54.8,0,,0,
E10714,2025Q4,S5,M22,Driver,1,Full-time,2025-12-05,0.0,40-49,20.75,9.3,0,42.2,0,1,0,
E10715,2025Q4,S5,M22,Home Health Aide,1,Part-time,2025-12-07,0.0,Under 30,20.0,13.6,15,48.9,0,,1,
E10716,2025Q4,S5,M21,Nurse,2,Full-time,2025-12-17,0.0,40-49,43.25,16.4,35,84.0,0,1,1,Personal or family
E10293,2025Q4,S6,M25,Intake Coordinator,3,Full-time,2022-02-13,3.6,50+,22.5,12.0,0,24.4,1,3,0,
E10296,2025Q4,S6,M24,Intake Coordinator,3,Full-time,2022-02-18,3.6,50+,24.0,5.2,0,18.1,0,5,0,
E10298,2025Q4,S6,M24,Admin,1,Full-time,2019-04-21,6.4,40-49,26.0,12.0,0,61.7,1,4,0,
E10308,2025Q4,S6,M23,Nurse,3,Full-time,2023-03-24,2.5,Under 30,50.25,105.2,9,25.7,0,1,1,
E10309,2025Q4,S6,M23,Home Health Aide,1,Part-time,2023-10-16,2.0,Under 30,19.75,108.2,9,20.2,0,2,0,
E10310,2025Q4,S6,M25,Driver,1,Part-time,2023-05-03,2.4,40-49,17.75,17.6,0,26.8,0,,0,
E10311,2025Q4,S6,M23,Supervisor,4,Full-time,2017-07-06,8.2,30-39,40.5,10.3,0,37.0,0,2,0,
E10313,2025Q4,S6,M25,Home Health Aide,1,Part-time,2012-05-08,13.4,Under 30,22.5,13.3,10,1.1,0,3,0,
E10314,2025Q4,S6,M24,Nurse,2,Part-time,2021-11-28,3.8,50+,54.5,13.3,10,17.6,1,5,0,
E10316,2025Q4,S6,M25,Home Health Aide,1,Full-time,2022-05-05,3.4,30-39,20.5,46.7,18,28.8,0,2,0,
E10320,2025Q4,S6,M25,Home Health Aide,1,Full-time,2021-12-10,3.8,50+,20.25,43.3,18,45.4,0,3,0,
E10321,2025Q4,S6,M23,Driver,1,Full-time,2018-10-22,6.9,50+,23.25,34.2,0,61.0,0,3,0,
E10323,2025Q4,S6,M23,Home Health Aide,1,Part-time,2019-06-08,6.3,40-49,19.5,12.4,8,17.9,1,4,0,
E10324,2025Q4,S6,M24,Home Health Aide,1,Full-time,2019-11-16,5.9,Under 30,20.25,5.6,21,49.1,1,5,0,
E10325,2025Q4,S6,M25,Driver,2,Full-time,2023-05-30,2.3,30-39,20.25,23.8,0,9.2,0,2,0,
E10328,2025Q4,S6,M25,Admin,2,Full-time,2013-05-14,12.4,50+,31.0,40.5,0,40.0,0,2,0,
E10329,2025Q4,S6,M24,Driver,2,Full-time,2013-02-08,12.6,30-39,23.25,21.6,0,52.6,1,2,0,
E10330,2025Q4,S6,M25,Home Health Aide,1,Part-time,2017-05-03,8.4,40-49,22.25,9.1,10,21.9,1,3,0,
E10332,2025Q4,S6,M23,Home Health Aide,1,Full-time,2023-06-05,2.3,50+,19.75,6.0,12,14.9,0,3,0,
E10333,2025Q4,S6,M25,Home Health Aide,2,Part-time,2017-03-13,8.6,Under 30,22.75,10.5,8,0.0,0,,0,
E10334,2025Q4,S6,M25,Nurse,2,Full-time,2023-08-27,2.1,40-49,46.75,14.4,24,65.6,1,,0,
E10447,2025Q4,S6,M24,Supervisor,3,Full-time,2024-05-06,1.4,50+,33.5,10.9,0,42.1,0,3,0,
E10448,2025Q4,S6,M23,Case Manager,2,Full-time,2024-06-18,1.3,40-49,26.25,34.5,22,10.8,1,4,0,
E10494,2025Q4,S6,M23,Admin,1,Part-time,2024-07-03,1.2,30-39,25.25,20.1,0,7.5,0,,1,
E10495,2025Q4,S6,M25,Home Health Aide,1,Part-time,2024-08-15,1.1,Under 30,19.25,12.8,15,18.5,0,3,0,
E10496,2025Q4,S6,M23,Case Manager,2,Full-time,2024-08-08,1.1,30-39,28.75,46.3,27,21.3,1,4,0,
E10498,2025Q4,S6,M25,Driver,1,Full-time,2024-09-12,1.1,Under 30,20.25,14.8,0,48.9,0,3,0,
E10499,2025Q4,S6,M25,Nurse,2,Full-time,2024-07-27,1.2,Under 30,44.25,7.8,16,62.8,1,3,1,
E10511,2025Q4,S6,M25,Case Manager,2,Full-time,2024-10-01,1.0,30-39,27.75,16.7,36,66.4,0,,0,
E10512,2025Q4,S6,M23,Admin,1,Full-time,2024-10-01,1.0,30-39,26.0,20.1,0,51.3,1,3,0,
E10548,2025Q4,S6,M23,Home Health Aide,1,Part-time,2024-10-14,1.0,30-39,19.25,8.5,9,15.9,0,3,0,
E10602,2025Q4,S6,M23,Nurse,2,Full-time,2025-02-15,0.6,50+,40.5,19.2,26,43.1,0,,1,Pay
E10603,2025Q4,S6,M23,Driver,1,Part-time,2025-03-15,0.5,50+,21.25,40.1,0,29.9,1,3,1,
E10592,2025Q4,S6,M23,Admin,1,Part-time,2025-03-11,0.6,50+,23.25,7.0,0,6.7,1,3,0,
E10677,2025Q4,S6,M24,Case Manager,2,Full-time,2025-07-13,0.2,50+,25.5,39.4,23,11.6,1,4,0,
E10679,2025Q4,S6,M25,Case Manager,2,Full-time,2025-09-13,0.0,50+,25.5,17.5,25,42.7,0,,0,
E10680,2025Q4,S6,M23,Nurse,2,Part-time,2025-07-13,0.2,40-49,44.5,6.4,11,12.8,1,1,0,
E10681,2025Q4,S6,M23,Home Health Aide,1,Part-time,2025-08-13,0.1,30-39,17.75,11.6,6,0.0,0,,1,Career change
E10682,2025Q4,S6,M23,Nurse,3,Full-time,2025-07-22,0.2,Under 30,44.5,25.1,19,46.8,0,2,0,
E10683,2025Q4,S6,M25,Nurse,2,Part-time,2025-07-14,0.2,50+,49.5,12.2,19,17.5,1,,0,
E10058,2025Q4,S6,M23,Nurse,2,Full-time,2022-08-25,3.1,Under 30,51.5,14.1,20,9.9,0,2,0,
E10717,2025Q4,S6,M25,Case Manager,2,Full-time,2025-11-28,0.0,Under 30,26.25,15.5,28,36.1,0,,0,
E10718,2025Q4,S6,M24,Home Health Aide,1,Full-time,2025-10-21,0.0,30-39,19.5,18.0,16,0.0,0,,0,
E10719,2025Q4,S6,M24,Case Manager,2,Full-time,2025-11-20,0.0,30-39,26.5,2.4,23,6.1,0,4,1,Pay
E10336,2025Q4,S7,M28,Driver,1,Full-time,2018-10-03,7.0,50+,20.75,25.2,0,16.4,1,,0,
E10338,2025Q4,S7,M27,Driver,2,Part-time,2022-04-10,3.5,50+,19.75,10.2,0,15.9,1,2,0,
E10341,2025Q4,S7,M28,Case Manager,2,Full-time,2018-11-28,6.8,40-49,30.25,20.0,34,21.2,0,4,0,
E10346,2025Q4,S7,M27,Intake Coordinator,1,Full-time,2021-08-07,4.2,Under 30,22.25,18.8,0,19.9,0,,0,
E10348,2025Q4,S7,M28,Case Manager,2,Full-time,2023-03-19,2.5,40-49,26.5,6.6,23,12.3,1,3,0,
E10350,2025Q4,S7,M26,Case Manager,3,Full-time,2022-09-10,3.1,30-39,28.25,21.7,25,0.0,1,5,0,
E10355,2025Q4,S7,M28,Nurse,3,Full-time,2007-08-02,18.2,50+,58.75,16.7,16,2.9,0,,0,
E10358,2025Q4,S7,M28,Supervisor,4,Full-time,2006-02-18,19.6,30-39,47.0,38.4,0,23.9,1,5,0,
E10359,2025Q4,S7,M26,Supervisor,4,Full-time,2013-02-05,12.7,Under 30,46.5,19.6,0,22.0,0,2,0,
E10360,2025Q4,S7,M28,Case Manager,3,Full-time,2020-05-21,5.4,30-39,27.5,18.6,21,0.0,0,3,0,
E10363,2025Q4,S7,M26,Nurse,2,Part-time,2022-07-05,3.2,40-49,47.5,18.1,14,3.5,1,3,0,
E10367,2025Q4,S7,M28,Home Health Aide,2,Part-time,2019-08-24,6.1,30-39,20.75,10.0,8,0.0,1,4,0,
E10371,2025Q4,S7,M26,Home Health Aide,1,Part-time,2021-11-26,3.8,30-39,20.0,13.9,10,0.0,1,,0,
E10372,2025Q4,S7,M27,Nurse,2,Full-time,2023-05-23,2.4,40-49,44.25,43.3,25,28.3,0,,0,
E10373,2025Q4,S7,M28,Nurse,4,Full-time,2022-01-21,3.7,40-49,50.0,26.6,21,14.3,1,4,0,
E10374,2025Q4,S7,M27,Nurse,2,Full-time,2023-11-07,1.9,40-49,46.25,34.1,26,25.0,0,3,0,
E10377,2025Q4,S7,M26,Nurse,3,Full-time,2023-02-25,2.6,Under 30,44.0,5.6,19,11.7,0,3,0,
E10424,2025Q4,S7,M26,Home Health Aide,1,Part-time,2024-04-01,1.5,50+,18.25,7.7,8,2.4,0,3,0,
E10502,2025Q4,S7,M28,Case Manager,2,Full-time,2024-08-15,1.1,40-49,26.0,18.5,24,14.7,1,4,0,
E10503,2025Q4,S7,M26,Case Manager,2,Full-time,2024-07-17,1.2,Under 30,27.0,22.6,30,21.5,1,2,0,
E10504,2025Q4,S7,M27,Nurse,2,Full-time,2024-07-11,1.2,40-49,46.75,18.6,19,16.9,1,,0,
E10505,2025Q4,S7,M27,Nurse,3,Part-time,2024-08-01,1.2,30-39,48.25,16.3,13,0.0,0,3,0,
E10515,2025Q4,S7,M27,Case Manager,2,Full-time,2024-10-01,1.0,40-49,27.0,11.4,24,7.9,1,,0,
E10550,2025Q4,S7,M28,Case Manager,2,Full-time,2024-10-28,0.9,40-49,27.5,42.5,28,22.0,0,5,0,
E10551,2025Q4,S7,M27,Home Health Aide,1,Full-time,2024-10-08,1.0,30-39,19.75,38.8,21,9.6,0,,0,
E10564,2025Q4,S7,M27,Home Health Aide,1,Part-time,2025-01-01,0.7,40-49,19.25,5.9,4,0.0,1,2,0,
E10605,2025Q4,S7,M26,Admin,1,Full-time,2025-02-26,0.6,Under 30,22.0,11.5,0,31.8,0,4,0,
E10607,2025Q4,S7,M28,Admin,2,Full-time,2025-01-15,0.7,40-49,23.0,21.5,0,28.5,0,3,0,
E10608,2025Q4,S7,M28,Home Health Aide,1,Full-time,2025-03-13,0.6,40-49,19.0,37.0,13,15.7,0,4,0,
E10609,2025Q4,S7,M27,Supervisor,3,Full-time,2025-01-09,0.7,50+,38.5,48.7,0,32.2,0,2,0,
E10611,2025Q4,S7,M28,Intake Coordinator,1,Full-time,2025-02-23,0.6,50+,21.25,19.9,0,27.4,0,3,0,
E10490,2025Q4,S7,M28,Admin,1,Full-time,2024-09-09,1.1,30-39,24.75,9.5,0,27.3,0,3,0,
E10642,2025Q4,S7,M27,Case Manager,2,Full-time,2025-04-26,0.4,40-49,27.75,3.5,34,28.2,1,3,0,
E10643,2025Q4,S7,M27,Home Health Aide,1,Full-time,2025-04-12,0.5,50+,19.75,31.2,12,15.0,0,,0,
E10644,2025Q4,S7,M27,Driver,1,Part-time,2025-06-04,0.3,30-39,17.5,30.5,0,28.7,0,,1,
E10573,2025Q4,S7,M27,Home Health Aide,1,Part-time,2025-01-12,0.7,40-49,19.5,6.7,9,21.2,0,4,0,
E10130,2025Q4,S7,M27,Home Health Aide,2,Part-time,2019-02-18,6.6,30-39,21.25,11.5,18,16.0,0,5,0,
E10684,2025Q4,S7,M27,Home Health Aide,1,Full-time,2025-09-19,0.0,30-39,18.25,15.3,8,0.0,1,,0,
E10685,2025Q4,S7,M28,Intake Coordinator,1,Part-time,2025-09-04,0.1,Under 30,21.75,20.2,0,12.6,0,5,0,
E10686,2025Q4,S7,M28,Case Manager,2,Full-time,2025-07-01,0.3,40-49,26.75,83.9,30,12.6,0,,0,
E10672,2025Q4,S7,M27,Supervisor,3,Full-time,2025-08-25,0.1,50+,34.5,17.2,0,31.9,0,,0,
E10720,2025Q4,S7,M26,Nurse,3,Part-time,2025-10-11,0.0,30-39,41.5,37.0,17,10.7,0,3,0,
E10721,2025Q4,S7,M28,Home Health Aide,1,Part-time,2025-10-28,0.0,40-49,17.5,41.4,6,0.0,0,5,0,
E10722,2025Q4,S7,M26,Home Health Aide,1,Part-time,2025-11-16,0.0,50+,19.0,8.5,9,0.0,1,4,0,
E10723,2025Q4,S7,M26,Home Health Aide,1,Full-time,2025-11-16,0.0,30-39,18.25,24.8,21,42.0,1,2,0,
E10385,2025Q4,S8,M30,Home Health Aide,1,Part-time,2023-10-27,1.9,50+,19.5,84.4,10,0.0,1,4,0,
E10389,2025Q4,S8,M30,Home Health Aide,2,Part-time,2022-08-11,3.1,Under 30,19.0,18.6,13,8.8,0,2,0,
E10391,2025Q4,S8,M31,Home Health Aide,2,Part-time,2022-07-13,3.2,30-39,20.25,79.9,11,10.3,0,3,0,
E10393,2025Q4,S8,M29,Driver,2,Part-time,2023-01-02,2.7,30-39,19.25,36.8,0,40.2,0,,0,
E10394,2025Q4,S8,M31,Driver,2,Part-time,2022-07-04,3.2,Under 30,20.5,19.3,0,0.0,0,5,0,
E10398,2025Q4,S8,M29,Nurse,2,Full-time,2020-01-08,5.7,40-49,50.0,15.3,16,26.8,1,2,0,
E10399,2025Q4,S8,M31,Supervisor,3,Full-time,2023-07-28,2.2,Under 30,38.5,31.8,0,13.6,1,,0,
E10402,2025Q4,S8,M30,Admin,1,Full-time,2016-09-12,9.1,30-39,24.25,8.9,0,39.1,0,3,0,
E10404,2025Q4,S8,M29,Nurse,2,Full-time,2022-09-12,3.1,50+,52.5,61.3,23,18.5,1,,0,
E10406,2025Q4,S8,M30,Case Manager,2,Full-time,2013-10-30,11.9,30-39,32.75,4.2,30,13.1,1,4,0,
E10408,2025Q4,S8,M31,Nurse,2,Part-time,2023-09-28,2.0,Under 30,47.75,15.2,11,12.1,0,,1,Workload or schedule
E10411,2025Q4,S8,M29,Nurse,3,Full-time,2022-08-26,3.1,30-39,47.5,24.9,19,20.8,0,2,0,
E10412,2025Q4,S8,M29,Case Manager,2,Part-time,2021-07-01,4.3,30-39,30.0,49.5,11,13.6,1,,0,
E10414,2025Q4,S8,M31,Admin,3,Part-time,2017-03-10,8.6,30-39,25.75,14.7,0,3.1,0,4,0,
E10416,2025Q4,S8,M30,Nurse,4,Full-time,2018-10-23,6.9,50+,45.5,11.3,27,50.1,0,3,0,
E10506,2025Q4,S8,M30,Supervisor,3,Full-time,2024-08-09,1.1,30-39,37.25,13.5,0,30.4,1,4,1,Workload or schedule
E10508,2025Q4,S8,M30,Supervisor,3,Full-time,2024-08-25,1.1,Under 30,39.75,9.7,0,38.2,1,,0,
E10556,2025Q4,S8,M29,Intake Coordinator,1,Full-time,2024-11-12,0.9,Under 30,21.5,19.4,0,28.9,0,4,0,
E10557,2025Q4,S8,M30,Nurse,2,Full-time,2024-12-18,0.8,30-39,49.0,28.8,24,26.2,1,4,0,
E10558,2025Q4,S8,M31,Home Health Aide,2,Full-time,2024-10-05,1.0,Under 30,20.5,25.2,19,46.8,0,2,0,
E10561,2025Q4,S8,M31,Nurse,2,Part-time,2024-11-13,0.9,Under 30,41.25,14.2,12,16.9,1,4,0,
E10566,2025Q4,S8,M30,Admin,1,Part-time,2025-01-01,0.7,30-39,24.75,15.4,0,12.6,1,4,0,
E10614,2025Q4,S8,M31,Case Manager,2,Full-time,2025-02-01,0.7,40-49,25.75,10.6,33,40.9,0,,0,
E10184,2025Q4,S8,M29,Admin,1,Part-time,2023-11-02,1.9,30-39,22.75,26.5,0,0.0,1,4,0,
E10645,2025Q4,S8,M30,Driver,1,Part-time,2025-04-20,0.4,50+,19.75,4.0,0,19.0,0,,0,
E10646,2025Q4,S8,M29,Nurse,3,Full-time,2025-04-17,0.5,Under 30,42.25,14.5,24,44.7,0,3,0,
E10647,2025Q4,S8,M30,Nurse,2,Part-time,2025-05-29,0.3,40-49,42.25,23.7,10,0.0,1,4,0,
E10648,2025Q4,S8,M29,Case Manager,2,Full-time,2025-06-12,0.3,50+,24.25,29.6,22,15.8,0,3,0,
E10446,2025Q4,S8,M30,Home Health Aide,1,Part-time,2024-05-24,1.4,30-39,19.0,3.3,15,25.1,0,2,0,
E10687,2025Q4,S8,M30,Driver,1,Full-time,2025-07-21,0.2,40-49,20.0,19.7,0,27.7,0,,0,
E10688,2025Q4,S8,M31,Nurse,3,Full-time,2025-07-09,0.2,Under 30,50.0,8.1,28,56.3,0,4,1,Workload or schedule
E10032,2025Q4,S8,M30,Home Health Aide,2,Full-time,2016-12-21,8.8,Under 30,21.0,12.9,18,55.7,0,,0,
E10724,2025Q4,S8,M31,Nurse,3,Part-time,2025-10-30,0.0,30-39,47.0,24.9,14,18.6,0,4,0,
E10725,2025Q4,S8,M30,Nurse,2,Full-time,2025-12-08,0.0,Under 30,44.0,38.5,13,26.4,1,5,0,
E10726,2025Q4,S8,M30,Home Health Aide,1,Full-time,2025-11-26,0.0,50+,19.0,30.2,25,50.2,1,,1,
E10727,2025Q4,S8,M30,Case Manager,2,Full-time,2025-10-19,0.0,50+,28.0,7.6,27,36.9,1,4,1,Retirement
E10728,2025Q4,S8,M31,Admin,1,Full-time,2025-11-24,0.0,Under 30,23.75,42.2,0,48.2,0,,0,
